0,0,0,0,0,0,0,0,0,0,0,0,0,0,0,0,0,0,0,0,0,0,0,0,0,0,0,0,0,0,0,0,0,0,0,0,0,0,0,0,0,0,0,0,0,0,0,0,0,0,0,0,0,0,0,0,0,0,0,0,0,0,0,0,0,0,0,0,0,0,0,0,0,0,0,0,0,0,0,0,0,0,0,0,0,0,0,0,0,0,0,0,0,0,0,0,0,0,0,0,0,-2.69802,20.8506,-6.71638,-10.6753,5.17954,20.8753,-2.30269,0.901824,36.3618,23.2537,37.0451,76.1367,53.3793,48.7791,106.432,95.6811,124.271,98.1366,121.916,119.837,132.141,147.235,176.536,138.178,190.287,173.25,215.341,229.005,198.99,166.275,233.066,254.03,243.964,255.581,255.145,256.948,272.28,265.34,282.391,291.999,284.893,311.916,295.975,302.468,298.069,285.43,322.106,313.358,318.675,305.11,332.883,338.863,345.614,345.133,355.787,352.935,354.347,347.045,355.589,361.664,362.42,370.051,373.603,367.431,372.586,378.388,380.797,395.029,393.924,390.309,399.925,389.505,396.475,403.983,402.066,390.924,402.407,408.218,403.631,412.981,411.795,412.997,415.266,414.459,420.578,419.601,414.376,421.747,428.092,429.25,419.967,429.715,433.398,428.52,436.873,428.008,434.376,445.574,444.016,446.235,444.945,446.768,449.331,449.653,449.301,450.71,452.328,455.583,453.284,451.314,453.581,455.128,455.563,459.295,462.903,462.082,460.566,460.282,461.815,462.413,467.759,467.212,465.754,468.408,470.21,469.63,472.431,475.091,472.326,474.523,472.414,476.963,476.434,478.676,478.405,482.449,482.336,480.373,479.486,482.839,482.284,485.152,481.323,486.288,486.393,485.333,486.397,488.676,486.004,489.107,490.072,492.481,490.566,492.304,491.634,494.133,493.773,495.459,496.954,492.59,497.524,499.079,494.834,500.037,499.602,501.97,500.803,499.875,500.033,501.797,502.052,503.844,500.692,502.497,500.785,504.249,503.678,502.447,504.019,505.088,505.309,506.441,505.72,507.276,504.786,507.19,507.296,508.385,507.047,507.843,504.994,498.935,482.085,308.517,67.4243,122.801,50.7685,0,0,513.517,
0,0,0,0,0,0,0,0,0,0,0,0,0,0,0,0,0,0,0,0,0,0,0,0,0,0,0,0,0,0,0,0,0,0,0,0,0,0,0,0,0,0,0,0,0,0,0,0,0,0,0,0,0,0,0,0,0,0,0,0,0,0,0,0,0,0,0,0,0,0,0,0,0,0,0,0,0,0,0,0,0,0,0,0,0,0,0,0,0,0,0,0,0,0,0,0,0,0,0,0,2.68829,9.29096,10.1223,1.41578,-8.68698,28.2785,51.5079,-1.04052,30.9912,34.8673,44.0613,52.4616,94.0897,79.0076,75.972,85.4564,85.9059,94.9878,105.165,142.476,148.838,149.972,172.436,164.749,160.343,207.977,213.35,207.966,227.077,229.119,236.041,225.573,241.178,251.87,284.716,248.665,239.818,281.31,303.588,301.608,276.635,300.78,301.222,288.602,318.362,324.043,325.75,331.343,329.489,310.511,327.275,340.963,353.248,356.699,345.063,348.41,357.141,351.625,363.702,366.829,372.899,365.513,376.616,381.596,383.268,387.257,383.354,392.492,386.015,395.099,396.575,400.207,399.988,401.313,402.247,404.447,403.956,398.735,411.345,413.98,411.444,403.693,414.261,414.607,423.611,419.527,426.76,423.106,428.221,423.692,428.042,434.383,435.885,437.108,434.306,437.895,442.112,439.865,439.682,441.226,444.25,442.745,445.291,447.425,447.547,452.809,451.689,450.824,455.557,455.709,457.495,460.831,458.777,457.22,461.397,463.535,462.887,465.254,466.168,461.869,468.043,466.614,468.296,470.121,470.245,471.241,475.005,471.213,476.239,478.737,478.578,479.102,477.118,476.983,481.697,481.434,480.534,479.53,482.571,484.4,484.31,486.235,480.904,485.372,484.367,487.937,487.481,486.544,489.379,488.544,491.358,494.913,490.721,492.266,493.246,490.223,494.607,493.739,494.206,494.116,495.028,497.662,498.462,500.466,498.354,503.249,497.44,497.987,500.358,502.901,499.795,499.751,504.031,501.542,501.788,502.459,503.053,505.82,507.304,508.073,504.054,507.391,508.641,505.867,506.566,508.64,510.807,507.407,507.592,509.116,509.951,507.617,506.797,511.145,533.131,464.376,261.727,50.6111,0,0,511.522,
0,0,0,0,0,0,0,0,0,0,0,0,0,0,0,0,0,0,0,0,0,0,0,0,0,0,0,0,0,0,0,0,0,0,0,0,0,0,0,0,0,0,0,0,0,0,0,0,0,0,0,0,0,0,0,0,0,0,0,0,0,0,0,0,0,0,0,0,0,0,0,0,0,0,0,0,0,0,0,0,0,0,0,0,0,0,0,0,0,0,0,0,0,0,0,0,0,0,0,0,3.09042,-0.396346,32.9567,11.787,-1.61076,7.16501,63.8953,41.8519,49.1499,95.8957,58.2089,48.2484,136.369,152.197,82.323,120.122,91.0939,112.484,77.6772,142.147,209.265,204.734,195.201,143.121,193.395,216.216,171.684,196.989,206.588,246.656,243.134,250.573,163.472,225.447,283.507,247.125,302.608,299.984,284.587,268.058,313.496,297.533,292.068,322.535,324.912,318.776,329.541,338.617,340.545,345.233,358.454,348.477,360.499,349.983,363.359,357.983,356.902,363.897,366.289,366.244,381.099,381.92,376.124,380.927,385.622,386.773,385.288,390.563,384.287,391.322,395.877,399.339,398.717,392.139,406.614,404.44,402.405,405.455,412.276,416.975,417.493,413.123,423.15,412.966,423.933,424.748,418.416,419.059,432.197,427.87,429.332,435.905,429.064,435.406,433.891,440.943,437.811,441.034,444.764,440.936,442.283,447.554,446.552,448.74,446.952,451.441,452.948,452.365,454.48,456.747,458.049,457.902,461.626,457.791,459.158,461.143,462.755,466.161,464.577,468.411,469.934,467.369,468.216,470.154,470.877,470.162,469.228,474.732,473.171,475.357,474.531,479.481,478.418,479.45,477.748,483.64,481.189,481.864,483.499,481.598,482.106,486.578,486.652,487.307,488.482,486.362,489.068,487.103,490.617,492.265,487.112,490.087,491.908,494.526,495.44,493.641,495.83,490.8,494.987,494.482,495.584,499.159,499.147,495.782,499.346,501.092,498.316,500.908,502.41,501.904,501.536,500.361,503.868,505.931,502.108,501.477,501.633,503.239,502.776,505.56,506.117,506.253,505,508.1,508.538,507.816,508.346,506.859,509.67,509.455,509.581,511.347,508.759,507.645,537.625,401.165,403.724,208.322,0,0,509.991,
0,0,0,0,0,0,0,0,0,0,0,0,0,0,0,0,0,0,0,0,0,0,0,0,0,0,0,0,0,0,0,0,0,0,0,0,0,0,0,0,0,0,0,0,0,0,0,0,0,0,0,0,0,0,0,0,0,0,0,0,0,0,0,0,0,0,0,0,0,0,0,0,0,0,0,0,0,0,0,0,0,0,0,0,0,0,0,0,0,0,0,0,0,0,0,0,0,0,0,0,25.4836,-1.71111,37.561,20.6113,36.4034,31.6899,68.3033,2.39164,105.759,71.8142,78.5132,80.3952,112.133,177.662,139.039,109.471,109.748,155.968,165.035,163.452,184.061,195.495,189.677,210.566,210.445,226.417,238.197,244.71,250.375,246.143,266.603,266.473,282.146,271.187,292.368,296.881,287.253,290.63,280.964,304.748,312.572,322.497,316.924,285.081,319.983,339.724,332.231,333.592,334.582,346.502,343.836,329.867,352.109,355.014,359.13,349.837,350.494,371.676,365.776,368.338,374.578,373.211,379.999,381.029,386.968,381.062,381.377,386.439,390.75,393.95,401.437,398.628,398.496,405.239,406.856,405.128,405.22,414.605,413.505,414.567,413.856,418.725,423.516,420.081,418.811,424.862,423.843,429.434,429.093,434.932,429.519,430.973,433.17,440.632,438.383,444.792,442.554,439.229,438.48,443.301,440.917,447.781,453.318,452.067,447.95,450.519,453.947,449.212,453.692,457.133,460.02,458.005,459.189,461.411,462.489,461.657,467.635,466.384,465.236,464.776,467.026,465.287,470.494,470.757,470.785,474.339,468.535,472.803,475.026,476.613,480.401,479.289,481.384,479.696,479.374,483.499,482.074,481.662,481.451,483.701,482.597,485.543,485.32,484.077,485.085,488.797,488.982,489.172,490.071,492.315,489.045,487.888,491.622,489.059,490.537,492.839,492.892,493.818,496.47,495.832,493.322,498.38,499.534,498.982,497.499,501.654,500.035,498.989,499.503,498.287,499.68,502.763,502.101,504.148,506.099,505.135,507.728,503.035,505.585,504.714,506.609,506.208,506.541,507.198,506.645,506.897,507.771,510.105,506.773,509.017,508.953,509.261,509.387,510.378,533.488,495.666,493.562,236.654,0,0,510.402,
0,0,0,0,0,0,0,0,0,0,0,0,0,0,0,0,0,0,0,0,0,0,0,0,0,0,0,0,0,0,0,0,0,0,0,0,0,0,0,0,0,0,0,0,0,0,0,0,0,0,0,0,0,0,0,0,0,0,0,0,0,0,0,0,0,0,0,0,0,0,0,0,0,0,0,0,0,0,0,0,0,0,0,0,0,0,0,0,0,0,0,0,0,0,0,0,0,0,0,0,7.54871,3.26834,50.9446,23.4119,20.1788,43.2541,73.3146,56.0573,84.9618,49.5222,79.3093,73.5224,130.747,145.583,115.774,137.858,149.371,146.354,150.752,219.418,178.172,223.634,213.351,210.413,243.711,255.461,226.727,244.853,268.881,260.858,266.507,275.351,290.507,258.015,290.963,271.102,298.093,296.188,312.562,315.439,312.795,328.324,330.906,327.45,324.806,334.552,341.15,336.054,352.736,349.044,351.096,354.93,354.767,364.308,358.186,358.869,367.233,363.967,372.541,367.545,375.659,377.814,380.377,377.406,382.188,391.078,391.478,394.896,396.494,396.22,398.376,402.968,404.076,402.274,404.77,405.781,410.381,410.814,414.049,412.571,417.979,422.613,419.902,418.608,424.27,424.218,423.326,428.21,427.591,427.901,430.651,428.393,434.631,439.409,433.487,441.846,436.178,440.217,443.539,445.155,440.158,447.882,450.537,452.654,452.634,450.965,453.944,452.094,453.202,457.383,458.491,459.107,458.438,463.11,462.617,463.076,465.854,468.359,467.939,467.924,470.814,471.529,472.098,470.615,472.297,471.154,473.688,474.565,476.489,478.644,476.687,473.053,480.064,479.535,482.861,483.77,482.765,483.376,485.146,482.771,485.25,487.105,487.02,486.836,488.308,487.977,490.643,489.332,491.937,491.535,490.875,491.41,492.968,495.621,494.363,494.733,493.988,493.964,498.976,494.882,494.624,495.181,500.65,496.711,498.316,497.324,498.782,500.973,501.79,500.429,502.378,503.069,503.913,501.653,502.786,503.328,507.37,507.643,504.071,504.732,503.983,506.698,504.306,509.092,507.802,508.479,508.481,501,508.518,510.296,508.792,510.551,508.582,522.233,511.983,509.294,478.321,348.441,0,0,512.451,
0,0,0,0,0,0,0,0,0,0,0,0,0,0,0,0,0,0,0,0,0,0,0,0,0,0,0,0,0,0,0,0,0,0,0,0,0,0,0,0,0,0,0,0,0,0,0,0,0,0,0,0,0,0,0,0,0,0,0,0,0,0,0,0,0,0,0,0,0,0,0,0,0,0,0,0,0,0,0,0,0,0,0,0,0,0,0,0,0,0,0,0,0,0,0,0,0,0,0,0,20.7678,4.69591,42.1911,34.0161,41.9107,50.3703,78.9786,51.8928,97.8974,99.1749,92.09,124.724,149.055,177.901,160.74,169.097,157.722,146.432,188.879,231.844,213.421,228.182,229.234,215.072,230.711,228.534,257.247,258.096,246.544,263.95,280.773,286.005,286.063,271.994,292.448,287.55,295.595,312.87,312.9,318.33,316.568,321.256,318.394,322.689,336.744,333.168,343.8,342.752,347.066,350.132,350.815,357.428,357.137,358.515,360.397,371.106,360.548,375.336,369.342,371.984,378.372,381.676,382.93,377.67,389.9,392.028,390.31,391.061,394.344,396.043,396.457,403.563,402.728,404.107,404.618,408.303,408.024,411.591,414.004,413.189,415.618,421.551,422.333,416.743,427.176,423.3,430.203,430.199,429.948,429.955,431.471,437.785,434.071,440.913,437.165,441.607,443.901,446.185,441.505,442.185,449.07,447.695,449.68,448.796,451.563,451.259,453.392,452.47,456.028,461.281,457.786,458.542,457.975,464.469,463.87,460.743,464.099,464.811,464.356,466.672,468.278,467.996,472.496,470.816,472.386,472.479,473.783,474.694,475.416,474.447,476.25,479.083,479.781,480.407,481.449,484.17,483.847,483.033,483.607,482.172,485.071,484.756,486.808,487.304,488.054,490.258,489.654,489.253,490.057,495.269,491.388,488.531,493.433,494.091,493.519,494.374,492.673,495.836,497.988,496.884,497.625,495.783,498.327,495.496,500.412,500.979,503.567,500.605,500.06,499.449,500.527,502.615,504.31,503.151,501.431,503.389,503.911,505.003,505.413,505.924,505.295,505,508.571,507.332,508.298,508.627,507.464,510.649,508.818,510.565,509.151,510.934,510.74,508.315,510.082,505.927,482.909,390.947,0,0,511.431,
0,0,0,0,0,0,0,0,0,0,0,0,0,0,0,0,0,0,0,0,0,0,0,0,0,0,0,0,0,0,0,0,0,0,0,0,0,0,0,0,0,0,0,0,0,0,0,0,0,0,0,0,0,0,0,0,0,0,0,0,0,0,0,0,0,0,0,0,0,0,0,0,0,0,0,0,0,0,0,0,0,0,0,0,0,0,0,0,0,0,0,0,0,0,0,0,0,0,0,0,14.4341,5.66996,48.6398,38.7347,72.8616,73.0017,110.459,61.1247,87.9174,111.492,109.849,100.014,175.511,184.647,175.842,151.653,200.888,183.515,200.271,220.099,217.637,230.311,231.993,257.041,248.768,247.594,263.372,265.656,276.928,268.888,279.465,288.521,294.764,265.976,304.335,306.846,293.97,310.597,321.816,320.891,318.433,319.974,335.156,325.07,332.889,341.136,338.943,332.652,345.983,341.307,351.562,353.014,357.381,365.39,363.925,358.91,368.051,368.11,370.526,376.234,371.904,380.682,385.638,383.215,386.826,392.82,395.114,396.964,390.465,397.849,401.404,403.877,401.725,407.424,407.793,402.616,410.984,410.526,413.532,416.586,417.522,419.867,425.848,423.369,426.861,430.364,429.747,430.247,432.379,430.124,435.303,435.516,441.898,436.354,436.864,440.731,447.711,440.899,450.26,446.238,446.791,450.224,450.52,453.173,452.942,456.059,458.672,452.025,456.493,457.507,458.166,457.59,460.543,460.008,463.128,463.499,460.888,467.818,465.464,471.53,472.874,472.183,469.59,470.457,472.041,472.513,475.552,472.883,475.891,476.129,477.564,480.406,481.313,480.019,479.458,485.43,484.441,485.06,484.012,486.936,485.094,485.518,484.404,490.077,488.991,486.946,492.917,490.316,490.692,488.376,492.244,493.38,495.303,491.839,488.992,493.546,492.706,493.95,497.619,496.904,498.38,495.791,498.837,498.832,501.261,498.795,498.804,498.933,499.932,502.999,498.854,502.333,502.192,504.985,504.823,505.301,504.063,503.206,506.448,505.768,502.22,506.538,505.424,505.931,509.676,507.881,507.804,507.719,506.809,510.438,510.026,508.056,509.477,510.191,505.906,505.295,502.135,348.959,0,0,511.591,
0,0,0,0,0,0,0,0,0,0,0,0,0,0,0,0,0,0,0,0,0,0,0,0,0,0,0,0,0,0,0,0,0,0,0,0,0,0,0,0,0,0,0,0,0,0,0,0,0,0,0,0,0,0,0,0,0,0,0,0,0,0,0,0,0,0,0,0,0,0,0,0,0,0,0,0,0,0,0,0,0,0,0,0,0,0,0,0,0,0,0,0,0,0,0,0,0,0,0,0,34.8671,33.1961,58.2012,42.2565,63.8504,81.6196,107.705,70.2628,99.8281,119.738,118.723,128.063,171.495,193.696,191.162,189.914,210.688,170.981,230.606,229.615,230.609,224.569,253.89,222.024,251.818,249.737,269.318,271.807,281.675,275.518,286.183,295.983,299.343,308.924,307.731,308.071,311.864,320.474,322.237,325.169,326.845,336.495,333.238,330.442,334.819,344.545,347.29,334.075,352.52,352.534,342.783,361.512,364.754,359.062,373.478,366.9,373.915,371.643,368.798,370.78,373.148,386.601,387.745,390.506,392.131,394.079,395.526,392.521,397.091,400.968,402.718,400.284,408.737,410.23,408.556,416.862,411.165,415.893,419.048,417.692,418.557,422.554,421.128,416.415,429.412,424.408,432.504,429.265,436.396,436.2,434.412,439.406,436.895,440.786,437.185,445.735,445.189,444.176,446.68,450.085,447.664,448.864,451.594,450.68,454.096,450.921,455.644,452.995,455.421,458.005,459.826,459.262,456.406,461.781,460.968,462.244,465.515,466.933,468.471,468.732,465.765,472.9,470.602,468.506,472.184,471.974,475.427,474.754,478.373,479.362,474.908,479.65,476.905,480.184,479.589,481.762,485.803,482.89,482.036,484.013,486.872,486.95,488.449,488.928,485.838,489.72,488.479,490.849,488.451,490.971,494.008,493.273,493.727,494.414,492.54,492.596,493.793,494.913,499.081,496.609,496.217,496.075,499.156,497.171,500.296,497.056,500.237,500.851,500.776,499.957,502.504,503.165,502.285,506.179,498.254,504.937,504.549,506.179,500.151,504.913,508.327,504.55,506.485,507.059,505.639,509.497,506.213,508.615,508.682,508.337,507.415,508.914,509.848,509.906,507.772,506.37,487.259,309.047,0,0,512.489,
0,0,0,0,0,0,0,0,0,0,0,0,0,0,0,0,0,0,0,0,0,0,0,0,0,0,0,0,0,0,0,0,0,0,0,0,0,0,0,0,0,0,0,0,0,0,0,0,0,0,0,0,0,0,0,0,0,0,0,0,0,0,0,0,0,0,0,0,0,0,0,0,0,0,0,0,0,0,0,0,0,0,0,0,0,0,0,0,0,0,0,0,0,0,0,0,0,0,0,0,14.4022,14.7922,46.3667,48.1604,69.5854,88.6169,96.6109,80.1732,84.1897,93.3272,126.906,129.032,174.22,200.979,204.134,195.112,215.651,198.725,238.173,228.395,232.731,243.681,236.019,239.98,256.666,265.746,263.47,280.015,272.896,277.525,279.63,286.01,306.497,306.457,298.969,315.692,301.622,315.231,309.453,323.311,326.125,329.945,339.552,330.617,338.269,341.785,339.578,342.684,351.121,351.592,342.099,362.742,364.798,368.629,374.718,368.841,370.335,381,372.894,372.856,380.55,382.94,385.512,377.809,392.346,390.566,395.445,391.739,397.617,402.194,407.118,401.376,401.92,407.915,413.381,413.033,415.184,416.463,420.372,420.748,420.725,421.122,424.714,422.401,421.979,427.708,431.579,428.77,434.889,436.802,436.173,433.262,436.393,447.899,441.958,445.823,437.88,447.532,449.44,448.991,452.325,450.865,451.187,454.932,450.447,457.634,457.598,458.966,459.437,458.788,461.26,459.452,462.371,463.695,463.927,465.981,463.628,469.031,465.962,467.51,471.985,468.924,470.232,473.328,470.697,472.875,475.779,475.702,475.81,476.946,478.614,479.564,479.494,481.137,483.359,483.162,484.261,482.222,486.268,483.121,487.268,484.221,487.831,485.438,487.251,488.032,487.985,487.067,494.579,493.566,491.925,492.508,491.519,491.697,495.915,495.117,496.603,496.28,498.333,499.748,497.589,498.787,499.497,499.52,498.785,502.738,497.356,499.788,502.732,499.539,502.834,504.74,502.715,499.415,502.805,501.242,503.958,506.803,503.56,508.006,504.843,508.062,506.665,506.984,509.226,507.149,508.831,507.928,510.28,508.572,508.68,509.622,510.909,510.354,510.083,497.233,477.994,136.92,0,0,511.829,
0,0,0,0,0,0,0,0,0,0,0,0,0,0,0,0,0,0,0,0,0,0,0,0,0,0,0,0,0,0,0,0,0,0,0,0,0,0,0,0,0,0,0,0,0,0,0,0,0,0,0,0,0,0,0,0,0,0,0,0,0,0,0,0,0,0,0,0,0,0,0,0,0,0,0,0,0,0,0,0,0,0,0,0,0,0,0,0,0,0,0,0,0,0,0,0,0,0,0,0,50.7953,28.1211,66.5435,57.3666,65.4586,95.9544,126.268,117.892,122.171,126.453,129.631,161.174,181.13,205.811,201.611,179.504,223.192,201.509,232.047,230.305,225.375,246.89,258.533,234.932,263.153,269.036,269.897,271.703,281.192,285.084,283.007,293.505,299.448,299.188,314.137,315.789,302.689,324.154,320.119,324.813,336.584,339.958,332.116,336.878,338.658,337.286,345.273,344.098,358.685,361.151,359.012,366.552,367.841,369.781,367.096,374.612,370.385,377.732,375.788,377.306,380.942,386.369,387.225,389.2,387.172,394.194,391.603,397.66,398.301,402.071,403.847,410.49,408.839,412.431,414.402,417.261,411.749,421.571,421.91,422.434,426.388,426.37,424.34,427.444,431.889,427.698,432.066,433.784,435.377,428.828,441.76,437.783,439.241,440.071,444.536,443.253,443.662,447.401,451.861,447.523,452.54,446.865,450.992,451.061,452.775,457.068,456.603,456.833,459.816,454.291,460.561,460.239,460.994,464.643,465.778,466.925,464.167,469.623,467.179,470.388,472.621,471.009,471.388,476.674,473.668,473.627,476.29,474.581,480.44,477.998,482.329,478.556,480.448,480.177,479.467,479.277,484.75,484.144,485.281,486.119,484.191,486.7,484.183,489.464,488.703,491.346,491.595,491.193,488.832,494.357,495.221,491.97,494.943,495.286,495.534,492.749,494.938,495.16,495.899,495.675,498.794,500.736,492.467,500.164,499.94,504.531,499.935,503.512,502.977,503.005,503.394,500.161,504.009,502.581,500.81,504.763,502.481,505.422,503.859,506.717,502.724,505.128,506.47,506.374,508.378,506.135,505.829,516.762,510.328,509.247,508.975,509.295,509.616,507.187,509.244,444.816,402.559,138.48,0,0,510.254,
0,0,0,0,0,0,0,0,0,0,0,0,0,0,0,0,0,0,0,0,0,0,0,0,0,0,0,0,0,0,0,0,0,0,0,0,0,0,0,0,0,0,0,0,0,0,0,0,0,0,0,0,0,0,0,0,0,0,0,0,0,0,0,0,0,0,0,0,0,0,0,0,0,0,0,0,0,0,0,0,0,0,0,0,0,0,0,0,0,0,0,0,0,0,0,0,0,0,0,0,37.2041,52.3672,64.6274,69.1678,79.481,99.6871,125.794,117.466,115.386,143.952,136.976,144.953,195.351,199.699,212.187,181.9,224.974,197.913,241.296,237.048,242.984,251.596,263.221,249.639,267.802,283.853,273.127,276.924,286.83,290.687,291.709,295.796,313.824,310.422,311.799,318.99,320.514,319.037,325.515,331.36,331.278,333.545,344.373,335.605,347.651,350.473,352.672,348.032,361.856,359.348,368.645,369.512,364.529,371.352,371.895,373.258,377.682,373.994,378.452,386.038,383.045,387.385,392.023,395.336,396.513,400.103,403.202,398.691,402.329,404.737,403.977,409.235,410.115,411.446,410.831,417.776,413.318,417.43,419.874,420.677,421.745,421.492,412.733,424.885,429.435,428.761,429.338,435.421,436.87,436.671,433.867,435.649,442.262,439.181,439.343,448.097,446.954,445.777,446.201,452.109,444.157,454.385,452.926,451.812,456.978,452.14,457.297,451.783,458.853,455.74,459.102,460.769,459.463,462.917,467.275,463.932,466.396,471.497,468.373,472.718,472.869,470.571,470.975,475.12,475.724,476.208,476.37,477.891,481.228,480.136,480.824,481.821,478.559,483.095,480.27,484.4,483.489,481.69,485.202,485.635,486.765,488.186,488.896,489.172,490.544,490.783,489.617,489.578,492.242,490.855,491.222,493.69,494.822,495.325,494.548,493.456,498.164,496.047,495.164,495.4,499.791,498.292,498.352,501.724,502.02,500.855,501.806,501.065,505.366,500.538,499.67,504.092,503.133,503.95,504.609,503.596,500.892,505.169,502.82,507.282,505.413,505.504,504.995,509.61,507.283,507.458,507.589,508.05,510.019,508.393,507.834,511.474,510.274,506.965,507.269,362.989,173.762,0,0,0,515.035,
0,0,0,0,0,0,0,0,0,0,0,0,0,0,0,0,0,0,0,0,0,0,0,0,0,0,0,0,0,0,0,0,0,0,0,0,0,0,0,0,0,0,0,0,0,0,0,0,0,0,0,0,0,0,0,0,0,0,0,0,0,0,0,0,0,0,0,0,0,0,0,0,0,0,0,0,0,0,0,0,0,0,0,0,0,0,0,0,0,0,0,0,0,0,0,0,0,0,0,0,49.9468,35.1978,87.4647,68.8055,76.7003,110.544,133.632,124.289,126.34,142.073,150.203,154.884,192.46,216.93,225.979,195.619,216.947,224.214,242.128,246.02,255.153,244.05,255.001,253.845,273.767,248.437,281.86,281.453,297.588,302.49,303.358,301.104,301.474,310.162,305.534,317.489,324.118,311.46,329.313,330.835,334.28,340.404,341.914,341.009,344.575,336.996,360.796,350.447,355.407,360.81,361.54,368.564,368.011,368.103,373.368,375.485,374.91,380.988,378.635,380.494,376.811,391.799,396.052,386.028,397.069,397.674,400.241,398.52,400.73,402.721,408.524,404.652,412.557,413.846,418.237,413.309,418.68,413.323,418.139,419.782,426.11,427.299,430.051,431.485,429.129,424.034,431.004,431.427,437.128,437.223,440.554,439.621,441.595,446.543,444.5,445.603,443.485,447.368,451.416,453.154,444.491,453.319,454.809,454.508,457.171,454.18,458.959,461.717,454.095,463.05,465.237,462.314,462.996,466.385,465.305,468.042,469.39,467.859,473.815,473.474,474.328,471.504,471.335,473.645,472.647,477.935,477.692,478.611,477.637,480.611,479.503,479.804,475.65,481.41,482.476,485.125,484.759,484.131,485.683,484.213,484.996,485.497,486.947,487.439,490.969,490.647,487.789,488.302,493.955,489.075,494.614,492.73,494.225,492.164,497.665,494.416,497.627,497.219,495.332,496.992,500.299,499.349,498.896,500.499,497.676,502.272,499.942,498.63,501.117,502.051,500.733,502.384,501.406,504.662,506.189,505.914,506.22,505.51,505.102,507.651,502.464,505.591,506.674,509.586,509.371,507.953,507.706,508.944,510.313,506.181,509.561,508.567,510.34,509.49,507.209,266.734,0,50.4497,0,0,512.547,
0,0,0,0,0,0,0,0,0,0,0,0,0,0,0,0,0,0,0,0,0,0,0,0,0,0,0,0,0,0,0,0,0,0,0,0,0,0,0,0,0,0,0,0,0,0,0,0,0,0,0,0,0,0,0,0,0,0,0,0,0,0,0,0,0,0,0,0,0,0,0,0,0,0,0,0,0,0,0,0,0,0,0,0,0,0,0,0,0,0,0,0,0,0,0,0,0,0,0,0,76.5604,54.5349,89.4151,92.3189,75.3823,144.077,160.305,137.197,147.16,161.146,149.584,181.94,209.321,220.99,213.544,204.203,237.539,238.136,243.881,251.904,238.636,251.898,270.762,271.273,270.633,267.473,291.656,274.156,292.463,296.815,301.775,290.548,310.014,310.879,315.044,315.249,302.95,331.563,327.985,332.736,336.299,343.719,336.857,349.013,337.11,356.835,357.528,351.667,354.404,348.688,364.592,373.783,375.753,376.229,366.734,377.368,381.273,384.925,381.492,391.161,392.968,390.202,397.759,393.186,397.069,398.001,403.581,402.718,402.663,408.953,410.443,408.277,407.993,413.022,413.31,419.299,414.542,419.675,423.257,425.689,425.597,422.823,429.588,429.011,432.185,431.96,435.249,434.199,440.772,436.13,438.998,436.139,438.724,444.093,441.187,450.727,444.944,448.599,448.619,456.197,448.584,452.26,455.021,448.305,457.855,459.582,457.496,459.399,461.817,462.569,464.254,462.676,464.044,463.716,468.13,467.434,469.808,469.125,470.551,469.989,473.887,475.764,474.569,473.463,477.892,478.546,480.072,478.235,480.609,477.879,479.814,478.506,485.181,484.096,482.178,487.084,488.899,488.012,489.738,486.62,484.299,485.945,487.825,492.172,489.689,494.242,491.976,492.089,490.652,494.153,492.135,491.242,493.859,496.283,503.552,495.684,497.398,495.761,498.803,497.943,495.278,498.4,494.543,499.011,502.15,501.467,500.646,499.947,503.801,503.931,502.021,505.351,504.921,506.324,501.978,506.524,504.245,502.251,502.908,506.197,500.68,507.907,506.17,508.409,508.004,506.336,511.172,510.718,509.453,510.088,509.325,510.653,509.783,507.073,503.299,97.0511,138.086,50.4075,0,0,511.097,
0,0,0,0,0,0,0,0,0,0,0,0,0,0,0,0,0,0,0,0,0,0,0,0,0,0,0,0,0,0,0,0,0,0,0,0,0,0,0,0,0,0,0,0,0,0,0,0,0,0,0,0,0,0,0,0,0,0,0,0,0,0,0,0,0,0,0,0,0,0,0,0,0,0,0,0,0,0,0,0,0,0,0,0,0,0,0,0,0,0,0,0,0,0,0,0,0,0,0,0,78.6652,84.3142,66.1808,74.4902,74.9028,141.904,153.152,142.172,147.303,162.735,158.667,177.93,190.767,231.782,228.793,225.638,246.682,206.536,247.637,252.694,242.698,244.958,260.317,263.024,278.244,280.944,286.207,297.145,294.236,301.437,290.063,296.503,321.005,312.276,318.845,323.66,335.522,322.989,331.439,335.357,340.953,340.333,356.032,335.024,343.728,353.594,353.011,358.576,361.735,365.804,371.791,364.22,369.489,370.898,381.943,382.666,378.916,385.796,381.804,383.181,393.809,393.181,397.602,392.775,396.022,403.384,404.652,400.394,403.177,408.167,408.008,407.831,414.508,419.048,423.024,415.168,422.065,421.867,427.908,423.957,426.451,419.483,432.301,431.053,434.295,432.489,437.033,437.864,438.601,437.147,445.248,442.225,444.428,439.779,443.425,450.088,444.715,449.587,448.838,451.297,448.653,456.388,455.299,459.123,459.429,452.973,459.129,458.552,462.642,458.857,464.271,465.518,464.801,469.265,470.25,469.625,463.641,471.897,472.14,474.33,472.062,476.182,478.286,474.331,474.731,477.627,477.328,476.504,479.873,481.929,479.394,482.879,483.063,483.582,483.6,484.615,488.028,485.798,488.032,486.985,483.856,490.701,489.581,488.967,491.502,492.167,490.982,495.054,491.438,492.215,493.072,491.358,498.892,493.478,496.467,494.535,497.36,500.961,498.581,498.948,493.02,498.511,500.652,500.992,499.783,502.559,499.287,503.915,501.812,502.317,502.727,505.225,502.424,503.415,503.015,507.25,502.488,504.692,507.312,505.98,506.8,506.888,510.135,508.794,507.657,509.794,509.96,508.316,506.942,510.376,512.169,509.543,509.978,508.943,495.296,175.429,0,0,0,0,512.823,
0,0,0,0,0,0,0,0,0,0,0,0,0,0,0,0,0,0,0,0,0,0,0,0,0,0,0,0,0,0,0,0,0,0,0,0,0,0,0,0,0,0,0,0,0,0,0,0,0,0,0,0,0,0,0,0,0,0,0,0,0,0,0,0,0,0,0,0,0,0,0,0,0,0,0,0,0,0,0,0,0,0,0,0,0,0,0,0,0,0,0,0,0,0,0,0,0,0,0,0,86.5285,92.5781,107.159,81.6936,118.737,142.484,176.061,174.197,166.053,176.446,198.267,203.704,193.687,226.889,229.271,221.237,250.242,246.237,246.48,251.725,267.208,266.241,269.789,277.7,282.502,279.162,283.342,300.436,295.813,311.072,305.241,312.871,310.876,317.632,323.229,326.162,334.83,322.983,337.825,340.849,342.437,338.459,352.454,368.494,352.391,359.907,362.818,350.762,368.264,366.829,363.196,370.512,375.147,376.016,382.482,378.25,385.482,386.574,388.355,388.533,382.615,401.706,395.371,396.742,399.644,409.106,405.935,401.281,405.581,410.766,416.729,411.319,413.334,419.427,419.849,422.237,419.612,419.63,424.76,421.292,427.358,425.763,431.104,430.11,436.307,435.093,434.683,441.017,440.012,439.148,443.548,445.834,447.262,450.237,445.16,449.635,448.231,451.446,453.539,447.657,447.699,455.558,458.184,455.893,457.563,454.751,460.618,455.159,460.368,464.337,467.353,461.196,464.697,463.11,468.174,472.489,471.706,469.683,468.361,475.987,478.899,473.366,474.294,478.54,476.415,475.364,478.862,478.724,481.329,479.559,479.541,482.055,482.171,480.528,482.073,487.869,489.707,485.724,486.422,489.317,487.163,488.631,486.39,489.272,491.438,489.379,494.059,492.165,492.933,497.287,495.299,495.572,494.749,497.72,495.653,493.75,494.03,497.773,499.146,499.185,501.83,498.133,502.28,498.9,502.376,502.42,501.658,501.893,503.195,503.4,505.192,502.58,504.233,503.606,505.288,504.216,505.319,505.064,507.318,507.046,506.162,507.269,507.558,508.611,508.959,509.271,508.194,510.723,508.913,509.124,509.959,509.342,510.251,510.419,483.013,0,49.8175,0,0,0,514.383,
0,0,0,0,0,0,0,0,0,0,0,0,0,0,0,0,0,0,0,0,0,0,0,0,0,0,0,0,0,0,0,0,0,0,0,0,0,0,0,0,0,0,0,0,0,0,0,0,0,0,0,0,0,0,0,0,0,0,0,0,0,0,0,0,0,0,0,0,0,0,0,0,0,0,0,0,0,0,0,0,0,0,0,0,0,0,0,0,0,0,0,0,0,0,0,0,0,0,0,0,114.456,92.4047,106.485,95.4655,95.7066,180.076,159.334,142.017,173.847,203.135,160.812,210.548,205.889,235.734,233.518,223.643,243.558,248.834,245.401,264.543,261.562,269.625,254.804,271.553,290.471,299.755,282.417,311.726,302.465,302.284,314.547,308.26,323.592,310.887,336.387,329.782,337.819,337.058,326.357,341.257,354.285,347.675,353.089,356.381,346.677,358.879,360.26,351.775,364.633,370.666,375.03,377.642,373.957,382.088,381.751,384.942,382.661,383.582,380.15,395.828,386.498,394.141,396.735,400.118,401.886,400.648,404.665,412.813,404.175,415.497,413.558,411.127,411.456,422.734,420.777,421.933,422.678,425.729,427.027,426.892,427.482,430.289,427.092,429.288,437.239,438.022,437.324,443.605,441.979,441.835,439.621,444.661,445.406,450.005,446.326,447.473,445.591,450.618,453.391,452.952,449.026,457.42,457.767,453.068,456.468,457.061,464.695,461.616,460.975,460.249,460.573,465.166,464.483,466.692,466.892,464.363,467.975,474.282,473.875,471.65,474.15,474.092,478.568,472.678,479.955,480.838,481.894,479.962,482.812,482.054,482.656,481.551,485.06,484.137,486.617,487.411,488.829,489.096,486.996,492.13,491.716,485.017,490.414,490.084,494.806,490.255,492.25,493.479,494.53,493.874,494.685,492.112,493.494,492.889,497.12,498.415,496.975,499.214,493.648,496.745,497.872,495.622,502.01,501.994,499.721,500.307,500.318,497.272,502.886,502.477,502.154,502.113,506.27,505.739,502.806,504.101,502.629,506.746,509.097,506.258,507.664,508.608,508.557,506.511,508.486,507.402,510.844,510.679,508.144,511.136,509.238,511.185,509.417,505.298,403.064,51.4464,0,0,0,0,513.014,
0,0,0,0,0,0,0,0,0,0,0,0,0,0,0,0,0,0,0,0,0,0,0,0,0,0,0,0,0,0,0,0,0,0,0,0,0,0,0,0,0,0,0,0,0,0,0,0,0,0,0,0,0,0,0,0,0,0,0,0,0,0,0,0,0,0,0,0,0,0,0,0,0,0,0,0,0,0,0,0,0,0,0,0,0,0,0,0,0,0,0,0,0,0,0,0,0,0,0,0,101.867,68.3489,113.224,133.046,119.584,87.2376,185.438,138.008,174.926,209.374,196.209,225.49,225.64,234.769,244.345,229.023,260.995,251.65,255.127,259.339,275.297,273.124,278.829,268.528,299.005,297.155,302.128,300.327,312.292,307.727,315.752,318.757,321.923,317.531,315.248,330.792,337.452,323.694,340.993,337.432,346.053,348.808,354.558,354.103,359.308,351.747,362.75,354.351,373.685,367.253,367.421,380.481,373.087,379.26,380.391,387.028,382.397,388.241,394.947,390.857,394.712,402.333,406.586,404.385,401.342,409.433,410.927,406.574,408.388,413.674,409.961,416.647,411.751,417.753,423.254,419.547,424.04,421.957,427.791,428.662,426.997,432.735,428.909,434.322,434.062,435.586,440.961,439.128,443.055,437.412,441.015,445.5,446.583,450.256,446.566,448.594,453.051,454.459,452.828,451.408,452.776,458,459.649,453.557,461.791,461.961,461.608,461.995,464.602,462.46,466.362,466.791,469.073,466.984,470.967,472.578,470.364,472.449,476.473,472.92,476.818,478.17,477.417,476.027,475.743,478.254,475.547,478.979,481.071,477.877,481.156,483.286,481.581,486.746,486.089,485.312,484.479,488.714,486.56,490.231,489.158,489.212,489.875,491.476,489.603,493.188,492.241,494.87,494.871,494.423,498.549,493.783,498.488,498.172,498.045,495.793,498.338,493.45,499.685,498.83,501.608,504.076,502.188,499.246,498.717,502.437,499.727,504.1,503.74,502.928,504.941,503.417,504.441,505.312,502.614,507.521,504.657,506.794,503.332,506.472,513.508,509.067,507.783,508.045,511.212,509.221,509.599,509.873,509.786,508.896,509.838,512.468,510.327,506.916,330.883,0,0,0,0,0,513.386,
0,0,0,0,0,0,0,0,0,0,0,0,0,0,0,0,0,0,0,0,0,0,0,0,0,0,0,0,0,0,0,0,0,0,0,0,0,0,0,0,0,0,0,0,0,0,0,0,0,0,0,0,0,0,0,0,0,0,0,0,0,0,0,0,0,0,0,0,0,0,0,0,0,0,0,0,0,0,0,0,0,0,0,0,0,0,0,0,0,0,0,0,0,0,0,0,0,0,0,0,96.2316,101.116,49.9635,126.902,113.002,179.554,191.966,187.575,192.454,180.636,213.406,211.637,225.036,234.748,241.68,231.644,256.809,243.012,260.251,269.68,273.312,263.849,278.843,286.071,293.131,289.033,286.911,313.051,309.775,311.142,319.539,323.154,329.547,324.805,329.622,339.235,330.768,339.723,345.348,342.481,341.988,352.392,355.755,345.848,347.3,354.208,364.456,364.318,370.596,374.263,379.83,382.409,378.493,379.601,382.487,384.153,384.198,394.2,392.308,390.741,392.745,402.257,404.748,395.69,406.674,407.347,407.35,411.415,406.097,412.61,410.851,415.462,415.754,412.551,420.906,425.001,423.15,425.814,426.651,429.206,428.87,431.917,434.442,432.479,435.519,428.105,439.974,438.151,445.578,442.722,440.802,444.814,447.941,442.422,446.229,450.467,450.506,450.896,454.555,458.648,454.793,458.135,455.379,455.317,458.784,462.059,464.119,462.737,465.612,465.567,466.085,465.558,466.909,469.517,469.285,471.31,472.066,470.099,472.529,471.242,476.065,476.289,475.348,477.269,477.982,478.415,479.321,481.927,482.275,483.937,484.659,484.958,481.882,486.089,488.206,487.291,486.446,486.895,492.792,486.526,486.856,488.358,489.475,490.119,487.896,491.826,493.21,491.399,495.337,496.558,494.587,493.157,494.877,495.829,499.132,499.904,498.065,498.506,500.838,500.957,502.801,499.114,498.044,504.49,502.127,501.132,501.171,503.969,501.779,501.885,503.556,504.434,504.498,504.449,507.688,505.687,504.459,507.85,507.132,505.953,507.417,509.126,506.411,507.737,508.461,508.752,507.753,510.271,510.551,509.477,508.015,511.4,508.706,483.448,331.111,0,0,0,0,0,513.961,
0,0,0,0,0,0,0,0,0,0,0,0,0,0,0,0,0,0,0,0,0,0,0,0,0,0,0,0,0,0,0,0,0,0,0,0,0,0,0,0,0,0,0,0,0,0,0,0,0,0,0,0,0,0,0,0,0,0,0,0,0,0,0,0,0,0,0,0,0,0,0,0,0,0,0,0,0,0,0,0,0,0,0,0,0,0,0,0,0,0,0,0,0,0,0,0,0,0,0,0,120.615,23.5978,10.0227,78.2041,136.827,172.298,182.182,172.262,172.246,179.985,200.89,200.482,226.026,241.062,249.509,247.292,262.422,248.589,264.777,268.789,272.023,275.006,249.058,282.575,297.822,295.799,294.303,296.535,312.358,308.719,317.999,311.536,318.859,322.659,324.571,327.742,336.58,335.968,345.84,351.819,358.685,357.286,357.089,357.744,360.591,367.866,359.848,352.421,371.894,375.037,376.032,378.437,384.541,384.318,387.076,389.207,388.51,392.017,391.387,394.436,403.794,400.043,402.829,393.443,406.22,409.625,407.66,414.595,417.209,415.174,415.232,416.045,422.707,421.58,422.168,422.488,426.399,421.86,433.155,425.416,432.284,433.481,430.886,435.421,434.248,440.488,445.526,442.285,441.057,445.45,449.708,443.271,448.12,448.562,444.89,453.023,453.734,455.925,456.018,454.799,458.64,458.806,459.044,463.532,463.991,462.431,464.128,464.977,461.364,464.908,468.058,473.644,467.613,472.721,468.628,468.437,471.415,475.223,471.885,480.612,476.019,476.576,476.122,477.456,480.36,479.896,482.309,481.848,483.162,480.925,484.171,480.444,483.242,484.139,484.755,487.803,487.719,487.896,489.889,487.81,489.25,487.381,493.431,488.673,491.838,496.848,492.234,494.044,491.283,493.433,495.001,496.748,498.329,497.333,497.878,496.085,498.526,499.274,499.328,497.266,502.954,498.702,502.758,501.702,501.937,502.848,501.555,502.63,503.703,504.14,500.819,505.79,504.433,505.731,505.717,505.18,504.665,504.567,510.871,504.217,505.893,505.887,510.182,509.232,508.156,509.843,507.05,509.504,510.394,508.346,510.424,510.094,509.86,464.083,0,0,0,0,0,0,510.296,
0,0,0,0,0,0,0,0,0,0,0,0,0,0,0,0,0,0,0,0,0,0,0,0,0,0,0,0,0,0,0,0,0,0,0,0,0,0,0,0,0,0,0,0,0,0,0,0,0,0,0,0,0,0,0,0,0,0,0,0,0,0,0,0,0,0,0,0,0,0,0,0,0,0,0,0,0,0,0,0,0,0,0,0,0,0,0,0,0,0,0,0,0,0,0,0,0,0,0,0,118.265,31.2673,23.6368,84.3022,143.649,176.926,180.439,188.76,205.2,226.378,228.115,82.9467,237.505,243.541,250.796,257.126,268.184,255.745,275.211,278.952,289.605,292.893,292.251,284.584,293.358,289.037,304.038,306.694,312.642,321.485,321.306,315.437,335.238,331.425,341.899,330.177,343.826,351.486,349.749,357.839,358.922,357.867,361.879,359.988,363.174,366.476,363.862,372.678,375.494,378,384.133,387.922,380.929,382.397,384.764,388.63,393.871,390.278,392.297,394.937,400.48,400.787,400.824,407.621,409.242,408.975,409.089,412.187,405.584,415.788,417.625,419.596,417.559,425.304,424.04,427.981,429.02,429.891,428.814,430.783,433.307,432.556,436.525,432.719,431.382,436.992,441.587,445.782,444.928,446.561,447.497,443.712,446.243,447.627,452.105,452.948,451.528,453.587,453.985,453.616,453.686,460.363,457.708,461.684,463.311,462.002,465.668,465.595,462.322,465.408,468.505,466.641,472.646,471.8,471.402,474.514,471.272,474.58,476.046,476.888,480.556,477.995,477.222,475.418,478.61,478.096,478.504,475.469,481.983,479.432,480.847,486.269,482.509,486.258,488.087,487.717,488.936,491.961,489.97,490.097,491.648,492.892,490.936,490.296,495.579,494.605,494.541,495.878,493.281,494.783,492.748,496.359,497.081,498.474,499.149,495.599,497.91,497.694,499.785,496.865,500.288,500.332,497.47,501.123,500.189,502.836,501.771,504.587,504.546,502.394,506.338,504.226,504.727,504.91,499.66,503.563,505.454,506.334,505.826,507.921,504.933,509.88,508.956,508.534,508.199,509.4,508.759,509.975,509.029,512.754,508.477,510.359,500.763,267.226,0,0,0,0,0,0,511.801,
0,0,0,0,0,0,0,0,0,0,0,0,0,0,0,0,0,0,0,0,0,0,0,0,0,0,0,0,0,0,0,0,0,0,0,0,0,0,0,0,0,0,0,0,0,0,0,0,0,0,0,0,0,0,0,0,0,0,0,0,0,0,0,0,0,0,0,0,0,0,0,0,0,0,0,0,0,0,0,0,0,0,0,0,0,0,0,0,0,0,0,0,0,0,0,0,0,0,0,0,152.94,6.70179,14.5441,83.3344,81.5293,185.21,190.556,217.002,201.582,227.09,214.262,99.9542,230.053,245.63,251.491,260.495,255.863,258.26,279.328,286.671,277.342,269.587,293.405,297.285,296.89,312.521,306.562,304.505,322.633,316.816,329.82,328.9,329.807,331.834,332.759,330.09,339.417,352.241,352.5,360.123,362.772,357.769,361.338,303.207,363.002,369.925,376.168,376.034,377.608,377.172,380.753,381.126,387.301,387.212,390.37,396.267,392.772,396.629,386.776,400.731,395.12,405.189,404.017,402.065,407.616,412.684,405.218,404.422,413.466,415.659,416.723,418.73,424.21,425.635,421.286,424.235,428.874,431.378,432.222,433.282,437.078,435.112,441.311,439.452,436.835,441.104,441.811,443.284,445.092,446.944,446.55,444.888,450.798,449.232,451.809,454.438,450.098,450.617,456.501,459.268,461.018,457.789,459.259,462.74,462.751,457.715,463.446,464.6,466.096,466.273,467.6,472.153,472.527,473.469,471.37,473.378,476.293,477.814,476.405,478.765,476.023,477.648,478.595,476.437,479.26,480.819,482.992,481.145,483.189,485.336,483.916,487.625,485.04,486.183,485.064,489.216,493.99,488.9,489.397,487.992,491.911,491.09,490.743,495.185,492.885,492.83,497.298,494.033,492.447,497.605,497.53,495.089,493.19,500.359,497.849,499.49,497.899,495.557,503.675,499.742,499.143,500.686,500.911,501.718,502.817,502.438,502.071,503.138,502.098,504.191,506.122,504.439,505.465,497.953,504.147,506.934,509.925,504.218,504.979,506.452,509.462,505.758,509.41,510.772,508.876,509.594,509.016,507.663,509.088,510.301,509.18,507.157,428.514,136.474,0,0,0,0,0,0,511.081,
0,0,0,0,0,0,0,0,0,0,0,0,0,0,0,0,0,0,0,0,0,0,0,0,0,0,0,0,0,0,0,0,0,0,0,0,0,0,0,0,0,0,0,0,0,0,0,0,0,0,0,0,0,0,0,0,0,0,0,0,0,0,0,0,0,0,0,0,0,0,0,0,0,0,0,0,0,0,0,0,0,0,0,0,0,0,0,0,0,0,0,0,0,0,0,0,0,0,0,0,146.789,0,29.2809,32.2023,47.9008,201.278,204.947,181.879,225.007,203.099,133.423,97.6,247.24,256.223,244.995,259.251,281.376,278.431,272.325,281.595,289.161,295.854,299.438,276.564,308.206,316.457,316.798,323.598,318.27,323.326,330.398,317.43,328.079,342.584,338.999,339.733,340.695,353.541,359.983,354.584,362.276,344.086,357.196,206.696,371.152,372.775,374.224,369.657,380.507,386.484,377.74,389.31,386.834,388.539,390.308,391.337,389.209,397.263,404.733,398.858,386.524,400.925,406.729,408.821,408.038,414.499,418.612,412.744,411.87,417.597,422.519,418.737,421.62,426.349,425.692,431.508,428.161,432.269,434.188,438.986,434.989,443.449,440.431,441.025,439.017,440.078,442.213,440.435,443.891,447.248,455.738,453.097,453.472,452.445,454.368,459.971,453.268,454.699,458.039,454.524,460.173,461.843,461.987,461.415,466.352,460.807,462.605,466.531,469.847,469.218,467.423,469.073,466.796,472.104,472.895,473.264,471.93,473.122,479.04,475.154,481.458,479.008,482.491,477.403,479.566,480.732,481.902,480.913,483.551,484.603,482.87,489.149,484.009,487.712,486.525,490.157,487.319,490.448,490.457,489.113,492.887,490.589,490.198,495.202,493.513,493.974,494.13,496.733,496.658,496.587,495.704,496.882,494.635,499.313,498.285,498.157,497.474,499.238,502,499.766,502.443,500.979,505.111,500.587,504.303,506.196,503.107,503.464,504.341,503.213,505.066,502.819,504.062,501.488,556.139,506.737,515.871,506.803,505.823,508.886,508.467,507.122,505.092,509.302,508.178,508.181,510.672,508.144,510.095,509.478,506.622,500.852,238.132,50.497,0,0,0,0,0,0,513.273,
0,0,0,0,0,0,0,0,0,0,0,0,0,0,0,0,0,0,0,0,0,0,0,0,0,0,0,0,0,0,0,0,0,0,0,0,0,0,0,0,0,0,0,0,0,0,0,0,0,0,0,0,0,0,0,0,0,0,0,0,0,0,0,0,0,0,0,0,0,0,0,0,0,0,0,0,0,0,0,0,0,0,0,0,0,0,0,0,0,0,0,0,0,0,0,0,0,0,0,0,165.874,0,0,0,48.9076,200.233,212.097,218.513,229.217,247.216,121.864,24.9744,250.258,251.702,268.506,257.723,276.52,272.139,285.051,288.102,296.854,292.671,299.483,231.762,298.803,300.29,324.81,323.096,323.516,317.247,328.436,263.857,339.351,334.779,341.636,346.866,353.125,353.113,355.306,356.338,350.896,354.322,366.333,95.2825,370.855,377.198,374.504,380.731,373.208,378.804,383.024,384.282,383.054,387.234,395.022,394.549,398.299,394.086,390.583,404.278,408.466,403.977,406.372,411.243,401.881,407.332,410.292,417.712,416.103,423.31,419.361,424.729,419.215,423.05,427.319,428.655,435.201,430.093,439.721,436.337,437.617,440.442,443.753,444.782,442.293,443.009,445.477,443.759,443.403,446.128,451.665,451.189,448.73,454.179,451.971,457.776,455.245,454.64,457.873,460.53,461.243,460.713,463.685,462.335,464.665,464.492,463.549,462.58,467.552,468.67,469.512,470.346,471.166,472.705,473.42,473.61,472.466,477.521,476.48,474.496,477.129,479.351,481.922,480.797,483.756,482.026,482.748,481.98,486.752,484.984,486.75,489.558,488.233,487.952,491.161,486.482,488.937,489.428,492.462,488.842,490.198,491.963,487.731,494.272,493.616,493.974,495.833,495.857,496.786,497.737,495.851,496.654,498.877,496.144,498.593,496.035,500.508,497.751,497.785,502.301,499.074,501.268,498.938,501.515,503.989,504.905,498.743,505.021,503.694,502.676,504.061,502.35,491.115,520.846,539.118,505.555,505.91,506.361,507.467,507.901,504.909,507.351,507.661,508.054,510.674,509.646,511.342,508.493,506.927,506.223,502.752,346.717,50.5338,0,0,0,0,0,0,0,512.52,
0,0,0,0,0,0,0,0,0,0,0,0,0,0,0,0,0,0,0,0,0,0,0,0,0,0,0,0,0,0,0,0,0,0,0,0,0,0,0,0,0,0,0,0,0,0,0,0,0,0,0,0,0,0,0,0,0,0,0,0,0,0,0,0,0,0,0,0,0,0,0,0,0,0,0,0,0,0,0,0,0,0,0,0,0,0,0,0,0,0,0,0,0,0,0,0,0,0,0,0,154.289,0,0,15.877,0,165.942,194.365,192.206,181.803,220.439,65.3699,28.919,259.123,265.134,262.011,251.196,274.616,278.221,295.013,285.162,293.949,297.805,279.846,193.022,291.377,316.41,321.85,323.436,329.228,325.776,291.485,139.339,339.257,343.289,339.097,330.919,327.852,349.537,349.805,356.91,343.653,359.677,363.976,0,371.634,356.247,315.969,337.201,302.017,231.097,328.374,352.554,388.737,390.294,402.03,393.524,397.132,408.576,404.647,396.613,403.706,400.134,409.28,407.517,298.057,417.203,375.821,373.387,421.125,424.997,424.341,425.627,430.778,428.109,427.925,430.875,428.83,430.568,434.311,434.529,437.564,437.503,438.477,441.135,439.733,443.65,449.256,447.562,449.782,451.255,442.458,447.506,449.995,450.05,454.073,450.728,454.713,462.221,458.056,461.576,460.837,460.632,462.391,464.89,462.379,465.745,467.885,466.201,468.624,469.966,471.047,471.519,472.292,470.839,468.053,474.084,474.566,475.234,473.041,479.121,478.86,480.195,479.932,481.132,481.534,480.35,484.489,480.816,483.436,487.812,485.296,485.492,486.186,488.988,488.754,488.348,489.601,490.739,488.795,491.657,490.612,490.884,494.865,491.801,494.669,497.743,494.612,497.199,495.981,496.645,497.945,498.426,498.43,496.096,497.269,498.327,497.747,497.745,497.655,500.435,502.338,502.318,504.555,500.197,505.723,502.457,502.374,504.964,504.22,504.424,490.433,490.428,510.912,591.287,682.324,505.159,507.021,506.217,506.774,505.653,504.742,508.477,507.584,509.048,509.557,509.132,509.947,508.307,508.947,506.601,421.513,173.128,51.1885,0,0,0,0,0,0,0,511.707,
0,0,0,0,0,0,0,0,0,0,0,0,0,0,0,0,0,0,0,0,0,0,0,0,0,0,0,0,0,0,0,0,0,0,0,0,0,0,0,0,0,0,0,0,0,0,0,0,0,0,0,0,0,0,0,0,0,0,0,0,0,0,0,0,0,0,0,0,0,0,0,0,0,0,0,0,0,0,0,0,0,0,0,0,0,0,0,0,0,0,0,0,0,0,0,0,0,0,0,0,147.374,0,0,0,0,86.5856,93.002,155.08,153.687,110.731,0,0,240.322,268.749,267.156,270.779,266.596,228.42,270.253,292.442,290.791,293.624,83.8308,37.4883,315.753,305.137,199.01,283.399,305.806,307.021,198.09,56.2973,233.066,345.472,343.731,184.586,203.814,318.822,274.766,346.802,321.395,329.997,341.147,36.9918,360.469,225.509,214.614,133.104,74.8769,181.653,159.497,102.633,334.314,331.914,394.074,398.121,392.325,394.468,402.508,385.182,392.949,381.013,334.629,358.874,78.9745,413.223,138.255,138.997,390.431,404.381,380.087,378.611,424.815,429.735,431.739,430.388,434.731,435.143,434.014,436.875,439.676,442.349,441.698,441.817,443.967,448.129,446.848,445.687,445.97,449.894,447.057,443.55,453.492,451.015,451.225,451.552,458.503,460.883,459.994,465.658,459.992,466.238,463.185,463.097,460.234,463.831,467.747,470.589,469.101,471.516,464.61,420.121,471.249,471.376,475.018,471.721,478.365,478.283,477.502,475.418,478.304,481.654,482.047,484.413,482.819,483.269,484.389,483.625,485.607,486.048,486.633,487.966,487.872,488.415,486.809,488.801,489.338,488.686,492.159,489.974,491.121,492.998,494.617,493.373,493.472,497.045,495.759,496.359,493.982,495.314,498.439,497.303,498.785,500.03,497.585,498.017,498.528,498.932,501.293,502.73,500.994,502.517,501.951,505.425,501.833,505.043,503.782,506.11,504.585,505.463,500.275,498.14,542.518,592.436,432.698,506.417,504.617,507.307,507.802,507.963,507.754,510.065,509.778,508.969,512.174,506.368,506.488,510.258,506.188,461.224,348.669,0,51.0083,0,0,0,0,0,0,0,512.343,
0,0,0,0,0,0,0,0,0,0,0,0,0,0,0,0,0,0,0,0,0,0,0,0,0,0,0,0,0,0,0,0,0,0,0,0,0,0,0,0,0,0,0,0,0,0,0,0,0,0,0,0,0,0,0,0,0,0,0,0,0,0,0,0,0,0,0,0,0,0,0,0,0,0,0,0,0,0,0,0,0,0,0,0,0,0,0,0,0,0,0,0,0,0,0,0,0,0,0,0,185.48,0,0,0,0,0,0,43.0967,0,25.279,0,0,219.587,102.439,256.696,241.966,115.489,95.9734,161.682,237.053,220.528,213.468,65.3457,60.5314,304.18,267.621,132.651,86.2238,227.034,225.774,90.636,34.4746,156.109,326.908,268.346,95.8669,67.6813,34.6661,67.8106,210.94,151.532,195.66,173.323,0,174.825,71.7026,104.346,38.575,37.823,71.2693,102.489,38.5851,135.235,224.483,353.699,290.858,315.108,206.87,295.489,315.04,291.775,237.953,169.915,110.594,0,402.006,80.1374,41.4297,296.67,262.664,199.022,178.526,384.31,393.609,412.041,426.433,411.269,413.223,428.346,425.884,444.01,434.767,425.276,437.893,423.285,424.764,444.106,447.253,395.294,358.893,413.562,326.231,412.377,376.002,421.507,405.075,461.129,458.663,460.782,465.629,460.887,463.018,458.19,462.992,465.903,465.943,469.519,462.807,473.005,470.13,382.339,372.584,460.083,465.291,471.683,473.821,467.931,472.231,475.503,482.031,481.523,480.517,478.882,481.946,483.013,486.119,485.194,480.906,485.198,483.497,487.73,492.954,490.477,482.367,465.879,479.41,489.539,489.832,492.517,489.845,487.793,491.892,494.544,491.974,496.025,494.283,494.331,493.448,499.927,496.636,497.402,500.044,499.317,496.899,493.625,496.412,459.263,494.031,500.393,503.397,500.751,500.195,503.917,502.415,502.468,504.31,503.727,503.315,503.504,507.602,447.762,480.799,453.823,307.896,347.5,507.443,506.306,508.933,509.842,510.029,509.118,506.963,509.152,509.198,507.545,511.04,507.631,507.081,482.244,206.143,95.2326,50.7738,0,0,0,0,0,0,0,0,511.2,
0,0,0,0,0,0,0,0,0,0,0,0,0,0,0,0,0,0,0,0,0,0,0,0,0,0,0,0,0,0,0,0,0,0,0,0,0,0,0,0,0,0,0,0,0,0,0,0,0,0,0,0,0,0,0,0,0,0,0,0,0,0,0,0,0,0,0,0,0,0,0,0,0,0,0,0,0,0,0,0,0,0,0,0,0,0,0,0,0,0,0,0,0,0,0,0,0,0,0,0,185.366,0,0,0,0,0,0,0,0,0,0,0,76.0849,75.4775,153.583,150.496,56.2865,30.2847,30.8482,129.271,0,86.7559,25.3046,0,248.194,59.596,0,36.8165,0,0,37.0719,0,34.1872,142.725,69.1511,65.0637,0,0,0,70.686,0,155.488,99.2814,0,130.042,37.6735,0,0,0,0,0,0,106.818,104.146,164.18,141.851,211.364,161.933,111.046,99.4038,76.3666,80.6445,77.0837,38.8956,42.9125,196.108,0,0,0,41.9067,0,40.7119,80.6803,116.265,257.942,242.09,309.825,221.845,267.859,284.458,434.747,256.379,209.865,284.782,288.864,315.836,429.947,441.541,182.028,235.213,211.069,156.763,228.007,0,258.299,214.245,435.09,417.241,399.341,463.734,429.848,465.74,439.019,462.98,464.944,467.032,464.444,469.438,466.722,465.955,161.447,89.0868,430.096,362.366,394.677,354.767,388.078,437.357,415.213,475.152,476.361,481.072,480.492,479.618,485.116,484.352,486.122,480.872,480.408,483.552,485.065,489.887,475.761,472.816,373.56,384.891,483.188,482.374,484.447,483.75,488.32,491.132,494.168,496.31,492.802,494.51,496.848,495.252,496.001,496.094,497.728,494.402,474.371,428.848,443.496,462.514,324.112,429.37,498.839,503.967,501.574,501.702,503.382,504.121,500.815,500.358,503.235,504.033,499.278,493.724,298.506,99.0974,93.1138,95.0611,308.856,508.011,504.947,506.552,506.251,505.959,508.027,508.9,506.079,508.732,506.842,507.932,509.01,505.316,287.755,136.488,51.2994,0,0,0,0,0,0,0,0,0,513.849,
0,0,0,0,0,0,0,0,0,0,0,0,0,0,0,0,0,0,0,0,0,0,0,0,0,0,0,0,0,0,0,0,0,0,0,0,0,0,0,0,0,0,0,0,0,0,0,0,0,0,0,0,0,0,0,0,0,0,0,0,0,0,0,0,0,0,0,0,0,0,0,0,0,0,0,0,0,0,0,0,0,0,0,0,0,0,0,0,0,0,0,0,0,0,0,0,0,0,0,0,182.907,0,0,0,0,0,0,0,0,0,0,0,51.5004,57.4555,68.1993,23.0584,0,0,0,0,0,30.1768,0,0,91.063,36.1022,0,0,0,0,0,0,0,98.1047,33.0442,0,0,36.3469,0,0,37.3518,39.6338,0,0,38.4591,0,0,0,0,0,0,0,0,0,0,41.1699,0,75.1678,40.9378,0,0,0,0,0,0,40.3617,0,0,0,0,0,0,42.6108,0,81.5759,43.1964,82.1726,85.5474,203.591,83.9345,314.372,120.758,98.784,181.883,118.51,44.9685,275.202,283.053,0,43.2411,47.5636,85.4524,46.5588,208.863,87.09,158.117,264.989,216.585,211.924,446.893,317.17,432.666,284.559,442.49,461.131,454.254,465.129,444.36,403.617,420.982,89.6191,0,161.952,192.256,163.552,224.077,269.171,194.054,193.565,427.054,464.884,455.741,455.728,450.074,481.443,481.944,483.548,483.927,484.79,485.877,486.644,485.111,250.389,374.131,133.544,190.978,416.105,428.133,440.941,376.833,364.834,491.496,489.328,494.05,494.327,493.3,493.461,496.539,500.183,494.336,496.369,496.261,206.148,262.516,169.137,341.075,50.3465,94.8725,456.15,498.903,504.179,500.901,500.013,502.716,502.181,501.889,505.974,503.279,481.534,478.402,77.9012,135.707,173.473,51.23,345.991,507.327,508.671,507.839,508.353,506.764,507.815,507.825,506.011,509.384,505.472,506.603,505.187,329.692,50.2474,0,0,0,0,0,0,0,0,0,0,0,513.039,
0,0,0,0,0,0,0,0,0,0,0,0,0,0,0,0,0,0,0,0,0,0,0,0,0,0,0,0,0,0,0,0,0,0,0,0,0,0,0,0,0,0,0,0,0,0,0,0,0,0,0,0,0,0,0,0,0,0,0,0,0,0,0,0,0,0,0,0,0,0,0,0,0,0,0,0,0,0,0,0,0,0,0,0,0,0,0,0,0,0,0,0,0,0,0,0,0,0,0,0,186.744,0,0,0,0,0,0,0,0,0,0,0,0,0,0,32.1193,0,0,0,0,0,0,0,0,0,35.5303,0,0,0,0,0,0,0,35.6375,33.4303,0,0,0,0,0,37.5029,0,0,0,0,0,0,0,0,0,0,0,0,0,0,0,0,0,0,0,0,0,0,0,0,0,0,0,0,0,42.142,0,41.8242,0,38.3944,82.1544,0,0,0,0,81.8758,44.7129,0,0,43.7885,45.1809,183.477,0,0,0,0,45.6036,0,0,47.1414,43.4359,45.189,45.9165,87.3731,284.458,0,186.592,88.093,346.848,292.447,370.974,411.195,338.358,267.04,157,0,0,0,47.8732,88.2237,92.7111,47.758,89.9783,90.4264,281.343,309.299,295.466,166.407,251.261,434.652,452.927,396.699,440.887,468.937,470.032,464.493,431.55,166.374,194.877,0,48.818,48.7575,297.851,201.15,131.925,230.136,378.244,338.777,492.042,492.82,496.132,493.941,492.916,494.422,465.569,462.629,412.27,50.4902,135.888,95.3658,204.648,49.9382,170.544,357.116,486.445,500.185,498.34,501.67,501.919,500.25,501.199,500.625,498.566,507.652,385.016,0,0,49.9569,49.6127,407.339,506.003,505.434,505.819,508.33,508.255,506.805,508.917,511.737,507.384,506.603,505.382,458.366,176.439,0,0,0,0,0,0,0,0,0,0,0,0,512.44,
0,0,0,0,0,0,0,0,0,0,0,0,0,0,0,0,0,0,0,0,0,0,0,0,0,0,0,0,0,0,0,0,0,0,0,0,0,0,0,0,0,0,0,0,0,0,0,0,0,0,0,0,0,0,0,0,0,0,0,0,0,0,0,0,0,0,0,0,0,0,0,0,0,0,0,0,0,0,0,0,0,0,0,0,0,0,0,0,0,0,0,0,0,0,0,0,0,0,0,0,223.42,0,0,0,0,0,0,0,0,0,0,0,0,0,0,0,0,0,0,0,0,0,0,0,0,0,0,0,0,0,0,0,0,0,0,0,0,0,0,0,0,0,0,0,0,0,0,0,0,0,0,0,0,0,0,0,0,0,0,0,0,0,0,0,0,0,0,0,0,0,0,0,0,0,0,0,0,0,0,44.5581,0,0,0,0,0,0,0,43.7349,0,0,0,0,0,0,0,0,0,45.999,0,86.6,46.335,215.854,47.4502,124.859,263.299,91.2591,124.876,125.455,0,47.2856,0,0,0,0,0,0,0,48.9365,49.2468,164.535,88.0087,48.3192,47.0741,92.0901,228.401,315.968,228.254,299.105,375.286,269.18,298.097,275.865,48.1185,49.6086,93.2001,0,92.6804,130.964,0,93.7188,0,134.599,133.74,334.237,435.745,434.18,469.744,492.659,475.738,282.439,201.378,338.666,49.2314,50.1716,49.4642,0,0,94.5469,135.813,286.398,488.849,495.327,499.643,498.908,429.878,449.667,478.544,514.956,338.247,184.941,0,0,0,0,470.159,507.055,505.983,508.424,507.116,507.929,507.221,509.934,507.451,508.356,505.836,438.058,137.475,136.954,0,0,0,0,0,0,0,0,0,0,0,0,511.29,
0,0,0,0,0,0,0,0,0,0,0,0,0,0,0,0,0,0,0,0,0,0,0,0,0,0,0,0,0,0,0,0,0,0,0,0,0,0,0,0,0,0,0,0,0,0,0,0,0,0,0,0,0,0,0,0,0,0,0,0,0,0,0,0,0,0,0,0,0,0,0,0,0,0,0,0,0,0,0,0,0,0,0,0,0,0,0,0,0,0,0,0,0,0,0,0,0,0,0,0,220.976,0,0,0,0,0,0,0,0,0,0,0,0,0,0,0,0,0,0,0,0,0,0,0,0,0,0,0,0,0,0,0,0,0,0,0,0,0,0,0,0,0,0,0,0,0,0,0,0,0,0,0,0,0,0,0,0,0,0,0,0,0,0,0,0,0,0,0,0,0,0,0,0,0,0,0,0,0,0,0,0,0,0,0,0,0,0,45.3303,44.4044,0,0,0,0,0,0,0,0,0,0,0,0,46.9901,0,46.8073,0,46.7379,0,125.061,0,0,0,0,0,0,0,0,48.3832,0,0,49.0264,49.3945,0,0,90.1726,90.6898,130.999,93.3247,0,48.1884,131.343,168.082,165.918,0,0,0,0,0,49.4161,0,0,0,93.3232,0,203.626,385.742,231.66,229.651,202.692,199.255,48.5268,0,48.5516,0,0,0,0,0,0,0,286.888,325.461,374.811,407.362,458.874,306.783,354.576,353.53,390.614,121.733,0,0,0,0,0,480.189,508.021,506.991,506.153,508.553,506.63,507.016,506.261,509.188,506.302,495.435,288.795,96.156,0,0,0,0,0,0,0,0,0,0,0,0,0,512.231,
0,0,0,0,0,0,0,0,0,0,0,0,0,0,0,0,0,0,0,0,0,0,0,0,0,0,0,0,0,0,0,0,0,0,0,0,0,0,0,0,0,0,0,0,0,0,0,0,0,0,0,0,0,0,0,0,0,0,0,0,0,0,0,0,0,0,0,0,0,0,0,0,0,0,0,0,0,0,0,0,0,0,0,0,0,0,0,0,0,0,0,0,0,0,0,0,0,0,0,0,246.972,0,0,0,0,0,0,0,0,0,0,0,0,0,0,0,0,0,0,0,0,0,0,0,0,0,0,0,0,0,0,0,0,0,0,0,0,0,0,0,0,0,0,0,0,0,0,0,0,0,0,0,0,0,0,0,0,0,0,0,0,0,0,0,0,0,0,0,0,0,0,0,0,0,0,0,0,0,0,0,0,0,0,0,0,0,0,0,0,0,0,0,0,0,0,0,0,0,0,0,0,0,0,0,0,0,0,0,0,0,0,0,0,0,0,0,0,0,0,0,0,0,0,0,0,130.926,0,0,48.0571,49.0688,0,48.3901,0,0,0,0,0,0,0,0,0,0,0,122.135,0,111.405,49.1496,172.478,202.418,49.5098,0,95.6651,0,0,0,0,0,0,0,95.1784,235.621,367.49,167.254,260.969,55.993,146.615,146.286,191.389,0,0,0,0,0,0,463.374,505.134,507.342,506.884,505.869,506.31,497.542,502.275,505.446,472.652,288.322,96.1638,49.6942,0,0,0,0,0,0,0,0,0,0,0,0,0,511.651,
0,0,0,0,0,0,0,0,0,0,0,0,0,0,0,0,0,0,0,0,0,0,0,0,0,0,0,0,0,0,0,0,0,0,0,0,0,0,0,0,0,0,0,0,0,0,0,0,0,0,0,0,0,0,0,0,0,0,0,0,0,0,0,0,0,0,0,0,0,0,0,0,0,0,0,0,0,0,0,0,0,0,0,0,0,0,0,0,0,0,0,0,0,0,0,0,0,0,0,0,231.768,0,0,0,0,0,0,0,0,0,0,0,0,0,0,0,0,0,0,0,0,0,0,0,0,0,0,0,0,0,0,0,0,0,0,0,0,0,0,0,0,0,0,0,0,0,0,0,0,0,0,0,0,0,0,0,0,0,0,0,0,0,0,0,0,0,0,0,0,0,0,0,0,0,0,0,0,0,0,0,0,0,0,0,0,0,0,0,0,0,0,0,0,0,0,0,0,0,0,0,0,0,0,0,0,0,0,0,0,0,0,0,0,0,0,0,0,0,0,0,0,0,0,0,0,0,0,0,0,0,0,48.0912,0,0,0,0,0,0,0,0,0,0,0,0,0,0,94.3149,49.6916,0,0,0,0,0,0,0,0,0,0,0,0,0,50.4459,36.8878,213.565,0,0,0,0,0,0,0,0,0,0,445.837,506.915,506.56,505.255,500.056,495.651,359.676,460.705,484.748,326.684,135.478,50.2152,0,0,0,0,0,0,0,0,0,0,0,0,0,0,514.358,
0,0,0,0,0,0,0,0,0,0,0,0,0,0,0,0,0,0,0,0,0,0,0,0,0,0,0,0,0,0,0,0,0,0,0,0,0,0,0,0,0,0,0,0,0,0,0,0,0,0,0,0,0,0,0,0,0,0,0,0,0,0,0,0,0,0,0,0,0,0,0,0,0,0,0,0,0,0,0,0,0,0,0,0,0,0,0,0,0,0,0,0,0,0,0,0,0,0,0,0,224.397,0,0,0,0,0,0,0,0,0,0,0,0,0,0,0,0,0,0,0,0,0,0,0,0,0,0,0,0,0,0,0,0,0,0,0,0,0,0,0,0,0,0,0,0,0,0,0,0,0,0,0,0,0,0,0,0,0,0,0,0,0,0,0,0,0,0,0,0,0,0,0,0,0,0,0,0,0,0,0,0,0,0,0,0,0,0,0,0,0,0,0,0,0,0,0,0,0,0,0,0,0,0,0,0,0,0,0,0,0,0,0,0,0,0,0,0,0,0,0,0,0,0,0,0,0,0,0,0,0,0,0,0,0,0,0,0,0,0,0,0,0,0,0,0,0,0,0,0,0,0,0,0,0,0,0,0,0,0,0,0,0,50.2801,0,0,0,0,50.0468,0,0,0,0,0,0,386.19,505.78,506.436,504.757,482.899,362.116,205.405,205.624,364.351,135.862,0,0,0,0,0,0,0,0,0,0,0,0,0,0,0,0,511.228,
0,0,0,0,0,0,0,0,0,0,0,0,0,0,0,0,0,0,0,0,0,0,0,0,0,0,0,0,0,0,0,0,0,0,0,0,0,0,0,0,0,0,0,0,0,0,0,0,0,0,0,0,0,0,0,0,0,0,0,0,0,0,0,0,0,0,0,0,0,0,0,0,0,0,0,0,0,0,0,0,0,0,0,0,0,0,0,0,0,0,0,0,0,0,0,0,0,0,0,0,238.974,0,0,0,0,0,0,0,0,0,0,0,0,0,0,0,0,0,0,0,0,0,0,0,0,0,0,0,0,0,0,0,0,0,0,0,0,0,0,0,0,0,0,0,0,0,0,0,0,0,0,0,0,0,0,0,0,0,0,0,0,0,0,0,0,0,0,0,0,0,0,0,0,0,0,0,0,0,0,0,0,0,0,0,0,0,0,0,0,0,0,0,0,0,0,0,0,0,0,0,0,0,0,0,0,0,0,0,0,0,0,0,0,0,0,0,0,0,0,0,0,0,0,0,0,0,0,0,0,0,0,0,0,0,0,0,0,0,0,0,0,0,0,0,0,0,0,0,0,0,0,0,0,0,0,0,0,0,0,0,0,0,50.6242,0,0,0,0,0,0,0,0,0,0,0,237.273,504.216,503.161,493.696,264.997,174.619,96.0824,50.1661,95.382,0,0,0,0,0,0,0,0,0,0,0,0,0,0,0,0,0,513.651,
0,0,0,0,0,0,0,0,0,0,0,0,0,0,0,0,0,0,0,0,0,0,0,0,0,0,0,0,0,0,0,0,0,0,0,0,0,0,0,0,0,0,0,0,0,0,0,0,0,0,0,0,0,0,0,0,0,0,0,0,0,0,0,0,0,0,0,0,0,0,0,0,0,0,0,0,0,0,0,0,0,0,0,0,0,0,0,0,0,0,0,0,0,0,0,0,0,0,0,0,249.695,0,0,0,0,0,0,0,0,0,0,0,0,0,0,0,0,0,0,0,0,0,0,0,0,0,0,0,0,0,0,0,0,0,0,0,0,0,0,0,0,0,0,0,0,0,0,0,0,0,0,0,0,0,0,0,0,0,0,0,0,0,0,0,0,0,0,0,0,0,0,0,0,0,0,0,0,0,0,0,0,0,0,0,0,0,0,0,0,0,0,0,0,0,0,0,0,0,0,0,0,0,0,0,0,0,0,0,0,0,0,0,0,0,0,0,0,0,0,0,0,0,0,0,0,0,0,0,0,0,0,0,0,0,0,0,0,0,0,0,0,0,0,0,49.3508,0,0,0,0,0,0,0,0,0,0,0,0,0,0,0,0,0,0,0,0,0,0,0,0,0,0,0,0,0,135.925,474.307,468.415,419.167,51.716,97.188,0,0,0,0,0,0,0,0,0,0,0,0,0,0,0,0,0,0,0,0,512.771,
0,0,0,0,0,0,0,0,0,0,0,0,0,0,0,0,0,0,0,0,0,0,0,0,0,0,0,0,0,0,0,0,0,0,0,0,0,0,0,0,0,0,0,0,0,0,0,0,0,0,0,0,0,0,0,0,0,0,0,0,0,0,0,0,0,0,0,0,0,0,0,0,0,0,0,0,0,0,0,0,0,0,0,0,0,0,0,0,0,0,0,0,0,0,0,0,0,0,0,0,227.596,0,0,0,0,0,0,0,0,0,0,0,0,0,0,0,0,0,0,0,0,0,0,0,0,0,0,0,0,0,0,0,0,0,0,0,0,0,0,0,0,0,0,0,0,0,0,0,0,0,0,0,0,0,0,0,0,0,0,0,0,0,0,0,0,0,0,0,0,0,0,0,0,0,0,0,0,0,0,0,0,0,0,0,0,0,0,0,0,0,0,0,0,0,0,0,0,0,0,0,0,0,0,0,0,0,0,0,0,0,0,0,0,0,0,0,0,0,0,0,0,0,0,0,0,0,0,0,0,0,0,0,0,0,0,0,0,0,0,0,0,0,0,0,0,0,0,0,0,0,0,0,0,0,0,0,0,0,0,0,0,0,0,0,0,0,0,0,0,0,0,0,0,0,50.0847,261.856,330.192,174.075,0,0,0,0,0,0,0,0,0,0,0,0,0,0,0,0,0,0,0,0,0,0,513.331,
0,0,0,0,0,0,0,0,0,0,0,0,0,0,0,0,0,0,0,0,0,0,0,0,0,0,0,0,0,0,0,0,0,0,0,0,0,0,0,0,0,0,0,0,0,0,0,0,0,0,0,0,0,0,0,0,0,0,0,0,0,0,0,0,0,0,0,0,0,0,0,0,0,0,0,0,0,0,0,0,0,0,0,0,0,0,0,0,0,0,0,0,0,0,0,0,0,0,0,0,251.258,0,0,0,0,0,0,0,0,0,0,0,0,0,0,0,0,0,0,0,0,0,0,0,0,0,0,0,0,0,0,0,0,0,0,0,0,0,0,0,0,0,0,0,0,0,0,0,0,0,0,0,0,0,0,0,0,0,0,0,0,0,0,0,0,0,0,0,0,0,0,0,0,0,0,0,0,0,0,0,0,0,0,0,0,0,0,0,0,0,0,0,0,0,0,0,0,0,0,0,0,0,0,0,0,0,0,0,0,0,0,0,0,0,0,0,0,0,0,0,0,0,0,0,0,0,0,0,0,0,0,0,0,0,0,0,0,0,0,0,0,0,0,0,0,0,0,0,0,0,0,0,0,0,0,0,0,0,0,0,0,0,0,0,0,0,0,0,0,0,0,0,0,0,51.4288,95.648,135.285,0,0,0,0,0,0,0,0,0,0,0,0,0,0,0,0,0,0,0,0,0,0,0,513.184,
0,0,0,0,0,0,0,0,0,0,0,0,0,0,0,0,0,0,0,0,0,0,0,0,0,0,0,0,0,0,0,0,0,0,0,0,0,0,0,0,0,0,0,0,0,0,0,0,0,0,0,0,0,0,0,0,0,0,0,0,0,0,0,0,0,0,0,0,0,0,0,0,0,0,0,0,0,0,0,0,0,0,0,0,0,0,0,0,0,0,0,0,0,0,0,0,0,0,0,0,267.377,0,0,0,0,0,0,0,0,0,0,0,0,0,0,0,0,0,0,0,0,0,0,0,0,0,0,0,0,0,0,0,0,0,0,0,0,0,0,0,0,0,0,0,0,0,0,0,0,0,0,0,0,0,0,0,0,0,0,0,0,0,0,0,0,0,0,0,0,0,0,0,0,0,0,0,0,0,0,0,0,0,0,0,0,0,0,0,0,0,0,0,0,0,0,0,0,0,0,0,0,0,0,0,0,0,0,0,0,0,0,0,0,0,0,0,0,0,0,0,0,0,0,0,0,0,0,0,0,0,0,0,0,0,0,0,0,0,0,0,0,0,0,0,0,0,0,0,0,0,0,0,0,0,0,0,0,0,0,0,0,0,0,0,0,0,0,0,0,0,0,0,0,0,94.4231,95.0411,50.4708,0,0,0,0,0,0,0,0,0,0,0,0,0,0,0,0,0,0,0,0,0,0,0,510.587,
0,0,0,0,0,0,0,0,0,0,0,0,0,0,0,0,0,0,0,0,0,0,0,0,0,0,0,0,0,0,0,0,0,0,0,0,0,0,0,0,0,0,0,0,0,0,0,0,0,0,0,0,0,0,0,0,0,0,0,0,0,0,0,0,0,0,0,0,0,0,0,0,0,0,0,0,0,0,0,0,0,0,0,0,0,0,0,0,0,0,0,0,0,0,0,0,0,0,0,0,276.617,0,0,0,0,0,0,0,0,0,0,0,0,0,0,0,0,0,0,0,0,0,0,0,0,0,0,0,0,0,0,0,0,0,0,0,0,0,0,0,0,0,0,0,0,0,0,0,0,0,0,0,0,0,0,0,0,0,0,0,0,0,0,0,0,0,0,0,0,0,0,0,0,0,0,0,0,0,0,0,0,0,0,0,0,0,0,0,0,0,0,0,0,0,0,0,0,0,0,0,0,0,0,0,0,0,0,0,0,0,0,0,0,0,0,0,0,0,0,0,0,0,0,0,0,0,0,0,0,0,0,0,0,0,0,0,0,0,0,0,0,0,0,0,0,0,0,0,0,0,0,0,0,0,0,0,0,0,0,0,0,0,0,0,0,0,0,0,0,0,0,0,0,0,0,0,0,0,0,0,0,0,0,0,0,0,0,0,0,0,0,0,0,0,0,0,0,0,0,0,513.911,
0,0,0,0,0,0,0,0,0,0,0,0,0,0,0,0,0,0,0,0,0,0,0,0,0,0,0,0,0,0,0,0,0,0,0,0,0,0,0,0,0,0,0,0,0,0,0,0,0,0,0,0,0,0,0,0,0,0,0,0,0,0,0,0,0,0,0,0,0,0,0,0,0,0,0,0,0,0,0,0,0,0,0,0,0,0,0,0,0,0,0,0,0,0,0,0,0,0,0,0,259.421,0,0,0,0,0,0,0,0,0,0,0,0,0,0,0,0,0,0,0,0,0,0,0,0,0,0,0,0,0,0,0,0,0,0,0,0,0,0,0,0,0,0,0,0,0,0,0,0,0,0,0,0,0,0,0,0,0,0,0,0,0,0,0,0,0,0,0,0,0,0,0,0,0,0,0,0,0,0,0,0,0,0,0,0,0,0,0,0,0,0,0,0,0,0,0,0,0,0,0,0,0,0,0,0,0,0,0,0,0,0,0,0,0,0,0,0,0,0,0,0,0,0,0,0,0,0,0,0,0,0,0,0,0,0,0,0,0,0,0,0,0,0,0,0,0,0,0,0,0,0,0,0,0,0,0,0,0,0,0,0,0,0,0,0,0,0,0,0,0,0,0,0,0,49.7596,0,50.1935,0,0,0,0,0,0,0,0,0,0,0,0,0,0,0,0,0,0,0,0,0,0,0,511.529,
0,0,0,0,0,0,0,0,0,0,0,0,0,0,0,0,0,0,0,0,0,0,0,0,0,0,0,0,0,0,0,0,0,0,0,0,0,0,0,0,0,0,0,0,0,0,0,0,0,0,0,0,0,0,0,0,0,0,0,0,0,0,0,0,0,0,0,0,0,0,0,0,0,0,0,0,0,0,0,0,0,0,0,0,0,0,0,0,0,0,0,0,0,0,0,0,0,0,0,0,270.741,0,0,0,0,0,0,0,0,0,0,0,0,0,0,0,0,0,0,0,0,0,0,0,0,0,0,0,0,0,0,0,0,0,0,0,0,0,0,0,0,0,0,0,0,0,0,0,0,0,0,0,0,0,0,0,0,0,0,0,0,0,0,0,0,0,0,0,0,0,0,0,0,0,0,0,0,0,0,0,0,0,0,0,0,0,0,0,0,0,0,0,0,0,0,0,0,0,0,0,0,0,0,0,0,0,0,0,0,0,0,0,0,0,0,0,0,0,0,0,0,0,0,0,0,0,0,0,0,0,0,0,0,0,0,0,0,0,0,0,0,0,0,0,0,0,0,0,0,0,0,0,0,0,0,0,0,0,0,0,0,0,0,0,0,0,0,0,0,0,0,0,0,0,0,0,0,0,0,0,0,0,0,0,0,0,0,0,0,0,0,0,0,0,0,0,0,0,0,0,512.677,
0,0,0,0,0,0,0,0,0,0,0,0,0,0,0,0,0,0,0,0,0,0,0,0,0,0,0,0,0,0,0,0,0,0,0,0,0,0,0,0,0,0,0,0,0,0,0,0,0,0,0,0,0,0,0,0,0,0,0,0,0,0,0,0,0,0,0,0,0,0,0,0,0,0,0,0,0,0,0,0,0,0,0,0,0,0,0,0,0,0,0,0,0,0,0,0,0,0,0,0,280.76,0,0,0,0,0,0,0,0,0,0,0,0,0,0,0,0,0,0,0,0,0,0,0,0,0,0,0,0,0,0,0,0,0,0,0,0,0,0,0,0,0,0,0,0,0,0,0,0,0,0,0,0,0,0,0,0,0,0,0,0,0,0,0,0,0,0,0,0,0,0,0,0,0,0,0,0,0,0,0,0,0,0,0,0,0,0,0,0,0,0,0,0,0,0,0,0,0,0,0,0,0,0,0,0,0,0,0,0,0,0,0,0,0,0,0,0,0,0,0,0,0,0,0,0,0,0,0,0,0,0,0,0,0,0,0,0,0,0,0,0,0,0,0,0,0,0,0,0,0,0,0,0,0,0,0,0,0,0,0,0,0,0,0,0,0,0,0,0,0,0,0,0,0,0,0,0,0,0,0,0,0,0,0,0,0,0,0,0,0,0,0,0,0,0,0,0,0,0,0,511.34,
0,0,0,0,0,0,0,0,0,0,0,0,0,0,0,0,0,0,0,0,0,0,0,0,0,0,0,0,0,0,0,0,0,0,0,0,0,0,0,0,0,0,0,0,0,0,0,0,0,0,0,0,0,0,0,0,0,0,0,0,0,0,0,0,0,0,0,0,0,0,0,0,0,0,0,0,0,0,0,0,0,0,0,0,0,0,0,0,0,0,0,0,0,0,0,0,0,0,0,0,294.52,0,0,0,0,0,0,0,0,0,0,0,0,0,0,0,0,0,0,0,0,0,0,0,0,0,0,0,0,0,0,0,0,0,0,0,0,0,0,0,0,0,0,0,0,0,0,0,0,0,0,0,0,0,0,0,0,0,0,0,0,0,0,0,0,0,0,0,0,0,0,0,0,0,0,0,0,0,0,0,0,0,0,0,0,0,0,0,0,0,0,0,0,0,0,0,0,0,0,0,0,0,0,0,0,0,0,0,0,0,0,0,0,0,0,0,0,0,0,0,0,0,0,0,0,0,0,0,0,0,0,0,0,0,0,0,0,0,0,0,0,0,0,0,0,0,0,0,0,0,0,0,0,0,0,0,0,0,0,0,0,0,0,0,0,0,0,0,0,0,0,0,0,0,0,0,0,0,0,0,0,0,0,0,0,0,0,0,0,0,0,0,0,0,0,0,0,0,0,0,514.411,
0,0,0,0,0,0,0,0,0,0,0,0,0,0,0,0,0,0,0,0,0,0,0,0,0,0,0,0,0,0,0,0,0,0,0,0,0,0,0,0,0,0,0,0,0,0,0,0,0,0,0,0,0,0,0,0,0,0,0,0,0,0,0,0,0,0,0,0,0,0,0,0,0,0,0,0,0,0,0,0,0,0,0,0,0,0,0,0,0,0,0,0,0,0,0,0,0,0,0,0,294.47,0,0,0,0,0,0,0,0,0,0,0,0,0,0,0,0,0,0,0,0,0,0,0,0,0,0,0,0,0,0,0,0,0,0,0,0,0,0,0,0,0,0,0,0,0,0,0,0,0,0,0,0,0,0,0,0,0,0,0,0,0,0,0,0,0,0,0,0,0,0,0,0,0,0,0,0,0,0,0,0,0,0,0,0,0,0,0,0,0,0,0,0,0,0,0,0,0,0,0,0,0,0,0,0,0,0,0,0,0,0,0,0,0,0,0,0,0,0,0,0,0,0,0,0,0,0,0,0,0,0,0,0,0,0,0,0,0,0,0,0,0,0,0,0,0,0,0,0,0,0,0,0,0,0,0,0,0,0,0,0,0,0,0,0,0,0,0,0,0,0,0,0,0,0,0,0,0,0,0,0,0,0,0,0,0,0,0,0,0,0,0,0,0,0,0,0,0,0,0,512.877,
0,0,0,0,0,0,0,0,0,0,0,0,0,0,0,0,0,0,0,0,0,0,0,0,0,0,0,0,0,0,0,0,0,0,0,0,0,0,0,0,0,0,0,0,0,0,0,0,0,0,0,0,0,0,0,0,0,0,0,0,0,0,0,0,0,0,0,0,0,0,0,0,0,0,0,0,0,0,0,0,0,0,0,0,0,0,0,0,0,0,0,0,0,0,0,0,0,0,0,0,283.682,0,0,0,0,0,0,0,0,0,0,0,0,0,0,0,0,0,0,0,0,0,0,0,0,0,0,0,0,0,0,0,0,0,0,0,0,0,0,0,0,0,0,0,0,0,0,0,0,0,0,0,0,0,0,0,0,0,0,0,0,0,0,0,0,0,0,0,0,0,0,0,0,0,0,0,0,0,0,0,0,0,0,0,0,0,0,0,0,0,0,0,0,0,0,0,0,0,0,0,0,0,0,0,0,0,0,0,0,0,0,0,0,0,0,0,0,0,0,0,0,0,0,0,0,0,0,0,0,0,0,0,0,0,0,0,0,0,0,0,0,0,0,0,0,0,0,0,0,0,0,0,0,0,0,0,0,0,0,0,0,0,0,0,0,0,0,0,0,0,0,0,0,0,0,0,0,0,0,0,0,0,0,0,0,0,0,0,0,0,0,0,0,0,0,0,0,0,0,0,513.402,
0,0,0,0,0,0,0,0,0,0,0,0,0,0,0,0,0,0,0,0,0,0,0,0,0,0,0,0,0,0,0,0,0,0,0,0,0,0,0,0,0,0,0,0,0,0,0,0,0,0,0,0,0,0,0,0,0,0,0,0,0,0,0,0,0,0,0,0,0,0,0,0,0,0,0,0,0,0,0,0,0,0,0,0,0,0,0,0,0,0,0,0,0,0,0,0,0,0,0,0,295.228,0,0,0,0,0,0,0,0,0,0,0,0,0,0,0,0,0,0,0,0,0,0,0,0,0,0,0,0,0,0,0,0,0,0,0,0,0,0,0,0,0,0,0,0,0,0,0,0,0,0,0,0,0,0,0,0,0,0,0,0,0,0,0,0,0,0,0,0,0,0,0,0,0,0,0,0,0,0,0,0,0,0,0,0,0,0,0,0,0,0,0,0,0,0,0,0,0,0,0,0,0,0,0,0,0,0,0,0,0,0,0,0,0,0,0,0,0,0,0,0,0,0,0,0,0,0,0,0,0,0,0,0,0,0,0,0,0,0,0,0,0,0,0,0,0,0,0,0,0,0,0,0,0,0,0,0,0,0,0,0,0,0,0,0,0,0,0,0,0,0,0,0,0,0,0,0,0,0,0,0,0,0,0,0,0,0,0,0,0,0,0,0,0,0,0,0,0,0,0,511.857,
0,0,0,0,0,0,0,0,0,0,0,0,0,0,0,0,0,0,0,0,0,0,0,0,0,0,0,0,0,0,0,0,0,0,0,0,0,0,0,0,0,0,0,0,0,0,0,0,0,0,0,0,0,0,0,0,0,0,0,0,0,0,0,0,0,0,0,0,0,0,0,0,0,0,0,0,0,0,0,0,0,0,0,0,0,0,0,0,0,0,0,0,0,0,0,0,0,0,0,0,296.845,0,0,0,0,0,0,0,0,0,0,0,0,0,0,0,0,0,0,0,0,0,0,0,0,0,0,0,0,0,0,0,0,0,0,0,0,0,0,0,0,0,0,0,0,0,0,0,0,0,0,0,0,0,0,0,0,0,0,0,0,0,0,0,0,0,0,0,0,0,0,0,0,0,0,0,0,0,0,0,0,0,0,0,0,0,0,0,0,0,0,0,0,0,0,0,0,0,0,0,0,0,0,0,0,0,0,0,0,0,0,0,0,0,0,0,0,0,0,0,0,0,0,0,0,0,0,0,0,0,0,0,0,0,0,0,0,0,0,0,0,0,0,0,0,0,0,0,0,0,0,0,0,0,0,0,0,0,0,0,0,0,0,0,0,0,0,0,0,0,0,0,0,0,0,0,0,0,0,0,0,0,0,0,0,0,0,0,0,0,0,0,0,0,0,0,0,0,0,0,508.562,
0,0,0,0,0,0,0,0,0,0,0,0,0,0,0,0,0,0,0,0,0,0,0,0,0,0,0,0,0,0,0,0,0,0,0,0,0,0,0,0,0,0,0,0,0,0,0,0,0,0,0,0,0,0,0,0,0,0,0,0,0,0,0,0,0,0,0,0,0,0,0,0,0,0,0,0,0,0,0,0,0,0,0,0,0,0,0,0,0,0,0,0,0,0,0,0,0,0,0,0,305.027,0,0,0,0,0,0,0,0,0,0,0,0,0,0,0,0,0,0,0,0,0,0,0,0,0,0,0,0,0,0,0,0,0,0,0,0,0,0,0,0,0,0,0,0,0,0,0,0,0,0,0,0,0,0,0,0,0,0,0,0,0,0,0,0,0,0,0,0,0,0,0,0,0,0,0,0,0,0,0,0,0,0,0,0,0,0,0,0,0,0,0,0,0,0,0,0,0,0,0,0,0,0,0,0,0,0,0,0,0,0,0,0,0,0,0,0,0,0,0,0,0,0,0,0,0,0,0,0,0,0,0,0,0,0,0,0,0,0,0,0,0,0,0,0,0,0,0,0,0,0,0,0,0,0,0,0,0,0,0,0,0,0,0,0,0,0,0,0,0,0,0,0,0,0,0,0,0,0,0,0,0,0,0,0,0,0,0,0,0,0,0,0,0,0,0,0,0,0,0,511.35,
0,0,0,0,0,0,0,0,0,0,0,0,0,0,0,0,0,0,0,0,0,0,0,0,0,0,0,0,0,0,0,0,0,0,0,0,0,0,0,0,0,0,0,0,0,0,0,0,0,0,0,0,0,0,0,0,0,0,0,0,0,0,0,0,0,0,0,0,0,0,0,0,0,0,0,0,0,0,0,0,0,0,0,0,0,0,0,0,0,0,0,0,0,0,0,0,0,0,0,0,305.684,0,0,0,0,0,0,0,0,0,0,0,0,0,0,0,0,0,0,0,0,0,0,0,0,0,0,0,0,0,0,0,0,0,0,0,0,0,0,0,0,0,0,0,0,0,0,0,0,0,0,0,0,0,0,0,0,0,0,0,0,0,0,0,0,0,0,0,0,0,0,0,0,0,0,0,0,0,0,0,0,0,0,0,0,0,0,0,0,0,0,0,0,0,0,0,0,0,0,0,0,0,0,0,0,0,0,0,0,0,0,0,0,0,0,0,0,0,0,0,0,0,0,0,0,0,0,0,0,0,0,0,0,0,0,0,0,0,0,0,0,0,0,0,0,0,0,0,0,0,0,0,0,0,0,0,0,0,0,0,0,0,0,0,0,0,0,0,0,0,0,0,0,0,0,0,0,0,0,0,0,0,0,0,0,0,0,0,0,0,0,0,0,0,0,0,0,0,0,0,513.565,
0,0,0,0,0,0,0,0,0,0,0,0,0,0,0,0,0,0,0,0,0,0,0,0,0,0,0,0,0,0,0,0,0,0,0,0,0,0,0,0,0,0,0,0,0,0,0,0,0,0,0,0,0,0,0,0,0,0,0,0,0,0,0,0,0,0,0,0,0,0,0,0,0,0,0,0,0,0,0,0,0,0,0,0,0,0,0,0,0,0,0,0,0,0,0,0,0,0,0,0,284.811,0,0,0,0,0,0,0,0,0,0,0,0,0,0,0,0,0,0,0,0,0,0,0,0,0,0,0,0,0,0,0,0,0,0,0,0,0,0,0,0,0,0,0,0,0,0,0,0,0,0,0,0,0,0,0,0,0,0,0,0,0,0,0,0,0,0,0,0,0,0,0,0,0,0,0,0,0,0,0,0,0,0,0,0,0,0,0,0,0,0,0,0,0,0,0,0,0,0,0,0,0,0,0,0,0,0,0,0,0,0,0,0,0,0,0,0,0,0,0,0,0,0,0,0,0,0,0,0,0,0,0,0,0,0,0,0,0,0,0,0,0,0,0,0,0,0,0,0,0,0,0,0,0,0,0,0,0,0,0,0,0,0,0,0,0,0,0,0,0,0,0,0,0,0,0,0,0,0,0,0,0,0,0,0,0,0,0,0,0,0,0,0,0,0,0,0,0,0,0,510.602,
0,0,0,0,0,0,0,0,0,0,0,0,0,0,0,0,0,0,0,0,0,0,0,0,0,0,0,0,0,0,0,0,0,0,0,0,0,0,0,0,0,0,0,0,0,0,0,0,0,0,0,0,0,0,0,0,0,0,0,0,0,0,0,0,0,0,0,0,0,0,0,0,0,0,0,0,0,0,0,0,0,0,0,0,0,0,0,0,0,0,0,0,0,0,0,0,0,0,0,0,317.294,0,0,0,0,0,0,0,0,0,0,0,0,0,0,0,0,0,0,0,0,0,0,0,0,0,0,0,0,0,0,0,0,0,0,0,0,0,0,0,0,0,0,0,0,0,0,0,0,0,0,0,0,0,0,0,0,0,0,0,0,0,0,0,0,0,0,0,0,0,0,0,0,0,0,0,0,0,0,0,0,0,0,0,0,0,0,0,0,0,0,0,0,0,0,0,0,0,0,0,0,0,0,0,0,0,0,0,0,0,0,0,0,0,0,0,0,0,0,0,0,0,0,0,0,0,0,0,0,0,0,0,0,0,0,0,0,0,0,0,0,0,0,0,0,0,0,0,0,0,0,0,0,0,0,0,0,0,0,0,0,0,0,0,0,0,0,0,0,0,0,0,0,0,0,0,0,0,0,0,0,0,0,0,0,0,0,0,0,0,0,0,0,0,0,0,0,0,0,0,512.692,
0,0,0,0,0,0,0,0,0,0,0,0,0,0,0,0,0,0,0,0,0,0,0,0,0,0,0,0,0,0,0,0,0,0,0,0,0,0,0,0,0,0,0,0,0,0,0,0,0,0,0,0,0,0,0,0,0,0,0,0,0,0,0,0,0,0,0,0,0,0,0,0,0,0,0,0,0,0,0,0,0,0,0,0,0,0,0,0,0,0,0,0,0,0,0,0,0,0,0,0,306.343,0,0,0,0,0,0,0,0,0,0,0,0,0,0,0,0,0,0,0,0,0,0,0,0,0,0,0,0,0,0,0,0,0,0,0,0,0,0,0,0,0,0,0,0,0,0,0,0,0,0,0,0,0,0,0,0,0,0,0,0,0,0,0,0,0,0,0,0,0,0,0,0,0,0,0,0,0,0,0,0,0,0,0,0,0,0,0,0,0,0,0,0,0,0,0,0,0,0,0,0,0,0,0,0,0,0,0,0,0,0,0,0,0,0,0,0,0,0,0,0,0,0,0,0,0,0,0,0,0,0,0,0,0,0,0,0,0,0,0,0,0,0,0,0,0,0,0,0,0,0,0,0,0,0,0,0,0,0,0,0,0,0,0,0,0,0,0,0,0,0,0,0,0,0,0,0,0,0,0,0,0,0,0,0,0,0,0,0,0,0,0,0,0,0,0,0,0,0,0,512.323,
0,0,0,0,0,0,0,0,0,0,0,0,0,0,0,0,0,0,0,0,0,0,0,0,0,0,0,0,0,0,0,0,0,0,0,0,0,0,0,0,0,0,0,0,0,0,0,0,0,0,0,0,0,0,0,0,0,0,0,0,0,0,0,0,0,0,0,0,0,0,0,0,0,0,0,0,0,0,0,0,0,0,0,0,0,0,0,0,0,0,0,0,0,0,0,0,0,0,0,0,312.632,0,0,0,0,0,0,0,0,0,0,0,0,0,0,0,0,0,0,0,0,0,0,0,0,0,0,0,0,0,0,0,0,0,0,0,0,0,0,0,0,0,0,0,0,0,0,0,0,0,0,0,0,0,0,0,0,0,0,0,0,0,0,0,0,0,0,0,0,0,0,0,0,0,0,0,0,0,0,0,0,0,0,0,0,0,0,0,0,0,0,0,0,0,0,0,0,0,0,0,0,0,0,0,0,0,0,0,0,0,0,0,0,0,0,0,0,0,0,0,0,0,0,0,0,0,0,0,0,0,0,0,0,0,0,0,0,0,0,0,0,0,0,0,0,0,0,0,0,0,0,0,0,0,0,0,0,0,0,0,0,0,0,0,0,0,0,0,0,0,0,0,0,0,0,0,0,0,0,0,0,0,0,0,0,0,0,0,0,0,0,0,0,0,0,0,0,0,0,0,512.282,
0,0,0,0,0,0,0,0,0,0,0,0,0,0,0,0,0,0,0,0,0,0,0,0,0,0,0,0,0,0,0,0,0,0,0,0,0,0,0,0,0,0,0,0,0,0,0,0,0,0,0,0,0,0,0,0,0,0,0,0,0,0,0,0,0,0,0,0,0,0,0,0,0,0,0,0,0,0,0,0,0,0,0,0,0,0,0,0,0,0,0,0,0,0,0,0,0,0,0,0,325.456,0,0,0,0,0,0,0,0,0,0,0,0,0,0,0,0,0,0,0,0,0,0,0,0,0,0,0,0,0,0,0,0,0,0,0,0,0,0,0,0,0,0,0,0,0,0,0,0,0,0,0,0,0,0,0,0,0,0,0,0,0,0,0,0,0,0,0,0,0,0,0,0,0,0,0,0,0,0,0,0,0,0,0,0,0,0,0,0,0,0,0,0,0,0,0,0,0,0,0,0,0,0,0,0,0,0,0,0,0,0,0,0,0,0,0,0,0,0,0,0,0,0,0,0,0,0,0,0,0,0,0,0,0,0,0,0,0,0,0,0,0,0,0,0,0,0,0,0,0,0,0,0,0,0,0,0,0,0,0,0,0,0,0,0,0,0,0,0,0,0,0,0,0,0,0,0,0,0,0,0,0,0,0,0,0,0,0,0,0,0,0,0,0,0,0,0,0,0,0,513.58,
0,0,0,0,0,0,0,0,0,0,0,0,0,0,0,0,0,0,0,0,0,0,0,0,0,0,0,0,0,0,0,0,0,0,0,0,0,0,0,0,0,0,0,0,0,0,0,0,0,0,0,0,0,0,0,0,0,0,0,0,0,0,0,0,0,0,0,0,0,0,0,0,0,0,0,0,0,0,0,0,0,0,0,0,0,0,0,0,0,0,0,0,0,0,0,0,0,0,0,0,326.267,0,0,0,0,0,0,0,0,0,0,0,0,0,0,0,0,0,0,0,0,0,0,0,0,0,0,0,0,0,0,0,0,0,0,0,0,0,0,0,0,0,0,0,0,0,0,0,0,0,0,0,0,0,0,0,0,0,0,0,0,0,0,0,0,0,0,0,0,0,0,0,0,0,0,0,0,0,0,0,0,0,0,0,0,0,0,0,0,0,0,0,0,0,0,0,0,0,0,0,0,0,0,0,0,0,0,0,0,0,0,0,0,0,0,0,0,0,0,0,0,0,0,0,0,0,0,0,0,0,0,0,0,0,0,0,0,0,0,0,0,0,0,0,0,0,0,0,0,0,0,0,0,0,0,0,0,0,0,0,0,0,0,0,0,0,0,0,0,0,0,0,0,0,0,0,0,0,0,0,0,0,0,0,0,0,0,0,0,0,0,0,0,0,0,0,0,0,0,0,514.429,
0,0,0,0,0,0,0,0,0,0,0,0,0,0,0,0,0,0,0,0,0,0,0,0,0,0,0,0,0,0,0,0,0,0,0,0,0,0,0,0,0,0,0,0,0,0,0,0,0,0,0,0,0,0,0,0,0,0,0,0,0,0,0,0,0,0,0,0,0,0,0,0,0,0,0,0,0,0,0,0,0,0,0,0,0,0,0,0,0,0,0,0,0,0,0,0,0,0,0,0,328.727,0,0,0,0,0,0,0,0,0,0,0,0,0,0,0,0,0,0,0,0,0,0,0,0,0,0,0,0,0,0,0,0,0,0,0,0,0,0,0,0,0,0,0,0,0,0,0,0,0,0,0,0,0,0,0,0,0,0,0,0,0,0,0,0,0,0,0,0,0,0,0,0,0,0,0,0,0,0,0,0,0,0,0,0,0,0,0,0,0,0,0,0,0,0,0,0,0,0,0,0,0,0,0,0,0,0,0,0,0,0,0,0,0,0,0,0,0,0,0,0,0,0,0,0,0,0,0,0,0,0,0,0,0,0,0,0,0,0,0,0,0,0,0,0,0,0,0,0,0,0,0,0,0,0,0,0,0,0,0,0,0,0,0,0,0,0,0,0,0,0,0,0,0,0,0,0,0,0,0,0,0,0,0,0,0,0,0,0,0,0,0,0,0,0,0,0,0,0,0,510.537,
0,0,0,0,0,0,0,0,0,0,0,0,0,0,0,0,0,0,0,0,0,0,0,0,0,0,0,0,0,0,0,0,0,0,0,0,0,0,0,0,0,0,0,0,0,0,0,0,0,0,0,0,0,0,0,0,0,0,0,0,0,0,0,0,0,0,0,0,0,0,0,0,0,0,0,0,0,0,0,0,0,0,0,0,0,0,0,0,0,0,0,0,0,0,0,0,0,0,0,0,326.156,0,0,0,0,0,0,0,0,0,0,0,0,0,0,0,0,0,0,0,0,0,0,0,0,0,0,0,0,0,0,0,0,0,0,0,0,0,0,0,0,0,0,0,0,0,0,0,0,0,0,0,0,0,0,0,0,0,0,0,0,0,0,0,0,0,0,0,0,0,0,0,0,0,0,0,0,0,0,0,0,0,0,0,0,0,0,0,0,0,0,0,0,0,0,0,0,0,0,0,0,0,0,0,0,0,0,0,0,0,0,0,0,0,0,0,0,0,0,0,0,0,0,0,0,0,0,0,0,0,0,0,0,0,0,0,0,0,0,0,0,0,0,0,0,0,0,0,0,0,0,0,0,0,0,0,0,0,0,0,0,0,0,0,0,0,0,0,0,0,0,0,0,0,0,0,0,0,0,0,0,0,0,0,0,0,0,0,0,0,0,0,0,0,0,0,0,0,0,0,512.955,
0,0,0,0,0,0,0,0,0,0,0,0,0,0,0,0,0,0,0,0,0,0,0,0,0,0,0,0,0,0,0,0,0,0,0,0,0,0,0,0,0,0,0,0,0,0,0,0,0,0,0,0,0,0,0,0,0,0,0,0,0,0,0,0,0,0,0,0,0,0,0,0,0,0,0,0,0,0,0,0,0,0,0,0,0,0,0,0,0,0,0,0,0,0,0,0,0,0,0,0,335.767,0,0,0,0,0,0,0,0,0,0,0,0,0,0,0,0,0,0,0,0,0,0,0,0,0,0,0,0,0,0,0,0,0,0,0,0,0,0,0,0,0,0,0,0,0,0,0,0,0,0,0,0,0,0,0,0,0,0,0,0,0,0,0,0,0,0,0,0,0,0,0,0,0,0,0,0,0,0,0,0,0,0,0,0,0,0,0,0,0,0,0,0,0,0,0,0,0,0,0,0,0,0,0,0,0,0,0,0,0,0,0,0,0,0,0,0,0,0,0,0,0,0,0,0,0,0,0,0,0,0,0,0,0,0,0,0,0,0,0,0,0,0,0,0,0,0,0,0,0,0,0,0,0,0,0,0,0,0,0,0,0,0,0,0,0,0,0,0,0,0,0,0,0,0,0,0,0,0,0,0,0,0,0,0,0,0,0,0,0,0,0,0,0,0,0,0,0,0,0,510.745,
0,0,0,0,0,0,0,0,0,0,0,0,0,0,0,0,0,0,0,0,0,0,0,0,0,0,0,0,0,0,0,0,0,0,0,0,0,0,0,0,0,0,0,0,0,0,0,0,0,0,0,0,0,0,0,0,0,0,0,0,0,0,0,0,0,0,0,0,0,0,0,0,0,0,0,0,0,0,0,0,0,0,0,0,0,0,0,0,0,0,0,0,0,0,0,0,0,0,0,0,330.247,0,0,0,0,0,0,0,0,0,0,0,0,0,0,0,0,0,0,0,0,0,0,0,0,0,0,0,0,0,0,0,0,0,0,0,0,0,0,0,0,0,0,0,0,0,0,0,0,0,0,0,0,0,0,0,0,0,0,0,0,0,0,0,0,0,0,0,0,0,0,0,0,0,0,0,0,0,0,0,0,0,0,0,0,0,0,0,0,0,0,0,0,0,0,0,0,0,0,0,0,0,0,0,0,0,0,0,0,0,0,0,0,0,0,0,0,0,0,0,0,0,0,0,0,0,0,0,0,0,0,0,0,0,0,0,0,0,0,0,0,0,0,0,0,0,0,0,0,0,0,0,0,0,0,0,0,0,0,0,0,0,0,0,0,0,0,0,0,0,0,0,0,0,0,0,0,0,0,0,0,0,0,0,0,0,0,0,0,0,0,0,0,0,0,0,0,0,0,0,511.901,
0,0,0,0,0,0,0,0,0,0,0,0,0,0,0,0,0,0,0,0,0,0,0,0,0,0,0,0,0,0,0,0,0,0,0,0,0,0,0,0,0,0,0,0,0,0,0,0,0,0,0,0,0,0,0,0,0,0,0,0,0,0,0,0,0,0,0,0,0,0,0,0,0,0,0,0,0,0,0,0,0,0,0,0,0,0,0,0,0,0,0,0,0,0,0,0,0,0,0,0,334.026,0,0,0,0,0,0,0,0,0,0,0,0,0,0,0,0,0,0,0,0,0,0,0,0,0,0,0,0,0,0,0,0,0,0,0,0,0,0,0,0,0,0,0,0,0,0,0,0,0,0,0,0,0,0,0,0,0,0,0,0,0,0,0,0,0,0,0,0,0,0,0,0,0,0,0,0,0,0,0,0,0,0,0,0,0,0,0,0,0,0,0,0,0,0,0,0,0,0,0,0,0,0,0,0,0,0,0,0,0,0,0,0,0,0,0,0,0,0,0,0,0,0,0,0,0,0,0,0,0,0,0,0,0,0,0,0,0,0,0,0,0,0,0,0,0,0,0,0,0,0,0,0,0,0,0,0,0,0,0,0,0,0,0,0,0,0,0,0,0,0,0,0,0,0,0,0,0,0,0,0,0,0,0,0,0,0,0,0,0,0,0,0,0,0,0,0,0,0,0,510.661,
0,0,0,0,0,0,0,0,0,0,0,0,0,0,0,0,0,0,0,0,0,0,0,0,0,0,0,0,0,0,0,0,0,0,0,0,0,0,0,0,0,0,0,0,0,0,0,0,0,0,0,0,0,0,0,0,0,0,0,0,0,0,0,0,0,0,0,0,0,0,0,0,0,0,0,0,0,0,0,0,0,0,0,0,0,0,0,0,0,0,0,0,0,0,0,0,0,0,0,0,334.827,0,0,0,0,0,0,0,0,0,0,0,0,0,0,0,0,0,0,0,0,0,0,0,0,0,0,0,0,0,0,0,0,0,0,0,0,0,0,0,0,0,0,0,0,0,0,0,0,0,0,0,0,0,0,0,0,0,0,0,0,0,0,0,0,0,0,0,0,0,0,0,0,0,0,0,0,0,0,0,0,0,0,0,0,0,0,0,0,0,0,0,0,0,0,0,0,0,0,0,0,0,0,0,0,0,0,0,0,0,0,0,0,0,0,0,0,0,0,0,0,0,0,0,0,0,0,0,0,0,0,0,0,0,0,0,0,0,0,0,0,0,0,0,0,0,0,0,0,0,0,0,0,0,0,0,0,0,0,0,0,0,0,0,0,0,0,0,0,0,0,0,0,0,0,0,0,0,0,0,0,0,0,0,0,0,0,0,0,0,0,0,0,0,0,0,0,0,0,0,512.115,
0,0,0,0,0,0,0,0,0,0,0,0,0,0,0,0,0,0,0,0,0,0,0,0,0,0,0,0,0,0,0,0,0,0,0,0,0,0,0,0,0,0,0,0,0,0,0,0,0,0,0,0,0,0,0,0,0,0,0,0,0,0,0,0,0,0,0,0,0,0,0,0,0,0,0,0,0,0,0,0,0,0,0,0,0,0,0,0,0,0,0,0,0,0,0,0,0,0,0,0,337.682,0,0,0,0,0,0,0,0,0,0,0,0,0,0,0,0,0,0,0,0,0,0,0,0,0,0,0,0,0,0,0,0,0,0,0,0,0,0,0,0,0,0,0,0,0,0,0,0,0,0,0,0,0,0,0,0,0,0,0,0,0,0,0,0,0,0,0,0,0,0,0,0,0,0,0,0,0,0,0,0,0,0,0,0,0,0,0,0,0,0,0,0,0,0,0,0,0,0,0,0,0,0,0,0,0,0,0,0,0,0,0,0,0,0,0,0,0,0,0,0,0,0,0,0,0,0,0,0,0,0,0,0,0,0,0,0,0,0,0,0,0,0,0,0,0,0,0,0,0,0,0,0,0,0,0,0,0,0,0,0,0,0,0,0,0,0,0,0,0,0,0,0,0,0,0,0,0,0,0,0,0,0,0,0,0,0,0,0,0,0,0,0,0,0,0,0,0,0,0,512.888,
0,0,0,0,0,0,0,0,0,0,0,0,0,0,0,0,0,0,0,0,0,0,0,0,0,0,0,0,0,0,0,0,0,0,0,0,0,0,0,0,0,0,0,0,0,0,0,0,0,0,0,0,0,0,0,0,0,0,0,0,0,0,0,0,0,0,0,0,0,0,0,0,0,0,0,0,0,0,0,0,0,0,0,0,0,0,0,0,0,0,0,0,0,0,0,0,0,0,0,0,340.585,0,0,0,0,0,0,0,0,0,0,0,0,0,0,0,0,0,0,0,0,0,0,0,0,0,0,0,0,0,0,0,0,0,0,0,0,0,0,0,0,0,0,0,0,0,0,0,0,0,0,0,0,0,0,0,0,0,0,0,0,0,0,0,0,0,0,0,0,0,0,0,0,0,0,0,0,0,0,0,0,0,0,0,0,0,0,0,0,0,0,0,0,0,0,0,0,0,0,0,0,0,0,0,0,0,0,0,0,0,0,0,0,0,0,0,0,0,0,0,0,0,0,0,0,0,0,0,0,0,0,0,0,0,0,0,0,0,0,0,0,0,0,0,0,0,0,0,0,0,0,0,0,0,0,0,0,0,0,0,0,0,0,0,0,0,0,0,0,0,0,0,0,0,0,0,0,0,0,0,0,0,0,0,0,0,0,0,0,0,0,0,0,0,0,0,0,0,0,0,512.321,
0,0,0,0,0,0,0,0,0,0,0,0,0,0,0,0,0,0,0,0,0,0,0,0,0,0,0,0,0,0,0,0,0,0,0,0,0,0,0,0,0,0,0,0,0,0,0,0,0,0,0,0,0,0,0,0,0,0,0,0,0,0,0,0,0,0,0,0,0,0,0,0,0,0,0,0,0,0,0,0,0,0,0,0,0,0,0,0,0,0,0,0,0,0,0,0,0,0,0,0,350.657,0,0,0,0,0,0,0,0,0,0,0,0,0,0,0,0,0,0,0,0,0,0,0,0,0,0,0,0,0,0,0,0,0,0,0,0,0,0,0,0,0,0,0,0,0,0,0,0,0,0,0,0,0,0,0,0,0,0,0,0,0,0,0,0,0,0,0,0,0,0,0,0,0,0,0,0,0,0,0,0,0,0,0,0,0,0,0,0,0,0,0,0,0,0,0,0,0,0,0,0,0,0,0,0,0,0,0,0,0,0,0,0,0,0,0,0,0,0,0,0,0,0,0,0,0,0,0,0,0,0,0,0,0,0,0,0,0,0,0,0,0,0,0,0,0,0,0,0,0,0,0,0,0,0,0,0,0,0,0,0,0,0,0,0,0,0,0,0,0,0,0,0,0,0,0,0,0,0,0,0,0,0,0,0,0,0,0,0,0,0,0,0,0,0,0,0,0,0,0,512.22,
0,0,0,0,0,0,0,0,0,0,0,0,0,0,0,0,0,0,0,0,0,0,0,0,0,0,0,0,0,0,0,0,0,0,0,0,0,0,0,0,0,0,0,0,0,0,0,0,0,0,0,0,0,0,0,0,0,0,0,0,0,0,0,0,0,0,0,0,0,0,0,0,0,0,0,0,0,0,0,0,0,0,0,0,0,0,0,0,0,0,0,0,0,0,0,0,0,0,0,0,338.871,0,0,0,0,0,0,0,0,0,0,0,0,0,0,0,0,0,0,0,0,0,0,0,0,0,0,0,0,0,0,0,0,0,0,0,0,0,0,0,0,0,0,0,0,0,0,0,0,0,0,0,0,0,0,0,0,0,0,0,0,0,0,0,0,0,0,0,0,0,0,0,0,0,0,0,0,0,0,0,0,0,0,0,0,0,0,0,0,0,0,0,0,0,0,0,0,0,0,0,0,0,0,0,0,0,0,0,0,0,0,0,0,0,0,0,0,0,0,0,0,0,0,0,0,0,0,0,0,0,0,0,0,0,0,0,0,0,0,0,0,0,0,0,0,0,0,0,0,0,0,0,0,0,0,0,0,0,0,0,0,0,0,0,0,0,0,0,0,0,0,0,0,0,0,0,0,0,0,0,0,0,0,0,0,0,0,0,0,0,0,0,0,0,0,0,0,0,0,0,510.985,
0,0,0,0,0,0,0,0,0,0,0,0,0,0,0,0,0,0,0,0,0,0,0,0,0,0,0,0,0,0,0,0,0,0,0,0,0,0,0,0,0,0,0,0,0,0,0,0,0,0,0,0,0,0,0,0,0,0,0,0,0,0,0,0,0,0,0,0,0,0,0,0,0,0,0,0,0,0,0,0,0,0,0,0,0,0,0,0,0,0,0,0,0,0,0,0,0,0,0,0,351.35,0,0,0,0,0,0,0,0,0,0,0,0,0,0,0,0,0,0,0,0,0,0,0,0,0,0,0,0,0,0,0,0,0,0,0,0,0,0,0,0,0,0,0,0,0,0,0,0,0,0,0,0,0,0,0,0,0,0,0,0,0,0,0,0,0,0,0,0,0,0,0,0,0,0,0,0,0,0,0,0,0,0,0,0,0,0,0,0,0,0,0,0,0,0,0,0,0,0,0,0,0,0,0,0,0,0,0,0,0,0,0,0,0,0,0,0,0,0,0,0,0,0,0,0,0,0,0,0,0,0,0,0,0,0,0,0,0,0,0,0,0,0,0,0,0,0,0,0,0,0,0,0,0,0,0,0,0,0,0,0,0,0,0,0,0,0,0,0,0,0,0,0,0,0,0,0,0,0,0,0,0,0,0,0,0,0,0,0,0,0,0,0,0,0,0,0,0,0,0,510.066,
0,0,0,0,0,0,0,0,0,0,0,0,0,0,0,0,0,0,0,0,0,0,0,0,0,0,0,0,0,0,0,0,0,0,0,0,0,0,0,0,0,0,0,0,0,0,0,0,0,0,0,0,0,0,0,0,0,0,0,0,0,0,0,0,0,0,0,0,0,0,0,0,0,0,0,0,0,0,0,0,0,0,0,0,0,0,0,0,0,0,0,0,0,0,0,0,0,0,0,0,349.353,0,0,0,0,0,0,0,0,0,0,0,0,0,0,0,0,0,0,0,0,0,0,0,0,0,0,0,0,0,0,0,0,0,0,0,0,0,0,0,0,0,0,0,0,0,0,0,0,0,0,0,0,0,0,0,0,0,0,0,0,0,0,0,0,0,0,0,0,0,0,0,0,0,0,0,0,0,0,0,0,0,0,0,0,0,0,0,0,0,0,0,0,0,0,0,0,0,0,0,0,0,0,0,0,0,0,0,0,0,0,0,0,0,0,0,0,0,0,0,0,0,0,0,0,0,0,0,0,0,0,0,0,0,0,0,0,0,0,0,0,0,0,0,0,0,0,0,0,0,0,0,0,0,0,0,0,0,0,0,0,0,0,0,0,0,0,0,0,0,0,0,0,0,0,0,0,0,0,0,0,0,0,0,0,0,0,0,0,0,0,0,0,0,0,0,0,0,0,0,512.477,
0,0,0,0,0,0,0,0,0,0,0,0,0,0,0,0,0,0,0,0,0,0,0,0,0,0,0,0,0,0,0,0,0,0,0,0,0,0,0,0,0,0,0,0,0,0,0,0,0,0,0,0,0,0,0,0,0,0,0,0,0,0,0,0,0,0,0,0,0,0,0,0,0,0,0,0,0,0,0,0,0,0,0,0,0,0,0,0,0,0,0,0,0,0,0,0,0,0,0,0,351.752,0,0,0,0,0,0,0,0,0,0,0,0,0,0,0,0,0,0,0,0,0,0,0,0,0,0,0,0,0,0,0,0,0,0,0,0,0,0,0,0,0,0,0,0,0,0,0,0,0,0,0,0,0,0,0,0,0,0,0,0,0,0,0,0,0,0,0,0,0,0,0,0,0,0,0,0,0,0,0,0,0,0,0,0,0,0,0,0,0,0,0,0,0,0,0,0,0,0,0,0,0,0,0,0,0,0,0,0,0,0,0,0,0,0,0,0,0,0,0,0,0,0,0,0,0,0,0,0,0,0,0,0,0,0,0,0,0,0,0,0,0,0,0,0,0,0,0,0,0,0,0,0,0,0,0,0,0,0,0,0,0,0,0,0,0,0,0,0,0,0,0,0,0,0,0,0,0,0,0,0,0,0,0,0,0,0,0,0,0,0,0,0,0,0,0,0,0,0,0,512.2,
0,0,0,0,0,0,0,0,0,0,0,0,0,0,0,0,0,0,0,0,0,0,0,0,0,0,0,0,0,0,0,0,0,0,0,0,0,0,0,0,0,0,0,0,0,0,0,0,0,0,0,0,0,0,0,0,0,0,0,0,0,0,0,0,0,0,0,0,0,0,0,0,0,0,0,0,0,0,0,0,0,0,0,0,0,0,0,0,0,0,0,0,0,0,0,0,0,0,0,0,355.642,0,0,0,0,0,0,0,0,0,0,0,0,0,0,0,0,0,0,0,0,0,0,0,0,0,0,0,0,0,0,0,0,0,0,0,0,0,0,0,0,0,0,0,0,0,0,0,0,0,0,0,0,0,0,0,0,0,0,0,0,0,0,0,0,0,0,0,0,0,0,0,0,0,0,0,0,0,0,0,0,0,0,0,0,0,0,0,0,0,0,0,0,0,0,0,0,0,0,0,0,0,0,0,0,0,0,0,0,0,0,0,0,0,0,0,0,0,0,0,0,0,0,0,0,0,0,0,0,0,0,0,0,0,0,0,0,0,0,0,0,0,0,0,0,0,0,0,0,0,0,0,0,0,0,0,0,0,0,0,0,0,0,0,0,0,0,0,0,0,0,0,0,0,0,0,0,0,0,0,0,0,0,0,0,0,0,0,0,0,0,0,0,0,0,0,0,0,0,0,510.284,
0,0,0,0,0,0,0,0,0,0,0,0,0,0,0,0,0,0,0,0,0,0,0,0,0,0,0,0,0,0,0,0,0,0,0,0,0,0,0,0,0,0,0,0,0,0,0,0,0,0,0,0,0,0,0,0,0,0,0,0,0,0,0,0,0,0,0,0,0,0,0,0,0,0,0,0,0,0,0,0,0,0,0,0,0,0,0,0,0,0,0,0,0,0,0,0,0,0,0,0,356.133,0,0,0,0,0,0,0,0,0,0,0,0,0,0,0,0,0,0,0,0,0,0,0,0,0,0,0,0,0,0,0,0,0,0,0,0,0,0,0,0,0,0,0,0,0,0,0,0,0,0,0,0,0,0,0,0,0,0,0,0,0,0,0,0,0,0,0,0,0,0,0,0,0,0,0,0,0,0,0,0,0,0,0,0,0,0,0,0,0,0,0,0,0,0,0,0,0,0,0,0,0,0,0,0,0,0,0,0,0,0,0,0,0,0,0,0,0,0,0,0,0,0,0,0,0,0,0,0,0,0,0,0,0,0,0,0,0,0,0,0,0,0,0,0,0,0,0,0,0,0,0,0,0,0,0,0,0,0,0,0,0,0,0,0,0,0,0,0,0,0,0,0,0,0,0,0,0,0,0,0,0,0,0,0,0,0,0,0,0,0,0,0,0,0,0,0,0,0,0,512.388,
0,0,0,0,0,0,0,0,0,0,0,0,0,0,0,0,0,0,0,0,0,0,0,0,0,0,0,0,0,0,0,0,0,0,0,0,0,0,0,0,0,0,0,0,0,0,0,0,0,0,0,0,0,0,0,0,0,0,0,0,0,0,0,0,0,0,0,0,0,0,0,0,0,0,0,0,0,0,0,0,0,0,0,0,0,0,0,0,0,0,0,0,0,0,0,0,0,0,0,0,364.66,0,0,0,0,0,0,0,0,0,0,0,0,0,0,0,0,0,0,0,0,0,0,0,0,0,0,0,0,0,0,0,0,0,0,0,0,0,0,0,0,0,0,0,0,0,0,0,0,0,0,0,0,0,0,0,0,0,0,0,0,0,0,0,0,0,0,0,0,0,0,0,0,0,0,0,0,0,0,0,0,0,0,0,0,0,0,0,0,0,0,0,0,0,0,0,0,0,0,0,0,0,0,0,0,0,0,0,0,0,0,0,0,0,0,0,0,0,0,0,0,0,0,0,0,0,0,0,0,0,0,0,0,0,0,0,0,0,0,0,0,0,0,0,0,0,0,0,0,0,0,0,0,0,0,0,0,0,0,0,0,0,0,0,0,0,0,0,0,0,0,0,0,0,0,0,0,0,0,0,0,0,0,0,0,0,0,0,0,0,0,0,0,0,0,0,0,0,0,0,511.719,
0,0,0,0,0,0,0,0,0,0,0,0,0,0,0,0,0,0,0,0,0,0,0,0,0,0,0,0,0,0,0,0,0,0,0,0,0,0,0,0,0,0,0,0,0,0,0,0,0,0,0,0,0,0,0,0,0,0,0,0,0,0,0,0,0,0,0,0,0,0,0,0,0,0,0,0,0,0,0,0,0,0,0,0,0,0,0,0,0,0,0,0,0,0,0,0,0,0,0,0,363.215,0,0,0,0,0,0,0,0,0,0,0,0,0,0,0,0,0,0,0,0,0,0,0,0,0,0,0,0,0,0,0,0,0,0,0,0,0,0,0,0,0,0,0,0,0,0,0,0,0,0,0,0,0,0,0,0,0,0,0,0,0,0,0,0,0,0,0,0,0,0,0,0,0,0,0,0,0,0,0,0,0,0,0,0,0,0,0,0,0,0,0,0,0,0,0,0,0,0,0,0,0,0,0,0,0,0,0,0,0,0,0,0,0,0,0,0,0,0,0,0,0,0,0,0,0,0,0,0,0,0,0,0,0,0,0,0,0,0,0,0,0,0,0,0,0,0,0,0,0,0,0,0,0,0,0,0,0,0,0,0,0,0,0,0,0,0,0,0,0,0,0,0,0,0,0,0,0,0,0,0,0,0,0,0,0,0,0,0,0,0,0,0,0,0,0,0,0,0,0,513.437,
0,0,0,0,0,0,0,0,0,0,0,0,0,0,0,0,0,0,0,0,0,0,0,0,0,0,0,0,0,0,0,0,0,0,0,0,0,0,0,0,0,0,0,0,0,0,0,0,0,0,0,0,0,0,0,0,0,0,0,0,0,0,0,0,0,0,0,0,0,0,0,0,0,0,0,0,0,0,0,0,0,0,0,0,0,0,0,0,0,0,0,0,0,0,0,0,0,0,0,0,360.424,0,0,0,0,0,0,0,0,0,0,0,0,0,0,0,0,0,0,0,0,0,0,0,0,0,0,0,0,0,0,0,0,0,0,0,0,0,0,0,0,0,0,0,0,0,0,0,0,0,0,0,0,0,0,0,0,0,0,0,0,0,0,0,0,0,0,0,0,0,0,0,0,0,0,0,0,0,0,0,0,0,0,0,0,0,0,0,0,0,0,0,0,0,0,0,0,0,0,0,0,0,0,0,0,0,0,0,0,0,0,0,0,0,0,0,0,0,0,0,0,0,0,0,0,0,0,0,0,0,0,0,0,0,0,0,0,0,0,0,0,0,0,0,0,0,0,0,0,0,0,0,0,0,0,0,0,0,0,0,0,0,0,0,0,0,0,0,0,0,0,0,0,0,0,0,0,0,0,0,0,0,0,0,0,0,0,0,0,0,0,0,0,0,0,0,0,0,0,0,512.568,
0,0,0,0,0,0,0,0,0,0,0,0,0,0,0,0,0,0,0,0,0,0,0,0,0,0,0,0,0,0,0,0,0,0,0,0,0,0,0,0,0,0,0,0,0,0,0,0,0,0,0,0,0,0,0,0,0,0,0,0,0,0,0,0,0,0,0,0,0,0,0,0,0,0,0,0,0,0,0,0,0,0,0,0,0,0,0,0,0,0,0,0,0,0,0,0,0,0,0,0,370.468,0,0,0,0,0,0,0,0,0,0,0,0,0,0,0,0,0,0,0,0,0,0,0,0,0,0,0,0,0,0,0,0,0,0,0,0,0,0,0,0,0,0,0,0,0,0,0,0,0,0,0,0,0,0,0,0,0,0,0,0,0,0,0,0,0,0,0,0,0,0,0,0,0,0,0,0,0,0,0,0,0,0,0,0,0,0,0,0,0,0,0,0,0,0,0,0,0,0,0,0,0,0,0,0,0,0,0,0,0,0,0,0,0,0,0,0,0,0,0,0,0,0,0,0,0,0,0,0,0,0,0,0,0,0,0,0,0,0,0,0,0,0,0,0,0,0,0,0,0,0,0,0,0,0,0,0,0,0,0,0,0,0,0,0,0,0,0,0,0,0,0,0,0,0,0,0,0,0,0,0,0,0,0,0,0,0,0,0,0,0,0,0,0,0,0,0,0,0,0,511.436,
0,0,0,0,0,0,0,0,0,0,0,0,0,0,0,0,0,0,0,0,0,0,0,0,0,0,0,0,0,0,0,0,0,0,0,0,0,0,0,0,0,0,0,0,0,0,0,0,0,0,0,0,0,0,0,0,0,0,0,0,0,0,0,0,0,0,0,0,0,0,0,0,0,0,0,0,0,0,0,0,0,0,0,0,0,0,0,0,0,0,0,0,0,0,0,0,0,0,0,0,374.93,0,0,0,0,0,0,0,0,0,0,0,0,0,0,0,0,0,0,0,0,0,0,0,0,0,0,0,0,0,0,0,0,0,0,0,0,0,0,0,0,0,0,0,0,0,0,0,0,0,0,0,0,0,0,0,0,0,0,0,0,0,0,0,0,0,0,0,0,0,0,0,0,0,0,0,0,0,0,0,0,0,0,0,0,0,0,0,0,0,0,0,0,0,0,0,0,0,0,0,0,0,0,0,0,0,0,0,0,0,0,0,0,0,0,0,0,0,0,0,0,0,0,0,0,0,0,0,0,0,0,0,0,0,0,0,0,0,0,0,0,0,0,0,0,0,0,0,0,0,0,0,0,0,0,0,0,0,0,0,0,0,0,0,0,0,0,0,0,0,0,0,0,0,0,0,0,0,0,0,0,0,0,0,0,0,0,0,0,0,0,0,0,0,0,0,0,0,0,0,510.781,
0,0,0,0,0,0,0,0,0,0,0,0,0,0,0,0,0,0,0,0,0,0,0,0,0,0,0,0,0,0,0,0,0,0,0,0,0,0,0,0,0,0,0,0,0,0,0,0,0,0,0,0,0,0,0,0,0,0,0,0,0,0,0,0,0,0,0,0,0,0,0,0,0,0,0,0,0,0,0,0,0,0,0,0,0,0,0,0,0,0,0,0,0,0,0,0,0,0,0,0,361.586,0,0,0,0,0,0,0,0,0,0,0,0,0,0,0,0,0,0,0,0,0,0,0,0,0,0,0,0,0,0,0,0,0,0,0,0,0,0,0,0,0,0,0,0,0,0,0,0,0,0,0,0,0,0,0,0,0,0,0,0,0,0,0,0,0,0,0,0,0,0,0,0,0,0,0,0,0,0,0,0,0,0,0,0,0,0,0,0,0,0,0,0,0,0,0,0,0,0,0,0,0,0,0,0,0,0,0,0,0,0,0,0,0,0,0,0,0,0,0,0,0,0,0,0,0,0,0,0,0,0,0,0,0,0,0,0,0,0,0,0,0,0,0,0,0,0,0,0,0,0,0,0,0,0,0,0,0,0,0,0,0,0,0,0,0,0,0,0,0,0,0,0,0,0,0,0,0,0,0,0,0,0,0,0,0,0,0,0,0,0,0,0,0,0,0,0,0,0,0,511.663,
0,0,0,0,0,0,0,0,0,0,0,0,0,0,0,0,0,0,0,0,0,0,0,0,0,0,0,0,0,0,0,0,0,0,0,0,0,0,0,0,0,0,0,0,0,0,0,0,0,0,0,0,0,0,0,0,0,0,0,0,0,0,0,0,0,0,0,0,0,0,0,0,0,0,0,0,0,0,0,0,0,0,0,0,0,0,0,0,0,0,0,0,0,0,0,0,0,0,0,0,375.342,0,0,0,0,0,0,0,0,0,0,0,0,0,0,0,0,0,0,0,0,0,0,0,0,0,0,0,0,0,0,0,0,0,0,0,0,0,0,0,0,0,0,0,0,0,0,0,0,0,0,0,0,0,0,0,0,0,0,0,0,0,0,0,0,0,0,0,0,0,0,0,0,0,0,0,0,0,0,0,0,0,0,0,0,0,0,0,0,0,0,0,0,0,0,0,0,0,0,0,0,0,0,0,0,0,0,0,0,0,0,0,0,0,0,0,0,0,0,0,0,0,0,0,0,0,0,0,0,0,0,0,0,0,0,0,0,0,0,0,0,0,0,0,0,0,0,0,0,0,0,0,0,0,0,0,0,0,0,0,0,0,0,0,0,0,0,0,0,0,0,0,0,0,0,0,0,0,0,0,0,0,0,0,0,0,0,0,0,0,0,0,0,0,0,0,0,0,0,0,513.331,
0,0,0,0,0,0,0,0,0,0,0,0,0,0,0,0,0,0,0,0,0,0,0,0,0,0,0,0,0,0,0,0,0,0,0,0,0,0,0,0,0,0,0,0,0,0,0,0,0,0,0,0,0,0,0,0,0,0,0,0,0,0,0,0,0,0,0,0,0,0,0,0,0,0,0,0,0,0,0,0,0,0,0,0,0,0,0,0,0,0,0,0,0,0,0,0,0,0,0,0,372.875,0,0,0,0,0,0,0,0,0,0,0,0,0,0,0,0,0,0,0,0,0,0,0,0,0,0,0,0,0,0,0,0,0,0,0,0,0,0,0,0,0,0,0,0,0,0,0,0,0,0,0,0,0,0,0,0,0,0,0,0,0,0,0,0,0,0,0,0,0,0,0,0,0,0,0,0,0,0,0,0,0,0,0,0,0,0,0,0,0,0,0,0,0,0,0,0,0,0,0,0,0,0,0,0,0,0,0,0,0,0,0,0,0,0,0,0,0,0,0,0,0,0,0,0,0,0,0,0,0,0,0,0,0,0,0,0,0,0,0,0,0,0,0,0,0,0,0,0,0,0,0,0,0,0,0,0,0,0,0,0,0,0,0,0,0,0,0,0,0,0,0,0,0,0,0,0,0,0,0,0,0,0,0,0,0,0,0,0,0,0,0,0,0,0,0,0,0,0,0,512.806,
0,0,0,0,0,0,0,0,0,0,0,0,0,0,0,0,0,0,0,0,0,0,0,0,0,0,0,0,0,0,0,0,0,0,0,0,0,0,0,0,0,0,0,0,0,0,0,0,0,0,0,0,0,0,0,0,0,0,0,0,0,0,0,0,0,0,0,0,0,0,0,0,0,0,0,0,0,0,0,0,0,0,0,0,0,0,0,0,0,0,0,0,0,0,0,0,0,0,0,0,379.115,0,0,0,0,0,0,0,0,0,0,0,0,0,0,0,0,0,0,0,0,0,0,0,0,0,0,0,0,0,0,0,0,0,0,0,0,0,0,0,0,0,0,0,0,0,0,0,0,0,0,0,0,0,0,0,0,0,0,0,0,0,0,0,0,0,0,0,0,0,0,0,0,0,0,0,0,0,0,0,0,0,0,0,0,0,0,0,0,0,0,0,0,0,0,0,0,0,0,0,0,0,0,0,0,0,0,0,0,0,0,0,0,0,0,0,0,0,0,0,0,0,0,0,0,0,0,0,0,0,0,0,0,0,0,0,0,0,0,0,0,0,0,0,0,0,0,0,0,0,0,0,0,0,0,0,0,0,0,0,0,0,0,0,0,0,0,0,0,0,0,0,0,0,0,0,0,0,0,0,0,0,0,0,0,0,0,0,0,0,0,0,0,0,0,0,0,0,0,0,510.517,
0,0,0,0,0,0,0,0,0,0,0,0,0,0,0,0,0,0,0,0,0,0,0,0,0,0,0,0,0,0,0,0,0,0,0,0,0,0,0,0,0,0,0,0,0,0,0,0,0,0,0,0,0,0,0,0,0,0,0,0,0,0,0,0,0,0,0,0,0,0,0,0,0,0,0,0,0,0,0,0,0,0,0,0,0,0,0,0,0,0,0,0,0,0,0,0,0,0,0,0,367.608,0,0,0,0,0,0,0,0,0,0,0,0,0,0,0,0,0,0,0,0,0,0,0,0,0,0,0,0,0,0,0,0,0,0,0,0,0,0,0,0,0,0,0,0,0,0,0,0,0,0,0,0,0,0,0,0,0,0,0,0,0,0,0,0,0,0,0,0,0,0,0,0,0,0,0,0,0,0,0,0,0,0,0,0,0,0,0,0,0,0,0,0,0,0,0,0,0,0,0,0,0,0,0,0,0,0,0,0,0,0,0,0,0,0,0,0,0,0,0,0,0,0,0,0,0,0,0,0,0,0,0,0,0,0,0,0,0,0,0,0,0,0,0,0,0,0,0,0,0,0,0,0,0,0,0,0,0,0,0,0,0,0,0,0,0,0,0,0,0,0,0,0,0,0,0,0,0,0,0,0,0,0,0,0,0,0,0,0,0,0,0,0,0,0,0,0,0,0,0,511.127,
0,0,0,0,0,0,0,0,0,0,0,0,0,0,0,0,0,0,0,0,0,0,0,0,0,0,0,0,0,0,0,0,0,0,0,0,0,0,0,0,0,0,0,0,0,0,0,0,0,0,0,0,0,0,0,0,0,0,0,0,0,0,0,0,0,0,0,0,0,0,0,0,0,0,0,0,0,0,0,0,0,0,0,0,0,0,0,0,0,0,0,0,0,0,0,0,0,0,0,0,379.259,0,0,0,0,0,0,0,0,0,0,0,0,0,0,0,0,0,0,0,0,0,0,0,0,0,0,0,0,0,0,0,0,0,0,0,0,0,0,0,0,0,0,0,0,0,0,0,0,0,0,0,0,0,0,0,0,0,0,0,0,0,0,0,0,0,0,0,0,0,0,0,0,0,0,0,0,0,0,0,0,0,0,0,0,0,0,0,0,0,0,0,0,0,0,0,0,0,0,0,0,0,0,0,0,0,0,0,0,0,0,0,0,0,0,0,0,0,0,0,0,0,0,0,0,0,0,0,0,0,0,0,0,0,0,0,0,0,0,0,0,0,0,0,0,0,0,0,0,0,0,0,0,0,0,0,0,0,0,0,0,0,0,0,0,0,0,0,0,0,0,0,0,0,0,0,0,0,0,0,0,0,0,0,0,0,0,0,0,0,0,0,0,0,0,0,0,0,0,0,511.642,
0,0,0,0,0,0,0,0,0,0,0,0,0,0,0,0,0,0,0,0,0,0,0,0,0,0,0,0,0,0,0,0,0,0,0,0,0,0,0,0,0,0,0,0,0,0,0,0,0,0,0,0,0,0,0,0,0,0,0,0,0,0,0,0,0,0,0,0,0,0,0,0,0,0,0,0,0,0,0,0,0,0,0,0,0,0,0,0,0,0,0,0,0,0,0,0,0,0,0,0,380.691,0,0,0,0,0,0,0,0,0,0,0,0,0,0,0,0,0,0,0,0,0,0,0,0,0,0,0,0,0,0,0,0,0,0,0,0,0,0,0,0,0,0,0,0,0,0,0,0,0,0,0,0,0,0,0,0,0,0,0,0,0,0,0,0,0,0,0,0,0,0,0,0,0,0,0,0,0,0,0,0,0,0,0,0,0,0,0,0,0,0,0,0,0,0,0,0,0,0,0,0,0,0,0,0,0,0,0,0,0,0,0,0,0,0,0,0,0,0,0,0,0,0,0,0,0,0,0,0,0,0,0,0,0,0,0,0,0,0,0,0,0,0,0,0,0,0,0,0,0,0,0,0,0,0,0,0,0,0,0,0,0,0,0,0,0,0,0,0,0,0,0,0,0,0,0,0,0,0,0,0,0,0,0,0,0,0,0,0,0,0,0,0,0,0,0,0,0,0,0,513.289,
0,0,0,0,0,0,0,0,0,0,0,0,0,0,0,0,0,0,0,0,0,0,0,0,0,0,0,0,0,0,0,0,0,0,0,0,0,0,0,0,0,0,0,0,0,0,0,0,0,0,0,0,0,0,0,0,0,0,0,0,0,0,0,0,0,0,0,0,0,0,0,0,0,0,0,0,0,0,0,0,0,0,0,0,0,0,0,0,0,0,0,0,0,0,0,0,0,0,0,0,384.468,0,0,0,0,0,0,0,0,0,0,0,0,0,0,0,0,0,0,0,0,0,0,0,0,0,0,0,0,0,0,0,0,0,0,0,0,0,0,0,0,0,0,0,0,0,0,0,0,0,0,0,0,0,0,0,0,0,0,0,0,0,0,0,0,0,0,0,0,0,0,0,0,0,0,0,0,0,0,0,0,0,0,0,0,0,0,0,0,0,0,0,0,0,0,0,0,0,0,0,0,0,0,0,0,0,0,0,0,0,0,0,0,0,0,0,0,0,0,0,0,0,0,0,0,0,0,0,0,0,0,0,0,0,0,0,0,0,0,0,0,0,0,0,0,0,0,0,0,0,0,0,0,0,0,0,0,0,0,0,0,0,0,0,0,0,0,0,0,0,0,0,0,0,0,0,0,0,0,0,0,0,0,0,0,0,0,0,0,0,0,0,0,0,0,0,0,0,0,0,512.525,
0,0,0,0,0,0,0,0,0,0,0,0,0,0,0,0,0,0,0,0,0,0,0,0,0,0,0,0,0,0,0,0,0,0,0,0,0,0,0,0,0,0,0,0,0,0,0,0,0,0,0,0,0,0,0,0,0,0,0,0,0,0,0,0,0,0,0,0,0,0,0,0,0,0,0,0,0,0,0,0,0,0,0,0,0,0,0,0,0,0,0,0,0,0,0,0,0,0,0,0,386.088,0,0,0,0,0,0,0,0,0,0,0,0,0,0,0,0,0,0,0,0,0,0,0,0,0,0,0,0,0,0,0,0,0,0,0,0,0,0,0,0,0,0,0,0,0,0,0,0,0,0,0,0,0,0,0,0,0,0,0,0,0,0,0,0,0,0,0,0,0,0,0,0,0,0,0,0,0,0,0,0,0,0,0,0,0,0,0,0,0,0,0,0,0,0,0,0,0,0,0,0,0,0,0,0,0,0,0,0,0,0,0,0,0,0,0,0,0,0,0,0,0,0,0,0,0,0,0,0,0,0,0,0,0,0,0,0,0,0,0,0,0,0,0,0,0,0,0,0,0,0,0,0,0,0,0,0,0,0,0,0,0,0,0,0,0,0,0,0,0,0,0,0,0,0,0,0,0,0,0,0,0,0,0,0,0,0,0,0,0,0,0,0,0,0,0,0,0,0,0,511.934,
0,0,0,0,0,0,0,0,0,0,0,0,0,0,0,0,0,0,0,0,0,0,0,0,0,0,0,0,0,0,0,0,0,0,0,0,0,0,0,0,0,0,0,0,0,0,0,0,0,0,0,0,0,0,0,0,0,0,0,0,0,0,0,0,0,0,0,0,0,0,0,0,0,0,0,0,0,0,0,0,0,0,0,0,0,0,0,0,0,0,0,0,0,0,0,0,0,0,0,0,382.764,0,0,0,0,0,0,0,0,0,0,0,0,0,0,0,0,0,0,0,0,0,0,0,0,0,0,0,0,0,0,0,0,0,0,0,0,0,0,0,0,0,0,0,0,0,0,0,0,0,0,0,0,0,0,0,0,0,0,0,0,0,0,0,0,0,0,0,0,0,0,0,0,0,0,0,0,0,0,0,0,0,0,0,0,0,0,0,0,0,0,0,0,0,0,0,0,0,0,0,0,0,0,0,0,0,0,0,0,0,0,0,0,0,0,0,0,0,0,0,0,0,0,0,0,0,0,0,0,0,0,0,0,0,0,0,0,0,0,0,0,0,0,0,0,0,0,0,0,0,0,0,0,0,0,0,0,0,0,0,0,0,0,0,0,0,0,0,0,0,0,0,0,0,0,0,0,0,0,0,0,0,0,0,0,0,0,0,0,0,0,0,0,0,0,0,0,0,0,0,512.758,
0,0,0,0,0,0,0,0,0,0,0,0,0,0,0,0,0,0,0,0,0,0,0,0,0,0,0,0,0,0,0,0,0,0,0,0,0,0,0,0,0,0,0,0,0,0,0,0,0,0,0,0,0,0,0,0,0,0,0,0,0,0,0,0,0,0,0,0,0,0,0,0,0,0,0,0,0,0,0,0,0,0,0,0,0,0,0,0,0,0,0,0,0,0,0,0,0,0,0,0,387.981,0,0,0,0,0,0,0,0,0,0,0,0,0,0,0,0,0,0,0,0,0,0,0,0,0,0,0,0,0,0,0,0,0,0,0,0,0,0,0,0,0,0,0,0,0,0,0,0,0,0,0,0,0,0,0,0,0,0,0,0,0,0,0,0,0,0,0,0,0,0,0,0,0,0,0,0,0,0,0,0,0,0,0,0,0,0,0,0,0,0,0,0,0,0,0,0,0,0,0,0,0,0,0,0,0,0,0,0,0,0,0,0,0,0,0,0,0,0,0,0,0,0,0,0,0,0,0,0,0,0,0,0,0,0,0,0,0,0,0,0,0,0,0,0,0,0,0,0,0,0,0,0,0,0,0,0,0,0,0,0,0,0,0,0,0,0,0,0,0,0,0,0,0,0,0,0,0,0,0,0,0,0,0,0,0,0,0,0,0,0,0,0,0,0,0,0,0,0,0,512.163,
0,0,0,0,0,0,0,0,0,0,0,0,0,0,0,0,0,0,0,0,0,0,0,0,0,0,0,0,0,0,0,0,0,0,0,0,0,0,0,0,0,0,0,0,0,0,0,0,0,0,0,0,0,0,0,0,0,0,0,0,0,0,0,0,0,0,0,0,0,0,0,0,0,0,0,0,0,0,0,0,0,0,0,0,0,0,0,0,0,0,0,0,0,0,0,0,0,0,0,0,391.205,0,0,0,0,0,0,0,0,0,0,0,0,0,0,0,0,0,0,0,0,0,0,0,0,0,0,0,0,0,0,0,0,0,0,0,0,0,0,0,0,0,0,0,0,0,0,0,0,0,0,0,0,0,0,0,0,0,0,0,0,0,0,0,0,0,0,0,0,0,0,0,0,0,0,0,0,0,0,0,0,0,0,0,0,0,0,0,0,0,0,0,0,0,0,0,0,0,0,0,0,0,0,0,0,0,0,0,0,0,0,0,0,0,0,0,0,0,0,0,0,0,0,0,0,0,0,0,0,0,0,0,0,0,0,0,0,0,0,0,0,0,0,0,0,0,0,0,0,0,0,0,0,0,0,0,0,0,0,0,0,0,0,0,0,0,0,0,0,0,0,0,0,0,0,0,0,0,0,0,0,0,0,0,0,0,0,0,0,0,0,0,0,0,0,0,0,0,0,0,511.602,
0,0,0,0,0,0,0,0,0,0,0,0,0,0,0,0,0,0,0,0,0,0,0,0,0,0,0,0,0,0,0,0,0,0,0,0,0,0,0,0,0,0,0,0,0,0,0,0,0,0,0,0,0,0,0,0,0,0,0,0,0,0,0,0,0,0,0,0,0,0,0,0,0,0,0,0,0,0,0,0,0,0,0,0,0,0,0,0,0,0,0,0,0,0,0,0,0,0,0,0,394.379,0,0,0,0,0,0,0,0,0,0,0,0,0,0,0,0,0,0,0,0,0,0,0,0,0,0,0,0,0,0,0,0,0,0,0,0,0,0,0,0,0,0,0,0,0,0,0,0,0,0,0,0,0,0,0,0,0,0,0,0,0,0,0,0,0,0,0,0,0,0,0,0,0,0,0,0,0,0,0,0,0,0,0,0,0,0,0,0,0,0,0,0,0,0,0,0,0,0,0,0,0,0,0,0,0,0,0,0,0,0,0,0,0,0,0,0,0,0,0,0,0,0,0,0,0,0,0,0,0,0,0,0,0,0,0,0,0,0,0,0,0,0,0,0,0,0,0,0,0,0,0,0,0,0,0,0,0,0,0,0,0,0,0,0,0,0,0,0,0,0,0,0,0,0,0,0,0,0,0,0,0,0,0,0,0,0,0,0,0,0,0,0,0,0,0,0,0,0,0,512.644,
0,0,0,0,0,0,0,0,0,0,0,0,0,0,0,0,0,0,0,0,0,0,0,0,0,0,0,0,0,0,0,0,0,0,0,0,0,0,0,0,0,0,0,0,0,0,0,0,0,0,0,0,0,0,0,0,0,0,0,0,0,0,0,0,0,0,0,0,0,0,0,0,0,0,0,0,0,0,0,0,0,0,0,0,0,0,0,0,0,0,0,0,0,0,0,0,0,0,0,0,397.97,0,0,0,0,0,0,0,0,0,0,0,0,0,0,0,0,0,0,0,0,0,0,0,0,0,0,0,0,0,0,0,0,0,0,0,0,0,0,0,0,0,0,0,0,0,0,0,0,0,0,0,0,0,0,0,0,0,0,0,0,0,0,0,0,0,0,0,0,0,0,0,0,0,0,0,0,0,0,0,0,0,0,0,0,0,0,0,0,0,0,0,0,0,0,0,0,0,0,0,0,0,0,0,0,0,0,0,0,0,0,0,0,0,0,0,0,0,0,0,0,0,0,0,0,0,0,0,0,0,0,0,0,0,0,0,0,0,0,0,0,0,0,0,0,0,0,0,0,0,0,0,0,0,0,0,0,0,0,0,0,0,0,0,0,0,0,0,0,0,0,0,0,0,0,0,0,0,0,0,0,0,0,0,0,0,0,0,0,0,0,0,0,0,0,0,0,0,0,0,512.181,
0,0,0,0,0,0,0,0,0,0,0,0,0,0,0,0,0,0,0,0,0,0,0,0,0,0,0,0,0,0,0,0,0,0,0,0,0,0,0,0,0,0,0,0,0,0,0,0,0,0,0,0,0,0,0,0,0,0,0,0,0,0,0,0,0,0,0,0,0,0,0,0,0,0,0,0,0,0,0,0,0,0,0,0,0,0,0,0,0,0,0,0,0,0,0,0,0,0,0,0,382.59,0,0,0,0,0,0,0,0,0,0,0,0,0,0,0,0,0,0,0,0,0,0,0,0,0,0,0,0,0,0,0,0,0,0,0,0,0,0,0,0,0,0,0,0,0,0,0,0,0,0,0,0,0,0,0,0,0,0,0,0,0,0,0,0,0,0,0,0,0,0,0,0,0,0,0,0,0,0,0,0,0,0,0,0,0,0,0,0,0,0,0,0,0,0,0,0,0,0,0,0,0,0,0,0,0,0,0,0,0,0,0,0,0,0,0,0,0,0,0,0,0,0,0,0,0,0,0,0,0,0,0,0,0,0,0,0,0,0,0,0,0,0,0,0,0,0,0,0,0,0,0,0,0,0,0,0,0,0,0,0,0,0,0,0,0,0,0,0,0,0,0,0,0,0,0,0,0,0,0,0,0,0,0,0,0,0,0,0,0,0,0,0,0,0,0,0,0,0,0,512.347,
0,0,0,0,0,0,0,0,0,0,0,0,0,0,0,0,0,0,0,0,0,0,0,0,0,0,0,0,0,0,0,0,0,0,0,0,0,0,0,0,0,0,0,0,0,0,0,0,0,0,0,0,0,0,0,0,0,0,0,0,0,0,0,0,0,0,0,0,0,0,0,0,0,0,0,0,0,0,0,0,0,0,0,0,0,0,0,0,0,0,0,0,0,0,0,0,0,0,0,0,396.927,0,0,0,0,0,0,0,0,0,0,0,0,0,0,0,0,0,0,0,0,0,0,0,0,0,0,0,0,0,0,0,0,0,0,0,0,0,0,0,0,0,0,0,0,0,0,0,0,0,0,0,0,0,0,0,0,0,0,0,0,0,0,0,0,0,0,0,0,0,0,0,0,0,0,0,0,0,0,0,0,0,0,0,0,0,0,0,0,0,0,0,0,0,0,0,0,0,0,0,0,0,0,0,0,0,0,0,0,0,0,0,0,0,0,0,0,0,0,0,0,0,0,0,0,0,0,0,0,0,0,0,0,0,0,0,0,0,0,0,0,0,0,0,0,0,0,0,0,0,0,0,0,0,0,0,0,0,0,0,0,0,0,0,0,0,0,0,0,0,0,0,0,0,0,0,0,0,0,0,0,0,0,0,0,0,0,0,0,0,0,0,0,0,0,0,0,0,0,0,511.349,
0,0,0,0,0,0,0,0,0,0,0,0,0,0,0,0,0,0,0,0,0,0,0,0,0,0,0,0,0,0,0,0,0,0,0,0,0,0,0,0,0,0,0,0,0,0,0,0,0,0,0,0,0,0,0,0,0,0,0,0,0,0,0,0,0,0,0,0,0,0,0,0,0,0,0,0,0,0,0,0,0,0,0,0,0,0,0,0,0,0,0,0,0,0,0,0,0,0,0,0,402.878,0,0,0,0,0,0,0,0,0,0,0,0,0,0,0,0,0,0,0,0,0,0,0,0,0,0,0,0,0,0,0,0,0,0,0,0,0,0,0,0,0,0,0,0,0,0,0,0,0,0,0,0,0,0,0,0,0,0,0,0,0,0,0,0,0,0,0,0,0,0,0,0,0,0,0,0,0,0,0,0,0,0,0,0,0,0,0,0,0,0,0,0,0,0,0,0,0,0,0,0,0,0,0,0,0,0,0,0,0,0,0,0,0,0,0,0,0,0,0,0,0,0,0,0,0,0,0,0,0,0,0,0,0,0,0,0,0,0,0,0,0,0,0,0,0,0,0,0,0,0,0,0,0,0,0,0,0,0,0,0,0,0,0,0,0,0,0,0,0,0,0,0,0,0,0,0,0,0,0,0,0,0,0,0,0,0,0,0,0,0,0,0,0,0,0,0,0,0,0,512.26,
0,0,0,0,0,0,0,0,0,0,0,0,0,0,0,0,0,0,0,0,0,0,0,0,0,0,0,0,0,0,0,0,0,0,0,0,0,0,0,0,0,0,0,0,0,0,0,0,0,0,0,0,0,0,0,0,0,0,0,0,0,0,0,0,0,0,0,0,0,0,0,0,0,0,0,0,0,0,0,0,0,0,0,0,0,0,0,0,0,0,0,0,0,0,0,0,0,0,0,0,397.415,0,0,0,0,0,0,0,0,0,0,0,0,0,0,0,0,0,0,0,0,0,0,0,0,0,0,0,0,0,0,0,0,0,0,0,0,0,0,0,0,0,0,0,0,0,0,0,0,0,0,0,0,0,0,0,0,0,0,0,0,0,0,0,0,0,0,0,0,0,0,0,0,0,0,0,0,0,0,0,0,0,0,0,0,0,0,0,0,0,0,0,0,0,0,0,0,0,0,0,0,0,0,0,0,0,0,0,0,0,0,0,0,0,0,0,0,0,0,0,0,0,0,0,0,0,0,0,0,0,0,0,0,0,0,0,0,0,0,0,0,0,0,0,0,0,0,0,0,0,0,0,0,0,0,0,0,0,0,0,0,0,0,0,0,0,0,0,0,0,0,0,0,0,0,0,0,0,0,0,0,0,0,0,0,0,0,0,0,0,0,0,0,0,0,0,0,0,0,0,511.399,
0,0,0,0,0,0,0,0,0,0,0,0,0,0,0,0,0,0,0,0,0,0,0,0,0,0,0,0,0,0,0,0,0,0,0,0,0,0,0,0,0,0,0,0,0,0,0,0,0,0,0,0,0,0,0,0,0,0,0,0,0,0,0,0,0,0,0,0,0,0,0,0,0,0,0,0,0,0,0,0,0,0,0,0,0,0,0,0,0,0,0,0,0,0,0,0,0,0,0,0,401.456,0,0,0,0,0,0,0,0,0,0,0,0,0,0,0,0,0,0,0,0,0,0,0,0,0,0,0,0,0,0,0,0,0,0,0,0,0,0,0,0,0,0,0,0,0,0,0,0,0,0,0,0,0,0,0,0,0,0,0,0,0,0,0,0,0,0,0,0,0,0,0,0,0,0,0,0,0,0,0,0,0,0,0,0,0,0,0,0,0,0,0,0,0,0,0,0,0,0,0,0,0,0,0,0,0,0,0,0,0,0,0,0,0,0,0,0,0,0,0,0,0,0,0,0,0,0,0,0,0,0,0,0,0,0,0,0,0,0,0,0,0,0,0,0,0,0,0,0,0,0,0,0,0,0,0,0,0,0,0,0,0,0,0,0,0,0,0,0,0,0,0,0,0,0,0,0,0,0,0,0,0,0,0,0,0,0,0,0,0,0,0,0,0,0,0,0,0,0,0,512.807,
0,0,0,0,0,0,0,0,0,0,0,0,0,0,0,0,0,0,0,0,0,0,0,0,0,0,0,0,0,0,0,0,0,0,0,0,0,0,0,0,0,0,0,0,0,0,0,0,0,0,0,0,0,0,0,0,0,0,0,0,0,0,0,0,0,0,0,0,0,0,0,0,0,0,0,0,0,0,0,0,0,0,0,0,0,0,0,0,0,0,0,0,0,0,0,0,0,0,0,0,401.299,0,0,0,0,0,0,0,0,0,0,0,0,0,0,0,0,0,0,0,0,0,0,0,0,0,0,0,0,0,0,0,0,0,0,0,0,0,0,0,0,0,0,0,0,0,0,0,0,0,0,0,0,0,0,0,0,0,0,0,0,0,0,0,0,0,0,0,0,0,0,0,0,0,0,0,0,0,0,0,0,0,0,0,0,0,0,0,0,0,0,0,0,0,0,0,0,0,0,0,0,0,0,0,0,0,0,0,0,0,0,0,0,0,0,0,0,0,0,0,0,0,0,0,0,0,0,0,0,0,0,0,0,0,0,0,0,0,0,0,0,0,0,0,0,0,0,0,0,0,0,0,0,0,0,0,0,0,0,0,0,0,0,0,0,0,0,0,0,0,0,0,0,0,0,0,0,0,0,0,0,0,0,0,0,0,0,0,0,0,0,0,0,0,0,0,0,0,0,0,511.562,
0,0,0,0,0,0,0,0,0,0,0,0,0,0,0,0,0,0,0,0,0,0,0,0,0,0,0,0,0,0,0,0,0,0,0,0,0,0,0,0,0,0,0,0,0,0,0,0,0,0,0,0,0,0,0,0,0,0,0,0,0,0,0,0,0,0,0,0,0,0,0,0,0,0,0,0,0,0,0,0,0,0,0,0,0,0,0,0,0,0,0,0,0,0,0,0,0,0,0,0,400.03,0,0,0,0,0,0,0,0,0,0,0,0,0,0,0,0,0,0,0,0,0,0,0,0,0,0,0,0,0,0,0,0,0,0,0,0,0,0,0,0,0,0,0,0,0,0,0,0,0,0,0,0,0,0,0,0,0,0,0,0,0,0,0,0,0,0,0,0,0,0,0,0,0,0,0,0,0,0,0,0,0,0,0,0,0,0,0,0,0,0,0,0,0,0,0,0,0,0,0,0,0,0,0,0,0,0,0,0,0,0,0,0,0,0,0,0,0,0,0,0,0,0,0,0,0,0,0,0,0,0,0,0,0,0,0,0,0,0,0,0,0,0,0,0,0,0,0,0,0,0,0,0,0,0,0,0,0,0,0,0,0,0,0,0,0,0,0,0,0,0,0,0,0,0,0,0,0,0,0,0,0,0,0,0,0,0,0,0,0,0,0,0,0,0,0,0,0,0,0,511.724,
0,0,0,0,0,0,0,0,0,0,0,0,0,0,0,0,0,0,0,0,0,0,0,0,0,0,0,0,0,0,0,0,0,0,0,0,0,0,0,0,0,0,0,0,0,0,0,0,0,0,0,0,0,0,0,0,0,0,0,0,0,0,0,0,0,0,0,0,0,0,0,0,0,0,0,0,0,0,0,0,0,0,0,0,0,0,0,0,0,0,0,0,0,0,0,0,0,0,0,0,405.896,0,0,0,0,0,0,0,0,0,0,0,0,0,0,0,0,0,0,0,0,0,0,0,0,0,0,0,0,0,0,0,0,0,0,0,0,0,0,0,0,0,0,0,0,0,0,0,0,0,0,0,0,0,0,0,0,0,0,0,0,0,0,0,0,0,0,0,0,0,0,0,0,0,0,0,0,0,0,0,0,0,0,0,0,0,0,0,0,0,0,0,0,0,0,0,0,0,0,0,0,0,0,0,0,0,0,0,0,0,0,0,0,0,0,0,0,0,0,0,0,0,0,0,0,0,0,0,0,0,0,0,0,0,0,0,0,0,0,0,0,0,0,0,0,0,0,0,0,0,0,0,0,0,0,0,0,0,0,0,0,0,0,0,0,0,0,0,0,0,0,0,0,0,0,0,0,0,0,0,0,0,0,0,0,0,0,0,0,0,0,0,0,0,0,0,0,0,0,0,512.723,
0,0,0,0,0,0,0,0,0,0,0,0,0,0,0,0,0,0,0,0,0,0,0,0,0,0,0,0,0,0,0,0,0,0,0,0,0,0,0,0,0,0,0,0,0,0,0,0,0,0,0,0,0,0,0,0,0,0,0,0,0,0,0,0,0,0,0,0,0,0,0,0,0,0,0,0,0,0,0,0,0,0,0,0,0,0,0,0,0,0,0,0,0,0,0,0,0,0,0,0,403.622,0,0,0,0,0,0,0,0,0,0,0,0,0,0,0,0,0,0,0,0,0,0,0,0,0,0,0,0,0,0,0,0,0,0,0,0,0,0,0,0,0,0,0,0,0,0,0,0,0,0,0,0,0,0,0,0,0,0,0,0,0,0,0,0,0,0,0,0,0,0,0,0,0,0,0,0,0,0,0,0,0,0,0,0,0,0,0,0,0,0,0,0,0,0,0,0,0,0,0,0,0,0,0,0,0,0,0,0,0,0,0,0,0,0,0,0,0,0,0,0,0,0,0,0,0,0,0,0,0,0,0,0,0,0,0,0,0,0,0,0,0,0,0,0,0,0,0,0,0,0,0,0,0,0,0,0,0,0,0,0,0,0,0,0,0,0,0,0,0,0,0,0,0,0,0,0,0,0,0,0,0,0,0,0,0,0,0,0,0,0,0,0,0,0,0,0,0,0,0,512.542,
0,0,0,0,0,0,0,0,0,0,0,0,0,0,0,0,0,0,0,0,0,0,0,0,0,0,0,0,0,0,0,0,0,0,0,0,0,0,0,0,0,0,0,0,0,0,0,0,0,0,0,0,0,0,0,0,0,0,0,0,0,0,0,0,0,0,0,0,0,0,0,0,0,0,0,0,0,0,0,0,0,0,0,0,0,0,0,0,0,0,0,0,0,0,0,0,0,0,0,0,409.013,0,0,0,0,0,0,0,0,0,0,0,0,0,0,0,0,0,0,0,0,0,0,0,0,0,0,0,0,0,0,0,0,0,0,0,0,0,0,0,0,0,0,0,0,0,0,0,0,0,0,0,0,0,0,0,0,0,0,0,0,0,0,0,0,0,0,0,0,0,0,0,0,0,0,0,0,0,0,0,0,0,0,0,0,0,0,0,0,0,0,0,0,0,0,0,0,0,0,0,0,0,0,0,0,0,0,0,0,0,0,0,0,0,0,0,0,0,0,0,0,0,0,0,0,0,0,0,0,0,0,0,0,0,0,0,0,0,0,0,0,0,0,0,0,0,0,0,0,0,0,0,0,0,0,0,0,0,0,0,0,0,0,0,0,0,0,0,0,0,0,0,0,0,0,0,0,0,0,0,0,0,0,0,0,0,0,0,0,0,0,0,0,0,0,0,0,0,0,0,511.299,
0,0,0,0,0,0,0,0,0,0,0,0,0,0,0,0,0,0,0,0,0,0,0,0,0,0,0,0,0,0,0,0,0,0,0,0,0,0,0,0,0,0,0,0,0,0,0,0,0,0,0,0,0,0,0,0,0,0,0,0,0,0,0,0,0,0,0,0,0,0,0,0,0,0,0,0,0,0,0,0,0,0,0,0,0,0,0,0,0,0,0,0,0,0,0,0,0,0,0,0,0,0,0,0,0,0,0,0,0,0,0,0,0,0,0,0,0,0,0,0,0,0,0,0,0,0,0,0,0,0,0,0,0,0,0,0,0,0,0,0,0,0,0,0,0,0,0,0,0,0,0,0,0,0,0,0,0,0,0,0,0,0,0,0,0,0,0,0,0,0,0,0,0,0,0,0,0,0,0,0,0,0,0,0,0,0,0,0,0,0,0,0,0,0,0,0,0,0,0,0,0,0,0,0,0,0,0,0,0,0,0,0,0,0,0,0,0,0,0,0,0,0,0,0,0,0,0,0,0,0,0,0,0,0,0,0,0,0,0,0,0,0,0,0,0,0,0,0,0,0,0,0,0,0,0,0,0,0,0,0,0,0,0,0,0,0,0,0,0,0,0,0,0,0,0,0,0,0,0,0,0,0,0,0,0,0,0,0,0,0,0,0,0,0,0,0,0,0,0,0,512.264,
