0,0,0,0,0,0,2,3,4,4,5,6,7,8,9,9,10,11,12,13,14,14,15,16,17,18,19,19,20,21,22,23,24,24,25,26,27,28,29,19,15,16,18,18,19,19,20,18,18,18,19,19,20,21,22,18,16,16,16,17,15,16,16,16,15,15,15,15,17,14,14,14,13,13,12,12,12,12,11,11,11,11,11,10,10,10,10,10,10,10,10,9,9,9,9,9,9,9,8,8,8,8,8,8,8,8,8,8,8,8,8,7,7,7,7,7,7,7,7,7,7,7,7,7,7,7,12,12,12,12,12,12,12,12,12,12,12,12,12,12,12,12,12,12,12,12,11,11,11,11,11,11,11,11,11,11,11,11,11,11,11,12,12,12,12,12,12,12,12,12,12,12,12,11,11,11,11,11,11,11,11,11,11,11,11,11,11,11,11,11,11,11,10,10,10,10,7,7,7,7,6,6,0,0,0,0,0,0,0,0,0,0,0,0,0,0,0,0,0,0,0,0,0,0,0,0,0,0,0,0,0,0,0,0,0,0,0,0,0,0,0,0,0,0,0,0,0,0,0,0,0,0,0,0,0,0,0,0,0,0,0,0,0,0,0,0,0,0,0,0,0,0,0,0,0,0,0,0,0,0,0,0,0,0,0,0,0,0,0,0,0,0,0,0,0,0,0,0,0,0,0,
0,0,0,0,0,0,2,3,4,4,5,6,7,8,9,9,10,11,12,13,14,14,15,16,17,18,19,19,20,21,22,23,24,24,25,26,27,18,14,15,15,17,17,18,18,16,17,17,17,18,19,20,20,21,17,15,16,15,14,14,15,15,15,14,14,14,14,16,13,13,13,12,12,11,11,11,11,11,10,10,10,10,9,9,9,9,9,9,9,9,8,8,8,8,8,8,8,8,7,7,7,7,7,7,7,7,7,7,7,7,6,6,6,6,6,6,6,6,6,6,6,6,6,6,6,6,11,11,11,11,11,11,11,11,11,11,11,11,11,11,11,11,11,11,11,11,11,10,10,10,10,10,10,10,10,10,10,10,10,10,11,11,11,11,11,11,11,11,11,11,11,11,11,10,10,10,10,10,10,10,10,10,10,10,10,10,10,10,10,10,10,9,0,0,0,0,0,0,0,0,0,0,0,0,0,0,0,0,0,0,0,0,0,0,0,0,0,0,0,0,0,0,0,0,0,0,0,0,0,0,0,0,0,0,0,0,0,0,0,0,0,0,0,0,0,0,0,0,0,0,0,0,0,0,0,0,0,0,0,0,0,0,0,0,0,0,0,0,0,0,0,0,0,0,0,0,0,0,0,0,0,0,0,0,0,0,0,0,0,0,0,0,0,0,0,0,0,0,0,0,0,
0,0,0,0,0,0,2,3,4,4,5,6,7,8,9,9,10,11,12,13,14,14,15,16,17,18,19,19,20,21,22,23,24,24,25,26,17,13,14,15,16,16,17,18,15,16,16,16,17,18,19,19,20,16,15,15,14,13,14,14,14,14,13,13,13,13,12,12,12,12,11,11,10,10,10,10,10,9,9,9,9,8,8,8,8,8,8,8,8,8,7,7,7,7,7,7,7,6,6,6,6,6,6,6,6,6,6,6,6,6,5,5,5,5,5,5,5,5,5,5,5,5,5,5,5,10,10,10,10,10,10,10,10,10,10,10,10,10,10,10,10,10,10,10,10,10,10,10,10,10,9,9,9,9,9,9,10,10,10,10,10,10,10,10,10,10,10,10,10,10,10,10,10,10,9,9,9,9,9,9,9,0,0,0,0,0,0,0,0,0,0,0,0,0,0,0,0,0,0,0,0,0,0,0,0,0,0,0,0,0,0,0,0,0,0,0,0,0,0,0,0,0,0,0,0,0,0,0,0,0,0,0,0,0,0,0,0,0,0,0,0,0,0,0,0,0,0,0,0,0,0,0,0,0,0,0,0,0,0,0,0,0,0,0,0,0,0,0,0,0,0,0,0,0,0,0,0,0,0,0,0,0,0,0,0,0,0,0,0,0,0,0,0,0,0,0,0,0,0,0,0,
0,0,0,0,0,0,2,3,4,4,5,6,7,8,9,9,10,11,12,13,14,14,15,16,17,18,19,19,20,21,22,23,24,24,15,16,12,13,14,15,15,16,17,14,15,15,15,16,17,18,18,19,15,14,14,13,12,13,13,13,13,12,12,12,12,11,11,11,11,10,10,9,9,9,9,9,8,8,8,8,7,7,0,0,0,0,0,0,0,0,0,0,0,0,0,0,0,0,0,0,0,5,5,5,5,5,5,5,0,0,0,0,0,0,0,0,0,0,0,0,0,0,0,0,0,0,0,0,0,0,9,9,9,9,9,9,9,9,9,9,9,9,9,9,9,9,9,9,9,9,9,8,8,8,8,9,9,9,9,9,9,9,9,9,9,0,0,0,0,0,0,0,0,0,0,0,0,0,0,0,0,0,0,0,0,0,0,0,0,0,0,0,0,0,0,0,0,0,0,0,0,0,0,0,0,0,0,0,0,0,0,0,0,0,0,0,0,0,0,0,0,0,0,0,0,0,0,0,0,0,0,0,0,0,0,0,0,0,0,0,0,0,0,0,0,0,0,0,0,0,0,0,0,0,0,0,0,0,0,0,0,0,0,0,0,0,0,0,0,0,0,0,0,0,0,0,0,0,0,0,0,0,0,0,0,0,0,0,0,0,0,0,0,0,0,0,0,0,0,0,0,
0,0,0,0,0,0,2,3,4,4,5,6,7,8,9,9,10,11,12,13,14,14,15,16,17,18,19,19,20,21,22,23,24,15,15,16,12,13,14,15,15,16,13,14,14,14,15,16,17,18,14,14,13,13,12,11,12,12,12,12,11,11,11,11,10,10,10,10,9,9,8,8,8,8,0,0,0,0,0,0,0,0,0,0,0,0,0,0,0,0,0,0,0,0,0,0,0,0,0,0,0,0,0,0,0,0,0,0,0,0,0,0,0,0,0,0,0,0,0,0,0,0,0,0,0,0,0,0,0,0,0,0,0,0,0,0,0,0,0,0,0,0,0,0,0,0,0,0,0,0,0,0,0,0,0,0,0,0,0,0,0,0,0,0,0,0,0,0,0,0,0,0,0,0,0,0,0,0,0,0,0,0,0,0,0,0,0,0,0,0,0,0,0,0,0,0,0,0,0,0,0,0,0,0,0,0,0,0,0,0,0,0,0,0,0,0,0,0,0,0,0,0,0,0,0,0,0,0,0,0,0,0,0,0,0,0,0,0,0,0,0,0,0,0,0,0,0,0,0,0,0,0,0,0,0,0,0,0,0,0,0,0,0,0,0,0,0,0,0,0,0,0,0,0,0,0,0,0,0,0,0,0,0,0,0,0,0,0,0,0,0,0,0,0,0,0,0,0,0,0,0,
0,0,0,0,0,0,0,3,4,4,5,6,7,8,9,9,10,11,12,13,14,14,15,16,17,18,19,19,20,21,22,23,24,14,15,11,12,13,14,14,15,13,13,13,14,14,15,16,17,13,13,12,12,11,10,11,11,11,11,10,10,10,10,9,9,9,0,0,0,0,0,0,0,0,0,0,0,0,0,0,0,0,0,0,0,0,0,0,0,0,0,0,0,0,0,0,0,0,0,0,0,0,0,0,0,0,0,0,0,0,0,0,0,0,0,0,0,0,0,0,0,0,0,0,0,0,0,0,0,0,0,0,0,0,0,0,0,0,0,0,0,0,0,0,0,0,0,0,0,0,0,0,0,0,0,0,0,0,0,0,0,0,0,0,0,0,0,0,0,0,0,0,0,0,0,0,0,0,0,0,0,0,0,0,0,0,0,0,0,0,0,0,0,0,0,0,0,0,0,0,0,0,0,0,0,0,0,0,0,0,0,0,0,0,0,0,0,0,0,0,0,0,0,0,0,0,0,0,0,0,0,0,0,0,0,0,0,0,0,0,0,0,0,0,0,0,0,0,0,0,0,0,0,0,0,0,0,0,0,0,0,0,0,0,0,0,0,0,0,0,0,0,0,0,0,0,0,0,0,0,0,0,0,0,0,0,0,0,0,0,0,0,0,0,0,0,0,0,0,0,0,
0,0,0,0,0,0,0,3,4,4,5,6,7,8,9,9,10,11,12,13,14,14,15,16,17,18,19,19,20,21,22,23,13,10,10,11,12,13,13,14,12,12,12,13,15,15,15,16,12,13,11,11,11,9,10,10,10,10,0,0,0,0,0,0,0,0,0,0,0,0,0,0,0,0,0,0,0,0,0,0,0,0,0,0,0,0,0,0,0,0,0,0,0,0,0,0,0,0,0,0,0,0,0,0,0,0,0,0,0,0,0,0,0,0,0,0,0,0,0,0,0,0,0,0,0,0,0,0,0,0,0,0,0,0,0,0,0,0,0,0,0,0,0,0,0,0,0,0,0,0,0,0,0,0,0,0,0,0,0,0,0,0,0,0,0,0,0,0,0,0,0,0,0,0,0,0,0,0,0,0,0,0,0,0,0,0,0,0,0,0,0,0,0,0,0,0,0,0,0,0,0,0,0,0,0,0,0,0,0,0,0,0,0,0,0,0,0,0,0,0,0,0,0,0,0,0,0,0,0,0,0,0,0,0,0,0,0,0,0,0,0,0,0,0,0,0,0,0,0,0,0,0,0,0,0,0,0,0,0,0,0,0,0,0,0,0,0,0,0,0,0,0,0,0,0,0,0,0,0,0,0,0,0,0,0,0,0,0,0,0,0,0,0,0,0,0,0,0,0,0,0,
0,0,0,0,0,0,0,3,4,4,5,6,7,8,9,9,10,11,12,13,14,14,15,16,17,18,19,19,20,21,12,13,9,10,10,12,12,13,11,11,11,11,12,13,14,14,15,0,0,0,0,0,0,0,0,0,0,0,0,0,0,0,0,0,0,0,0,0,0,0,0,0,0,0,0,0,0,0,0,0,0,0,0,0,0,0,0,0,0,0,0,0,0,0,0,0,0,0,0,0,0,0,0,0,0,0,0,0,0,0,0,0,0,0,0,0,0,0,0,0,0,0,0,0,0,0,0,0,0,0,0,0,0,0,0,0,0,0,0,0,0,0,0,0,0,0,0,0,0,0,0,0,0,0,0,0,0,0,0,0,0,0,0,0,0,0,0,0,0,0,0,0,0,0,0,0,0,0,0,0,0,0,0,0,0,0,0,0,0,0,0,0,0,0,0,0,0,0,0,0,0,0,0,0,0,0,0,0,0,0,0,0,0,0,0,0,0,0,0,0,0,0,0,0,0,0,0,0,0,0,0,0,0,0,0,0,0,0,0,0,0,0,0,0,0,0,0,0,0,0,0,0,0,0,0,0,0,0,0,0,0,0,0,0,0,0,0,0,0,0,0,0,0,0,0,0,0,0,0,0,0,0,0,0,0,0,0,0,0,0,0,0,0,0,0,0,0,0,0,0,0,
0,0,0,0,0,0,0,3,4,4,5,6,7,8,9,9,10,11,12,13,14,14,15,16,17,18,19,19,0,0,12,8,9,10,11,11,12,0,0,0,0,0,0,0,0,0,0,0,0,0,0,0,0,0,0,0,0,0,0,0,0,0,0,0,0,0,0,0,0,0,0,0,0,0,0,0,0,0,0,0,0,0,0,0,0,0,0,0,0,0,0,0,0,0,0,0,0,0,0,0,0,0,0,0,0,0,0,0,0,0,0,0,0,0,0,0,0,0,0,0,0,0,0,0,0,0,0,0,0,0,0,0,0,0,0,0,0,0,0,0,0,0,0,0,0,0,0,0,0,0,0,0,0,0,0,0,0,0,0,0,0,0,0,0,0,0,0,0,0,0,0,0,0,0,0,0,0,0,0,0,0,0,0,0,0,0,0,0,0,0,0,0,0,0,0,0,0,0,0,0,0,0,0,0,0,0,0,0,0,0,0,0,0,0,0,0,0,0,0,0,0,0,0,0,0,0,0,0,0,0,0,0,0,0,0,0,0,0,0,0,0,0,0,0,0,0,0,0,0,0,0,0,0,0,0,0,0,0,0,0,0,0,0,0,0,0,0,0,0,0,0,0,0,0,0,0,0,0,0,0,0,0,0,0,0,0,0,0,0,0,0,0,0,0,0,0,0,0,0,0,0,
0,0,0,0,0,0,0,3,4,4,5,6,7,8,9,9,10,11,12,13,14,14,15,16,0,0,0,0,0,0,0,0,0,0,0,0,0,0,0,0,0,0,0,0,0,0,0,0,0,0,0,0,0,0,0,0,0,0,0,0,0,0,0,0,0,0,0,0,0,0,0,0,0,0,0,0,0,0,0,0,0,0,0,0,0,0,0,0,0,0,0,0,0,0,0,0,0,0,0,0,0,0,0,0,0,0,0,0,0,0,0,0,0,0,0,0,0,0,0,0,0,0,0,0,0,0,0,0,0,0,0,0,0,0,0,0,0,0,0,0,0,0,0,0,0,0,0,0,0,0,0,0,0,0,0,0,0,0,0,0,0,0,0,0,0,0,0,0,0,0,0,0,0,0,0,0,0,0,0,0,0,0,0,0,0,0,0,0,0,0,0,0,0,0,0,0,0,0,0,0,0,0,0,0,0,0,0,0,0,0,0,0,0,0,0,0,0,0,0,0,0,0,0,0,0,0,0,0,0,0,0,0,0,0,0,0,0,0,0,0,0,0,0,0,0,0,0,0,0,0,0,0,0,0,0,0,0,0,0,0,0,0,0,0,0,0,0,0,0,0,0,0,0,0,0,0,0,0,0,0,0,0,0,0,0,0,0,0,0,0,0,0,0,0,0,0,0,0,-2,0,0,
0,0,0,0,0,0,0,3,4,4,5,6,7,8,9,9,10,0,0,0,0,0,0,0,0,0,0,0,0,0,0,0,0,0,0,0,0,0,0,0,0,0,0,0,0,0,0,0,0,0,0,0,0,0,0,0,0,0,0,0,0,0,0,0,0,0,0,0,0,0,0,0,0,0,0,0,0,0,0,0,0,0,0,0,0,0,0,0,0,0,0,0,0,0,0,0,0,0,0,0,0,0,0,0,0,0,0,0,0,0,0,0,0,0,0,0,0,0,0,0,0,0,0,0,0,0,0,0,0,0,0,0,0,0,0,0,0,0,0,0,0,0,0,0,0,0,0,0,0,0,0,0,0,0,0,0,0,0,0,0,0,0,0,0,0,0,0,0,0,0,0,0,0,0,0,0,0,0,0,0,0,0,0,0,0,0,0,0,0,0,0,0,0,0,0,0,0,0,0,0,0,0,0,0,0,0,0,0,0,0,0,0,0,0,0,0,0,0,0,0,0,0,0,0,0,0,0,0,0,0,0,0,0,0,0,0,0,0,0,0,0,0,0,0,0,0,0,0,0,0,0,0,0,0,0,0,0,0,0,0,0,0,0,0,0,0,0,0,0,0,0,0,0,0,0,0,0,0,0,0,0,0,0,0,0,0,0,0,0,0,0,0,0,0,0,0,0,-3,-2,0,0,
0,0,0,0,0,0,0,0,4,4,0,0,0,0,0,0,0,0,0,0,0,0,0,0,0,0,0,0,0,0,0,0,0,0,0,0,0,0,0,0,0,0,0,0,0,0,0,0,0,0,0,0,0,0,0,0,0,0,0,0,0,0,0,0,0,0,0,0,0,0,0,0,0,0,0,0,0,0,0,0,0,0,0,0,0,0,0,0,0,0,0,0,0,0,0,0,0,0,0,0,0,0,0,0,0,0,0,0,0,0,0,0,0,0,0,0,0,0,0,0,0,0,0,0,0,0,0,0,0,0,0,0,0,0,0,0,0,0,0,0,0,0,0,0,0,0,0,0,0,0,0,0,0,0,0,0,0,0,0,0,0,0,0,0,0,0,0,0,0,0,0,0,0,0,0,0,0,0,0,0,0,0,0,0,0,0,0,0,0,0,0,0,0,0,0,0,0,0,0,0,0,0,0,0,0,0,0,0,0,0,0,0,0,0,0,0,0,0,0,0,0,0,0,0,0,0,0,0,0,0,0,0,0,0,0,0,0,0,0,0,0,0,0,0,0,0,0,0,0,0,0,0,0,0,0,0,0,0,0,0,0,0,0,0,0,0,0,0,0,0,0,0,0,0,0,0,0,0,0,0,0,0,0,0,0,0,0,0,0,0,0,0,0,0,0,0,-4,-3,-2,0,0,
0,0,0,0,0,0,0,0,0,0,0,0,0,0,0,0,0,0,0,0,0,0,0,0,0,0,0,0,0,0,0,0,0,0,0,0,0,0,0,0,0,0,0,0,0,0,0,0,0,0,0,0,0,0,0,0,0,0,0,0,0,0,0,0,0,0,0,0,0,0,0,0,0,0,0,0,0,0,0,0,0,0,0,0,0,0,0,0,0,0,0,0,0,0,0,0,0,0,0,0,0,0,0,0,0,0,0,0,0,0,0,0,0,0,0,0,0,0,0,0,0,0,0,0,0,0,0,0,0,0,0,0,0,0,0,0,0,0,0,0,0,0,0,0,0,0,0,0,0,0,0,0,0,0,0,0,0,0,0,0,0,0,0,0,0,0,0,0,0,0,0,0,0,0,0,0,0,0,0,0,0,0,0,0,0,0,0,0,0,0,0,0,0,0,0,0,0,0,0,0,0,0,0,0,0,0,0,0,0,0,0,0,0,0,0,0,0,0,0,0,0,0,0,0,0,0,0,0,0,0,0,0,0,0,0,0,0,0,0,0,0,0,0,0,0,0,0,0,0,0,0,0,0,0,0,0,0,0,0,0,0,0,0,0,0,0,0,0,0,0,0,0,0,0,0,0,0,0,0,0,0,0,0,0,0,0,0,0,0,0,0,0,0,0,0,-5,-4,-3,-2,0,0,
0,0,0,0,0,0,0,0,0,0,0,0,0,0,0,0,0,0,0,0,0,0,0,0,0,0,0,0,0,0,0,0,0,0,0,0,0,0,0,0,0,0,0,0,0,0,0,0,0,0,0,0,0,0,0,0,0,0,0,0,0,0,0,0,0,0,0,0,0,0,0,0,0,0,0,0,0,0,0,0,0,0,0,0,0,0,0,0,0,0,0,0,0,0,0,0,0,0,0,0,0,0,0,0,0,0,0,0,0,0,0,0,0,0,0,0,0,0,0,0,0,0,0,0,0,0,0,0,0,0,0,0,0,0,0,0,0,0,0,0,0,0,0,0,0,0,0,0,0,0,0,0,0,0,0,0,0,0,0,0,0,0,0,0,0,0,0,0,0,0,0,0,0,0,0,0,0,0,0,0,0,0,0,0,0,0,0,0,0,0,0,0,0,0,0,0,0,0,0,0,0,0,0,0,0,0,0,0,0,0,0,0,0,0,0,0,0,0,0,0,0,0,0,0,0,0,0,0,0,0,0,0,0,0,0,0,0,0,0,0,0,0,0,0,0,0,0,0,0,0,0,0,0,0,0,0,0,0,0,0,0,0,0,0,0,0,0,0,0,0,0,0,0,0,0,0,0,0,0,0,0,0,0,0,0,0,0,0,0,0,0,0,0,0,-6,-5,-4,-3,-2,-1,0,
0,0,0,0,0,0,0,0,0,0,0,0,0,0,0,0,0,0,0,0,0,0,0,0,0,0,0,0,0,0,0,0,0,0,0,0,0,0,0,0,0,0,0,0,0,0,0,0,0,0,0,0,0,0,0,0,0,0,0,0,0,0,0,0,0,0,0,0,0,0,0,0,0,0,0,0,0,0,0,0,0,0,0,0,0,0,0,0,0,0,0,0,0,0,0,0,0,0,0,0,0,0,0,0,0,0,0,0,0,0,0,0,0,0,0,0,0,0,0,0,0,0,0,0,0,0,0,0,0,0,0,0,0,0,0,0,0,0,0,0,0,0,0,0,0,0,0,0,0,0,0,0,0,0,0,0,0,0,0,0,0,0,0,0,0,0,0,0,0,0,0,0,0,0,0,0,0,0,0,0,0,0,0,0,0,0,0,0,0,0,0,0,0,0,0,0,0,0,0,0,0,0,0,0,0,0,0,0,0,0,0,0,0,0,0,0,0,0,0,0,0,0,0,0,0,0,0,0,0,0,0,0,0,0,0,0,0,0,0,0,0,0,0,0,0,0,0,0,0,0,0,0,0,0,0,0,0,0,0,0,0,0,0,0,0,0,0,0,0,0,0,0,0,0,0,0,0,0,0,0,0,0,0,0,0,0,0,0,0,0,0,0,0,-7,-6,-5,-4,-3,-2,-1,0,
0,0,0,0,0,0,0,0,0,0,0,0,0,0,0,0,0,0,0,0,0,0,0,0,0,0,0,0,0,0,0,0,0,0,0,0,0,0,0,0,0,0,0,0,0,0,0,0,0,0,0,0,0,0,0,0,0,0,0,0,0,0,0,0,0,0,0,0,0,0,0,0,0,0,0,0,0,0,0,0,0,0,0,0,0,0,0,0,0,0,0,0,0,0,0,0,0,0,0,0,0,0,0,0,0,0,0,0,0,0,0,0,0,0,0,0,0,0,0,0,0,0,0,0,0,0,0,0,0,0,0,0,0,0,0,0,0,0,0,0,0,0,0,0,0,0,0,0,0,0,0,0,0,0,0,0,0,0,0,0,0,0,0,0,0,0,0,0,0,0,0,0,0,0,0,0,0,0,0,0,0,0,0,0,0,0,0,0,0,0,0,0,0,0,0,0,0,0,0,0,0,0,0,0,0,0,0,0,0,0,0,0,0,0,0,0,0,0,0,0,0,0,0,0,0,0,0,0,0,0,0,0,0,0,0,0,0,0,0,0,0,0,0,0,0,0,0,0,0,0,0,0,0,0,0,0,0,0,0,0,0,0,0,0,0,0,0,0,0,0,0,0,0,0,0,0,0,0,0,0,0,0,0,0,0,0,0,0,0,0,0,0,-8,-7,-6,-5,-4,-3,-2,-1,0,
0,0,0,0,0,0,0,0,0,0,0,0,0,0,0,0,0,0,0,0,0,0,0,0,0,0,0,0,0,0,0,0,0,0,0,0,0,0,0,0,0,0,0,0,0,0,0,0,0,0,0,0,0,0,0,0,0,0,0,0,0,0,0,0,0,0,0,0,0,0,0,0,0,0,0,0,0,0,0,0,0,0,0,0,0,0,0,0,0,0,0,0,0,0,0,0,0,0,0,0,0,0,0,0,0,0,0,0,0,0,0,0,0,0,0,0,0,0,0,0,0,0,0,0,0,0,0,0,0,0,0,0,0,0,0,0,0,0,0,0,0,0,0,0,0,0,0,0,0,0,0,0,0,0,0,0,0,0,0,0,0,0,0,0,0,0,0,0,0,0,0,0,0,0,0,0,0,0,0,0,0,0,0,0,0,0,0,0,0,0,0,0,0,0,0,0,0,0,0,0,0,0,0,0,0,0,0,0,0,0,0,0,0,0,0,0,0,0,0,0,0,0,0,0,0,0,0,0,0,0,0,0,0,0,0,0,0,0,0,0,0,0,0,0,0,0,0,0,0,0,0,0,0,0,0,0,0,0,0,0,0,0,0,0,0,0,0,0,0,0,0,0,0,0,0,0,0,0,0,0,0,0,0,0,0,0,0,0,0,0,-10,-9,-8,-7,-6,-5,-4,-3,-2,-1,0,
0,0,0,0,0,0,0,0,0,0,0,0,0,0,0,0,0,0,0,0,0,0,0,0,0,0,0,0,0,0,0,0,0,0,0,0,0,0,0,0,0,0,0,0,0,0,0,0,0,0,0,0,0,0,0,0,0,0,0,0,0,0,0,0,0,0,0,0,0,0,0,0,0,0,0,0,0,0,0,0,0,0,0,0,0,0,0,0,0,0,0,0,0,0,0,0,0,0,0,0,0,0,0,0,0,0,0,0,0,0,0,0,0,0,0,0,0,0,0,0,0,0,0,0,0,0,0,0,0,0,0,0,0,0,0,0,0,0,0,0,0,0,0,0,0,0,0,0,0,0,0,0,0,0,0,0,0,0,0,0,0,0,0,0,0,0,0,0,0,0,0,0,0,0,0,0,0,0,0,0,0,0,0,0,0,0,0,0,0,0,0,0,0,0,0,0,0,0,0,0,0,0,0,0,0,0,0,0,0,0,0,0,0,0,0,0,0,0,0,0,0,0,0,0,0,0,0,0,0,0,0,0,0,0,0,0,0,0,0,0,0,0,0,0,0,0,0,0,0,0,0,0,0,0,0,0,0,0,0,0,0,0,0,0,0,0,0,0,0,0,0,0,0,0,0,0,0,0,0,0,0,0,0,0,0,0,0,0,0,-11,-10,-9,-8,-7,-6,-5,-4,-3,-2,-1,0,
0,0,0,0,0,0,0,0,0,0,0,0,0,0,0,0,0,0,0,0,0,0,0,0,0,0,0,0,0,0,0,0,0,0,0,0,0,0,0,0,0,0,0,0,0,0,0,0,0,0,0,0,0,0,0,0,0,0,0,0,0,0,0,0,0,0,0,0,0,0,0,0,0,0,0,0,0,0,0,0,0,0,0,0,0,0,0,0,0,0,0,0,0,0,0,0,0,0,0,0,0,0,0,0,0,0,0,0,0,0,0,0,0,0,0,0,0,0,0,0,0,0,0,0,0,0,0,0,0,0,0,0,0,0,0,0,0,0,0,0,0,0,0,0,0,0,0,0,0,0,0,0,0,0,0,0,0,0,0,0,0,0,0,0,0,0,0,0,0,0,0,0,0,0,0,0,0,0,0,0,0,0,0,0,0,0,0,0,0,0,0,0,0,0,0,0,0,0,0,0,0,0,0,0,0,0,0,0,0,0,0,0,0,0,0,0,0,0,0,0,0,0,0,0,0,0,0,0,0,0,0,0,0,0,0,0,0,0,0,0,0,0,0,0,0,0,0,0,0,0,0,0,0,0,0,0,0,0,0,0,0,0,0,0,0,0,0,0,0,0,0,0,0,0,0,0,0,0,0,0,0,0,0,0,0,0,0,0,-12,-11,-10,-9,-8,-7,-6,-5,-4,-3,-2,-1,0,
0,0,0,0,0,0,0,0,0,0,0,0,0,0,0,0,0,0,0,0,0,0,0,0,0,0,0,0,0,0,0,0,0,0,0,0,0,0,0,0,0,0,0,0,0,0,0,0,0,0,0,0,0,0,0,0,0,0,0,0,0,0,0,0,0,0,0,0,0,0,0,0,0,0,0,0,0,0,0,0,0,0,0,0,0,0,0,0,0,0,0,0,0,0,0,0,0,0,0,0,0,0,0,0,0,0,0,0,0,0,0,0,0,0,0,0,0,0,0,0,0,0,0,0,0,0,0,0,0,0,0,0,0,0,0,0,0,0,0,0,0,0,0,0,0,0,0,0,0,0,0,0,0,0,0,0,0,0,0,0,0,0,0,0,0,0,0,0,0,0,0,0,0,0,0,0,0,0,0,0,0,0,0,0,0,0,0,0,0,0,0,0,0,0,0,0,0,0,0,0,0,0,0,0,0,0,0,0,0,0,0,0,0,0,0,0,0,0,0,0,0,0,0,0,0,0,0,0,0,0,0,0,0,0,0,0,0,0,0,0,0,0,0,0,0,0,0,0,0,0,0,0,0,0,0,0,0,0,0,0,0,0,0,0,0,0,0,0,0,0,0,0,0,0,0,0,0,0,0,0,0,0,0,0,0,0,0,-13,-12,-11,-10,-9,-8,-7,-6,-5,-4,-3,-2,-1,0,
0,0,0,0,0,0,0,0,0,0,0,0,0,0,0,0,0,0,0,0,0,0,0,0,0,0,0,0,0,0,0,0,0,0,0,0,0,0,0,0,0,0,0,0,0,0,0,0,0,0,0,0,0,0,0,0,0,0,0,0,0,0,0,0,0,0,0,0,0,0,0,0,0,0,0,0,0,0,0,0,0,0,0,0,0,0,0,0,0,0,0,0,0,0,0,0,0,0,0,0,0,0,0,0,0,0,0,0,0,0,0,0,0,0,0,0,0,0,0,0,0,0,0,0,0,0,0,0,0,0,0,0,0,0,0,0,0,0,0,0,0,0,0,0,0,0,0,0,0,0,0,0,0,0,0,0,0,0,0,0,0,0,0,0,0,0,0,0,0,0,0,0,0,0,0,0,0,0,0,0,0,0,0,0,0,0,0,0,0,0,0,0,0,0,0,0,0,0,0,0,0,0,0,0,0,0,0,0,0,0,0,0,0,0,0,0,0,0,0,0,0,0,0,0,0,0,0,0,0,0,0,0,0,0,0,0,0,0,0,0,0,0,0,0,0,0,0,0,0,0,0,0,0,0,0,0,0,0,0,0,0,0,0,0,0,0,0,0,0,0,0,0,0,0,0,0,0,0,0,0,0,0,0,0,0,-15,-14,-13,-12,-11,-10,-9,-8,-7,-6,-5,-4,-3,-2,-1,0,
0,0,0,0,0,0,0,0,0,0,0,0,0,0,0,0,0,0,0,0,0,0,0,0,0,0,0,0,0,0,0,0,0,0,0,0,0,0,0,0,0,0,0,0,0,0,0,0,0,0,0,0,0,0,0,0,0,0,0,0,0,0,0,0,0,0,0,0,0,0,0,0,0,0,0,0,0,0,0,0,0,0,0,0,0,0,0,0,0,0,0,0,0,0,0,0,0,0,0,0,0,0,0,0,0,0,0,0,0,0,0,0,0,0,0,0,0,0,0,0,0,0,0,0,0,0,0,0,0,0,0,0,0,0,0,0,0,0,0,0,0,0,0,0,0,0,0,0,0,0,0,0,0,0,0,0,0,0,0,0,0,0,0,0,0,0,0,0,0,0,0,0,0,0,0,0,0,0,0,0,0,0,0,0,0,0,0,0,0,0,0,0,0,0,0,0,0,0,0,0,0,0,0,0,0,0,0,0,0,0,0,0,0,0,0,0,0,0,0,0,0,0,0,0,0,0,0,0,0,0,0,0,0,0,0,0,0,0,0,0,0,0,0,0,0,0,0,0,0,0,0,0,0,0,0,0,0,0,0,0,0,0,0,0,0,0,0,0,0,0,0,0,0,0,0,0,0,0,0,0,0,0,0,0,-16,-15,-14,-13,-12,-11,-10,-9,-8,-7,-6,-5,-4,-3,-2,-1,0,
0,0,0,0,0,0,0,0,0,0,0,0,0,0,0,0,0,0,0,0,0,0,0,0,0,0,0,0,0,0,0,0,0,0,0,0,0,0,0,0,0,0,0,0,0,0,0,0,0,0,0,0,0,0,0,0,0,0,0,0,0,0,0,0,0,0,0,0,0,0,0,0,0,0,0,0,0,0,0,0,0,0,0,0,0,0,0,0,0,0,0,0,0,0,0,0,0,0,0,0,0,0,0,0,0,0,0,0,0,0,0,0,0,0,0,0,0,0,0,0,0,0,0,0,0,0,0,0,0,0,0,0,0,0,0,0,0,0,0,0,0,0,0,0,0,0,0,0,0,0,0,0,0,0,0,0,0,0,0,0,0,0,0,0,0,0,0,0,0,0,0,0,0,0,0,0,0,0,0,0,0,0,0,0,0,0,0,0,0,0,0,0,0,0,0,0,0,0,0,0,0,0,0,0,0,0,0,0,0,0,0,0,0,0,0,0,0,0,0,0,0,0,0,0,0,0,0,0,0,0,0,0,0,0,0,0,0,0,0,0,0,0,0,0,0,0,0,0,0,0,0,0,0,0,0,0,0,0,0,0,0,0,0,0,0,0,0,0,0,0,0,0,0,0,0,0,0,0,0,0,0,0,0,-17,-16,-15,-14,-13,-12,-11,-10,-9,-8,-7,-6,-5,-4,-3,-2,-1,0,
0,0,0,0,0,0,0,0,0,0,0,0,0,0,0,0,0,0,0,0,0,0,0,0,0,0,0,0,0,0,0,0,0,0,0,0,0,0,0,0,0,0,0,0,0,0,0,0,0,0,0,0,0,0,0,0,0,0,0,0,0,0,0,0,0,0,0,0,0,0,0,0,0,0,0,0,0,0,0,0,0,0,0,0,0,0,0,0,0,0,0,0,0,0,0,0,0,0,0,0,0,0,0,0,0,0,0,0,0,0,0,0,0,0,0,0,0,0,0,0,0,0,0,0,0,0,0,0,0,0,0,0,0,0,0,0,0,0,0,0,0,0,0,0,0,0,0,0,0,0,0,0,0,0,0,0,0,0,0,0,0,0,0,0,0,0,0,0,0,0,0,0,0,0,0,0,0,0,0,0,0,0,0,0,0,0,0,0,0,0,0,0,0,0,0,0,0,0,0,0,0,0,0,0,0,0,0,0,0,0,0,0,0,0,0,0,0,0,0,0,0,0,0,0,0,0,0,0,0,0,0,0,0,0,0,0,0,0,0,0,0,0,0,0,0,0,0,0,0,0,0,0,0,0,0,0,0,0,0,0,0,0,0,0,0,0,0,0,-14,-14,-14,-14,-14,0,0,0,0,0,0,0,0,0,-18,-17,-16,-15,-14,-13,-12,-11,-10,-9,-8,-7,-6,-5,-4,-3,-2,-1,0,
0,0,0,0,0,0,0,0,0,0,0,0,0,0,0,0,0,0,0,0,0,0,0,0,0,0,0,0,0,0,0,0,0,0,0,0,0,0,0,0,0,0,0,0,0,0,0,0,0,0,0,0,0,0,0,0,0,0,0,0,0,0,0,0,0,0,0,0,0,0,0,0,0,0,0,0,0,0,0,0,0,0,0,0,0,0,0,0,0,0,0,0,0,0,0,0,0,0,0,0,0,0,0,0,0,0,0,0,0,0,0,0,0,0,0,0,0,0,0,0,0,0,0,0,0,0,0,0,0,0,0,0,0,0,0,0,0,0,0,0,0,0,0,0,0,0,0,0,0,0,0,0,0,0,0,0,0,0,0,0,0,0,0,0,0,0,0,0,0,0,0,0,0,0,0,0,0,0,0,0,0,0,0,0,0,0,0,0,0,0,0,0,0,0,0,0,0,0,0,0,0,0,0,0,0,0,0,0,0,0,0,0,0,0,0,0,0,0,0,0,0,0,0,0,0,0,0,0,0,0,0,0,0,0,0,0,0,0,0,0,0,0,0,0,0,0,0,0,0,0,0,0,0,0,0,0,0,0,0,0,-14,-14,-14,-14,-14,-14,-14,-14,-14,-14,-14,-14,-15,0,0,0,0,0,0,0,0,-19,-18,-17,-16,-15,-14,-13,-12,-11,-10,-9,-8,-7,-6,-5,-4,-3,-2,-1,0,
0,0,0,0,0,0,0,0,0,0,0,0,0,0,0,0,0,0,0,0,0,0,0,0,0,0,0,0,0,0,0,0,0,0,0,0,0,0,0,0,0,0,0,0,0,0,0,0,0,0,0,0,0,0,0,0,0,0,0,0,0,0,0,0,0,0,0,0,0,0,0,0,0,0,0,0,0,0,0,0,0,0,0,0,0,0,0,0,0,0,0,0,0,0,0,0,0,0,0,0,0,0,0,0,0,0,0,0,0,0,0,0,0,0,0,0,0,0,0,0,0,0,0,0,0,0,0,0,0,0,0,0,0,0,0,0,0,0,0,0,0,0,0,0,0,0,0,0,0,0,0,0,0,0,0,0,0,0,0,0,0,0,0,0,0,0,0,0,0,0,0,0,0,0,0,0,0,0,0,0,0,0,0,0,0,0,0,0,0,0,0,0,0,0,0,0,0,0,0,0,0,0,0,0,0,0,0,0,0,0,0,0,0,0,0,0,0,0,0,0,0,0,0,0,0,0,0,0,0,0,0,0,0,0,0,0,0,0,-14,-14,-14,-14,-14,-14,-14,-14,-14,-14,-14,-14,-14,-14,-15,-15,-15,0,0,-15,-15,-15,-15,-15,-15,-15,-15,-15,-15,-15,-15,-15,-15,-15,-15,0,0,0,0,0,0,-21,-20,-19,-18,-17,-16,-15,-14,-13,-12,-11,-10,-9,-8,-7,-6,-5,-4,-3,-2,-1,0,
0,0,0,0,0,0,0,0,0,0,0,0,0,0,0,0,0,0,0,0,0,0,0,0,0,0,0,0,0,0,0,0,0,0,0,0,0,0,0,0,0,0,0,0,0,0,0,0,0,0,0,0,0,0,0,0,0,0,0,0,0,0,0,0,0,0,0,0,0,0,0,0,0,0,0,0,0,0,0,0,0,0,0,0,0,0,0,0,0,0,0,0,0,0,0,0,0,0,0,0,0,0,0,0,0,0,0,0,0,0,0,0,0,0,0,0,0,0,0,0,0,0,0,0,0,0,0,0,0,0,0,0,0,0,0,0,0,0,0,0,0,0,0,0,0,0,0,0,0,0,0,0,0,0,0,0,0,0,0,0,0,0,0,0,0,0,0,0,0,0,0,0,0,0,0,0,0,0,0,0,0,0,0,0,0,0,0,0,0,0,0,0,0,0,0,0,0,0,0,0,0,0,0,0,0,0,0,0,0,0,0,0,0,0,0,0,0,0,0,0,0,0,0,0,0,0,0,0,0,0,0,0,0,0,-15,-15,-15,-15,-15,-15,-15,-15,-15,-15,-15,-15,-15,-15,-15,-15,-15,-15,-15,-16,-16,-16,-16,-16,-16,-16,-16,-16,-16,-16,-16,-16,-16,-16,-16,-16,-16,-16,-16,0,0,0,0,0,-22,-21,-20,-19,-18,-17,-16,-15,-14,-13,-12,-11,-10,-9,-8,-7,-6,-5,-4,-3,-2,-1,0,
0,0,0,0,0,0,0,0,0,0,0,0,0,0,0,0,0,0,0,0,0,0,0,0,0,0,0,0,0,0,0,0,0,0,0,0,0,0,0,0,0,0,0,0,0,0,0,0,0,0,0,0,0,0,0,0,0,0,0,0,0,0,0,0,0,0,0,0,0,0,0,0,0,0,0,0,0,0,0,0,0,0,0,0,0,0,0,0,0,0,0,0,0,0,0,0,0,0,0,0,0,0,0,0,0,0,0,0,0,0,0,0,0,0,0,0,0,0,0,0,0,0,0,0,0,0,0,0,0,0,0,0,0,0,0,0,0,0,0,0,0,0,0,0,0,0,0,0,0,0,0,0,0,0,0,0,0,0,0,0,0,0,0,0,0,0,0,0,0,0,0,0,0,0,0,0,0,0,0,0,0,0,0,0,0,0,0,0,0,0,0,0,0,0,0,0,0,0,0,0,0,0,0,0,0,0,0,0,0,0,0,0,0,0,0,0,0,0,-14,-14,-14,-15,-15,-15,-15,-15,-15,-15,-15,-15,-15,-15,-15,-15,-15,-16,-16,-16,-16,-16,-16,-16,-16,-16,-16,-16,-16,-16,-16,-16,-16,-16,-16,-16,-16,-17,-17,-17,-17,-17,-17,-17,-17,-17,-17,-17,-17,-17,-17,-17,-17,-17,-17,0,0,0,0,-23,-22,-21,-20,-19,-18,-17,-16,-15,-14,-13,-12,-11,-10,-9,-8,-7,-6,-5,-4,-3,-2,-1,0,
0,0,0,0,0,0,0,0,0,0,0,0,0,0,0,0,0,0,0,0,0,0,0,0,0,0,0,0,0,0,0,0,0,0,0,0,0,0,0,0,0,0,0,0,0,0,0,0,0,0,0,0,0,0,0,0,0,0,0,0,0,0,0,0,0,0,0,0,0,0,0,0,0,0,0,0,0,0,0,0,0,0,0,0,0,0,0,0,0,0,0,0,0,0,0,0,0,0,0,0,0,0,0,0,0,0,0,0,0,0,0,0,0,0,0,0,0,0,0,0,0,0,0,0,0,0,0,0,0,0,0,0,0,0,0,0,0,0,0,0,0,0,0,0,0,0,0,0,0,0,0,0,0,0,0,0,0,0,0,0,0,0,0,0,0,0,0,0,0,0,0,0,0,0,0,0,0,0,0,0,0,0,0,0,0,0,0,0,0,0,0,0,0,0,0,0,0,0,0,0,0,0,0,0,0,0,0,0,0,0,0,-15,-15,-15,-15,-15,-15,-15,-15,-15,-15,-15,-16,-16,-16,-16,-16,-16,-16,-16,-16,-16,-16,-16,-16,-16,-17,-17,-17,-17,-17,-17,-17,-17,-17,-17,-17,-17,-17,-17,-17,-17,-17,-17,-17,-18,-18,-18,-18,-18,-18,-18,-18,-18,-18,-18,-18,-18,-18,-18,-18,-18,-18,-18,-18,0,-24,-23,-22,-21,-20,-19,-18,-17,-16,-15,-14,-13,-12,-11,-10,-9,-8,-7,-6,-5,-4,-3,-2,-1,0,
0,0,0,0,0,0,0,0,0,0,0,0,0,0,0,0,0,0,0,0,0,0,0,0,0,0,0,0,0,0,0,0,0,0,0,0,0,0,0,0,0,0,0,0,0,0,0,0,0,0,0,0,0,0,0,0,0,0,0,0,0,0,0,0,0,0,0,0,0,0,0,0,0,0,0,0,0,0,0,0,0,0,0,0,0,0,0,0,0,0,0,0,0,0,0,0,0,0,0,0,0,0,0,0,0,0,0,0,0,0,0,0,0,0,0,0,0,0,0,0,0,0,0,0,0,0,0,0,0,0,0,0,0,0,0,0,0,0,0,0,0,0,0,0,0,0,0,0,0,0,0,0,0,0,0,0,0,0,0,0,0,0,0,0,0,0,0,0,0,0,0,0,0,0,0,0,0,0,0,0,0,0,0,0,0,0,0,0,0,0,0,0,0,0,0,0,0,0,0,0,0,0,0,-15,-15,-15,-15,-15,-16,-16,-16,-16,-16,-16,-16,-16,-16,-16,-16,-16,-16,-16,-17,-17,-17,-17,-17,-17,-17,-17,-17,-17,-17,-17,-17,-17,-17,-18,-18,-18,-18,-18,-18,-18,-18,-18,-18,-18,-18,-18,-18,-18,-18,-18,-18,-19,-19,-19,-19,-19,-19,-19,-19,-19,-19,-19,-19,-19,-19,-19,-19,-19,-19,-19,-19,-25,-24,-23,-22,-21,-20,-19,-18,-17,-16,-15,-14,-13,-12,-11,-10,-9,-8,-7,-6,-5,-4,-3,-2,-1,0,
0,0,0,0,0,0,0,0,0,0,0,0,0,0,0,0,0,0,0,0,0,0,0,0,0,0,0,0,0,0,0,0,0,0,0,0,0,0,0,0,0,0,0,0,0,0,0,0,0,0,0,0,0,0,0,0,0,0,0,0,0,0,0,0,0,0,0,0,0,0,0,0,0,0,0,0,0,0,0,0,0,0,0,0,0,0,0,0,0,0,0,0,0,0,0,0,0,0,0,0,0,0,0,0,0,0,0,0,0,0,0,0,0,0,0,0,0,0,0,0,0,0,0,0,0,0,0,0,0,0,0,0,0,0,0,0,0,0,0,0,0,0,0,0,0,0,0,0,0,0,0,0,0,0,0,0,0,0,0,0,0,0,0,0,0,0,0,0,0,0,0,0,0,0,0,0,0,0,0,0,0,0,0,0,0,0,0,0,0,0,0,0,0,0,0,0,-15,-15,-15,-15,-15,-15,-16,-16,-16,-16,-16,-16,-17,-17,-17,-17,-17,-17,-17,-17,-17,-17,-17,-17,-17,-17,-17,-18,-18,-18,-18,-18,-18,-18,-18,-18,-18,-18,-18,-18,-18,-18,-18,-19,-19,-19,-19,-19,-19,-19,-19,-19,-19,-19,-19,-19,-19,-19,-19,-19,-20,-20,-20,-20,-20,-20,-20,-20,-20,-20,-20,-20,-20,-20,-20,-20,-20,-20,-26,-25,-24,-23,-22,-21,-20,-19,-18,-17,-16,-15,-14,-13,-12,-11,-10,-9,-8,-7,-6,-5,-4,-3,-2,-1,0,
0,0,0,0,0,0,0,0,0,0,0,0,0,0,0,0,0,0,0,0,0,0,0,0,0,0,0,0,0,0,0,0,0,0,0,0,0,0,0,0,0,0,0,0,0,0,0,0,0,0,0,0,0,0,0,0,0,0,0,0,0,0,0,0,0,0,0,0,0,0,0,0,0,0,0,0,0,0,0,0,0,0,0,0,0,0,0,0,0,0,0,0,0,0,0,0,0,0,0,0,0,0,0,0,0,0,0,0,0,0,0,0,0,0,0,0,0,0,0,0,0,0,0,0,0,0,0,0,0,0,0,0,0,0,0,0,0,0,0,0,0,0,0,0,0,0,0,0,0,0,0,0,0,0,0,0,0,0,0,0,0,0,0,0,0,0,0,0,0,0,0,0,0,0,0,0,0,0,0,0,0,0,0,0,0,0,0,0,0,0,-15,-15,-15,-15,-16,-16,-16,-16,-16,-16,-16,-16,-17,-17,-17,-17,-17,-17,-17,-18,-18,-18,-18,-18,-18,-18,-18,-18,-18,-18,-18,-18,-18,-18,-19,-19,-19,-19,-19,-19,-19,-19,-19,-19,-19,-19,-19,-19,-19,-19,-20,-20,-20,-20,-20,-20,-20,-20,-20,-20,-20,-20,-20,-20,-20,-20,-20,-20,-20,-20,-20,-20,-21,-21,-21,-21,-21,-21,-21,-21,-21,-21,-21,-27,-26,-25,-24,-23,-22,-21,-20,-19,-18,-17,-16,-15,-14,-13,-12,-11,-10,-9,-8,-7,-6,-5,-4,-3,-2,-1,0,
0,0,0,0,0,0,0,0,0,0,0,0,0,0,0,0,0,0,0,0,0,0,0,0,0,0,0,0,0,0,0,0,0,0,0,0,0,0,0,0,0,0,0,0,0,0,0,0,0,0,0,0,0,0,0,0,0,0,0,0,0,0,0,0,0,0,0,0,0,0,0,0,0,0,0,0,0,0,0,0,0,0,0,0,0,0,0,0,0,0,0,0,0,0,0,0,0,0,0,0,0,0,0,0,0,0,0,0,0,0,0,0,0,0,0,0,0,0,0,0,0,0,0,0,0,0,0,0,0,0,0,0,0,0,0,0,0,0,0,0,0,0,0,0,0,0,0,0,0,0,0,0,0,0,0,0,0,0,0,0,0,0,0,0,0,0,0,0,0,0,0,0,0,0,0,0,0,0,0,0,0,0,-15,-15,-15,-15,-15,-16,-16,-16,-16,-16,-16,-16,-17,-17,-17,-17,-17,-17,-17,-17,-18,-18,-18,-18,-18,-18,-18,-18,-18,-19,-19,-19,-19,-19,-19,-19,-19,-19,-19,-19,-19,-19,-19,-20,-20,-20,-20,-20,-20,-20,-20,-20,-20,-20,-20,-20,-20,-20,-20,-20,-20,-20,-21,-21,-21,-21,-21,-21,-21,-21,-21,-21,-21,-21,-21,-21,-21,-21,-21,-21,-21,-21,-21,-22,-22,-22,-22,-22,-22,-22,-28,-27,-26,-25,-24,-23,-22,-21,-20,-19,-18,-17,-16,-15,-14,-13,-12,-11,-10,-9,-8,-7,-6,-5,-4,-3,-2,-1,0,
0,0,0,0,0,0,0,0,0,0,0,0,0,0,0,0,0,0,0,0,0,0,0,0,0,0,0,0,0,0,0,0,0,0,0,0,0,0,0,0,0,0,0,0,0,0,0,0,0,0,0,0,0,0,0,0,0,0,0,0,0,0,0,0,0,0,0,0,0,0,0,0,0,0,0,0,0,0,0,0,0,0,0,0,0,0,0,0,0,0,0,0,0,0,0,0,0,0,0,0,0,0,0,0,0,0,0,0,0,0,0,0,0,0,0,0,0,0,0,0,0,0,0,0,0,0,0,0,0,0,0,0,0,0,0,0,0,0,0,0,0,0,0,0,0,0,0,0,0,0,0,0,0,0,0,0,0,0,0,0,0,0,0,0,0,0,0,0,0,0,0,0,0,0,0,0,0,-15,-16,-16,-16,-16,-16,-16,-16,-16,-16,-17,-17,-17,-17,-17,-17,-17,-17,-18,-18,-18,-18,-18,-18,-18,-19,-19,-19,-19,-19,-19,-19,-19,-19,-19,-20,-20,-20,-20,-20,-20,-20,-20,-20,-20,-20,-20,-20,-20,-21,-21,-21,-21,-21,-21,-21,-21,-21,-21,-21,-21,-21,-21,-21,-21,-21,-21,-21,-21,-22,-22,-22,-22,-22,-22,-22,-22,-22,-22,-22,-22,-22,-22,-22,-22,-22,-22,-22,-22,-22,-22,-22,-22,-22,-29,-28,-27,-26,-25,-24,-23,-22,-21,-20,-19,-18,-17,-16,-15,-14,-13,-12,-11,-10,-9,-8,-7,-6,-5,-4,-3,-2,-1,0,
0,0,0,0,0,0,0,0,0,0,0,0,0,0,0,0,0,0,0,0,0,0,0,0,0,0,0,0,0,0,0,0,0,0,0,0,0,0,0,0,0,0,0,0,0,0,0,0,0,0,0,0,0,0,0,0,0,0,0,0,0,0,0,0,0,0,0,0,0,0,0,0,0,0,0,0,0,0,0,0,0,0,0,0,0,0,0,0,0,0,0,0,0,0,0,0,0,0,0,0,0,0,0,0,0,0,0,0,0,0,0,0,0,0,0,0,0,0,0,0,0,0,0,0,0,0,0,0,0,0,0,0,0,0,0,0,0,0,0,0,0,0,0,0,0,0,0,0,0,0,0,0,0,0,0,0,0,0,0,0,0,0,0,0,0,0,0,0,0,0,0,0,-16,-16,-16,-16,-16,-16,-16,-17,-17,-17,-17,-17,-17,-17,-17,-18,-18,-18,-18,-18,-18,-18,-18,-19,-19,-19,-19,-19,-19,-20,-20,-20,-20,-20,-20,-20,-20,-20,-20,-20,-20,-20,-21,-21,-21,-21,-21,-21,-21,-21,-21,-21,-21,-21,-21,-22,-22,-22,-22,-22,-22,-22,-22,-22,-22,-22,-22,-22,-22,-22,-22,-22,-22,-22,-22,-23,-23,-23,-23,-23,-23,-23,-23,-23,-23,-23,-23,-23,-23,-23,-23,-23,-23,-23,-23,-23,-23,-23,-30,-29,-28,-27,-26,-25,-24,-23,-22,-21,-20,-19,-18,-17,-16,-15,-14,-13,-12,-11,-10,-9,-8,-7,-6,-5,-4,-3,-2,-1,0,
0,0,0,0,0,0,0,0,0,0,0,0,0,0,0,0,0,0,0,0,0,0,0,0,0,0,0,0,0,0,0,0,0,0,0,0,0,0,0,0,0,0,0,0,0,0,0,0,0,0,0,0,0,0,0,0,0,0,0,0,0,0,0,0,0,0,0,0,0,0,0,0,0,0,0,0,0,0,0,0,0,0,0,0,0,0,0,0,0,0,0,0,0,0,0,0,0,0,0,0,0,0,0,0,0,0,0,0,0,0,0,0,0,0,0,0,0,0,0,0,0,0,0,0,0,0,0,0,0,0,0,0,0,0,0,0,0,0,0,0,0,0,0,0,0,0,0,0,0,0,0,0,0,0,0,0,0,0,0,0,0,0,0,0,0,0,-16,-16,-16,-16,-17,-17,-17,-17,-17,-17,-17,-17,-17,-18,-18,-18,-18,-18,-18,-18,-18,-19,-19,-19,-19,-19,-19,-19,-19,-20,-20,-20,-20,-20,-20,-21,-21,-21,-21,-21,-21,-21,-21,-21,-21,-21,-21,-21,-21,-22,-22,-22,-22,-22,-22,-22,-22,-22,-22,-22,-22,-22,-22,-23,-23,-23,-23,-23,-23,-23,-23,-23,-23,-23,-23,-23,-23,-23,-23,-23,-23,-23,-24,-24,-24,-24,-24,-24,-24,-24,-24,-24,-24,-24,-24,-24,-24,-24,-24,-24,-24,-24,-24,-24,-30,-29,-28,-27,-26,-25,-24,-23,-22,-21,-20,-19,-18,-17,-16,-15,-14,-13,-12,-11,-10,-9,-8,-7,-6,-5,-4,-3,-2,-1,0,
0,0,0,0,0,0,0,0,0,0,0,0,0,0,0,0,0,0,0,0,0,0,0,0,0,0,0,0,0,0,0,0,0,0,0,0,0,0,0,0,0,0,0,0,0,0,0,0,0,0,0,0,0,0,0,0,0,0,0,0,0,0,0,0,0,0,0,0,0,0,0,0,0,0,0,0,0,0,0,0,0,0,0,0,0,0,0,0,0,0,0,0,0,0,0,0,0,0,0,0,0,0,0,0,0,0,0,0,0,0,0,0,0,0,0,0,0,0,0,0,0,0,0,0,0,0,0,0,0,0,0,0,0,0,0,0,0,0,0,0,0,0,0,0,0,0,0,0,0,0,0,0,0,0,0,0,0,0,0,0,-16,-16,-16,-17,-17,-17,-17,-17,-17,-17,-18,-18,-18,-18,-18,-18,-18,-18,-18,-18,-19,-19,-19,-19,-19,-19,-19,-20,-20,-20,-20,-20,-20,-20,-20,-20,-21,-21,-21,-21,-21,-22,-22,-22,-22,-22,-22,-22,-22,-22,-22,-22,-22,-22,-22,-23,-23,-23,-23,-23,-23,-23,-23,-23,-23,-23,-23,-23,-23,-23,-24,-24,-24,-24,-24,-24,-24,-24,-24,-24,-24,-24,-24,-24,-24,-24,-24,-24,-25,-25,-25,-25,-25,-25,-25,-25,-25,-25,-25,-25,-25,-25,-25,-25,-25,-25,-25,-25,-25,-31,-30,-29,-28,-27,-26,-25,-24,-23,-22,-21,-20,-19,-18,-17,-16,-15,-14,-13,-12,-11,-10,-9,-8,-7,-6,-5,-4,-3,-2,-1,0,
0,0,0,0,0,0,0,0,0,0,0,0,0,0,0,0,0,0,0,0,0,0,0,0,0,0,0,0,0,0,0,0,0,0,0,0,0,0,0,0,0,0,0,0,0,0,0,0,0,0,0,0,0,0,0,0,0,0,0,0,0,0,0,0,0,0,0,0,0,0,0,0,0,0,0,0,0,0,0,0,0,0,0,0,0,0,0,0,-11,-11,-11,-12,-12,-12,-12,-12,-12,-13,-13,-13,-13,-13,0,0,0,0,0,0,0,0,0,0,0,0,0,0,0,0,0,0,0,0,0,0,0,0,0,0,0,0,0,0,0,0,0,0,0,0,0,0,0,0,0,0,0,0,0,0,0,0,0,0,0,0,0,-16,-17,-17,-17,-17,-17,-17,-17,-18,-18,-18,-18,-18,-18,-18,-19,-19,-19,-19,-19,-19,-19,-19,-19,-19,-20,-20,-20,-20,-20,-20,-20,-21,-21,-21,-21,-21,-21,-21,-21,-21,-22,-22,-22,-22,-22,-23,-23,-23,-23,-23,-23,-23,-23,-23,-23,-23,-23,-23,-23,-23,-24,-24,-24,-24,-24,-24,-24,-24,-24,-24,-24,-24,-24,-24,-24,-25,-25,-25,-25,-25,-25,-25,-25,-25,-25,-25,-25,-25,-25,-25,-25,-25,-26,-26,-26,-26,-26,-26,-26,-26,-26,-26,-26,-26,-26,-26,-26,-26,-26,-26,-26,-26,-32,-31,-30,-29,-28,-27,-26,-25,-24,-23,-22,-21,-20,-19,-18,-17,-16,-15,-14,-13,-12,-11,-10,-9,-8,-7,-6,-5,-4,-3,-2,-1,0,
0,0,0,0,0,0,0,0,0,0,0,0,0,0,0,0,0,0,0,0,0,0,0,0,0,0,0,0,0,0,0,0,0,0,0,0,0,0,0,0,0,0,0,0,0,0,0,0,0,0,0,0,0,0,0,0,0,0,0,0,0,0,0,0,0,0,0,0,0,0,0,0,0,0,0,0,0,0,0,0,0,0,0,0,-11,-11,-12,-12,-12,-12,-12,-13,-13,-13,-13,-13,-13,-14,-14,-14,-14,-14,-14,-14,-14,-14,-14,-14,-14,0,0,0,0,0,0,0,0,0,0,0,0,0,0,0,0,0,0,0,0,0,0,0,0,0,0,0,0,0,0,0,0,0,0,0,0,0,0,0,0,-14,-14,-16,-16,-17,-17,-17,-18,-18,-18,-18,-18,-18,-18,-19,-19,-19,-19,-19,-19,-19,-20,-20,-20,-20,-20,-20,-20,-20,-20,-20,-21,-21,-21,-21,-21,-21,-21,-22,-22,-22,-22,-22,-22,-22,-22,-22,-23,-23,-23,-23,-23,-24,-24,-24,-24,-24,-24,-24,-24,-24,-24,-24,-24,-24,-24,-24,-24,-25,-25,-25,-25,-25,-25,-25,-25,-25,-25,-25,-25,-25,-25,-25,-26,-26,-26,-26,-26,-26,-26,-26,-26,-26,-26,-26,-26,-26,-26,-26,-26,-27,-27,-27,-27,-27,-27,-27,-27,-27,-27,-27,-27,-27,-27,-27,-27,-27,-27,-33,-32,-31,-30,-29,-28,-27,-26,-25,-24,-23,-22,-21,-20,-19,-18,-17,-16,-15,-14,-13,-12,-11,-10,-9,-8,-7,-6,-5,-4,-3,-2,-1,0,
0,0,0,0,0,0,0,0,0,0,0,0,0,0,0,0,0,0,0,0,0,0,0,0,0,0,0,0,0,0,0,0,0,0,0,0,0,0,0,0,0,0,0,0,0,0,0,0,0,0,0,0,0,0,0,0,0,0,0,0,0,0,0,0,0,0,0,0,0,0,0,0,0,0,0,0,-18,-18,-18,-19,-19,-12,-12,-12,-12,-12,-13,-13,-13,-13,-14,-14,-14,-14,-14,-14,-15,-15,-15,-15,-15,-15,-15,-15,-15,-15,-14,-14,-14,-14,-14,-13,-14,-13,-13,-13,-13,0,0,0,0,0,0,0,0,0,0,0,0,0,0,0,0,0,0,0,0,0,0,-13,-14,-14,-14,-14,-14,-15,-15,-15,-15,-15,-17,-17,-18,-18,-18,-18,-19,-19,-19,-19,-19,-19,-19,-19,-20,-20,-20,-20,-20,-20,-21,-21,-21,-21,-21,-21,-21,-21,-21,-21,-22,-22,-22,-22,-22,-22,-22,-23,-23,-23,-23,-23,-23,-23,-23,-24,-24,-24,-24,-24,-24,-24,-24,-25,-25,-25,-25,-25,-25,-25,-25,-25,-25,-25,-25,-25,-25,-25,-26,-26,-26,-26,-26,-26,-26,-26,-26,-26,-26,-26,-26,-26,-26,-26,-26,-26,-27,-27,-27,-27,-27,-27,-27,-27,-27,-27,-27,-27,-27,-27,-27,-27,-27,-27,-27,-27,-28,-28,-28,-28,-28,-28,-28,-28,-28,-28,-34,-33,-32,-31,-30,-29,-28,-27,-26,-25,-24,-23,-22,-21,-20,-19,-18,-17,-16,-15,-14,-13,-12,-11,-10,-9,-8,-7,-6,-5,-4,-3,-2,-1,0,
0,0,0,0,0,0,0,0,0,0,0,0,0,0,0,0,0,0,0,0,0,0,0,0,0,0,0,0,0,0,0,0,0,0,0,0,0,0,0,0,0,0,0,0,0,0,0,0,0,0,0,0,0,0,0,0,0,0,0,0,0,0,0,0,0,0,0,0,0,0,-17,-17,-17,-18,-18,-19,-19,-19,-13,-20,-13,-13,-13,-13,-13,-13,-14,-14,-14,-14,-15,-15,-15,-15,-15,-15,-15,-16,-16,-16,-16,-16,-16,-16,-16,-15,-15,-15,-15,-15,-14,-14,-14,-14,-14,-14,-14,-14,-13,-13,-13,-13,-13,-13,-13,-14,-14,-14,-14,-14,-14,-14,-14,-14,-14,-14,-14,-14,-14,-14,-14,-15,-15,-15,-15,-15,-16,-16,-16,-18,-18,-18,-19,-19,-19,-19,-20,-20,-20,-20,-20,-20,-20,-20,-21,-21,-21,-21,-21,-21,-21,-22,-22,-22,-22,-22,-22,-22,-22,-22,-23,-23,-23,-23,-23,-23,-23,-24,-24,-24,-24,-24,-24,-24,-24,-25,-25,-25,-25,-25,-25,-25,-25,-25,-25,-26,-26,-26,-26,-26,-26,-26,-26,-26,-26,-26,-26,-26,-26,-27,-27,-27,-27,-27,-27,-27,-27,-27,-27,-27,-27,-27,-27,-27,-27,-27,-27,-27,-28,-28,-28,-28,-28,-28,-28,-28,-28,-28,-28,-28,-28,-28,-28,-28,-28,-28,-28,-28,-28,-28,-28,-29,-29,-28,-29,-35,-34,-33,-32,-31,-30,-29,-28,-27,-26,-25,-24,-23,-22,-21,-20,-19,-18,-17,-16,-15,-14,-13,-12,-11,-10,-9,-8,-7,-6,-5,-4,-3,-2,-1,0,
0,0,0,0,0,0,0,0,0,0,0,0,0,0,0,0,0,0,0,0,0,0,0,0,0,0,0,0,0,0,0,0,0,0,0,0,0,0,0,0,0,0,0,0,0,0,0,0,0,0,0,0,0,0,0,0,0,0,0,0,0,0,0,0,0,0,-17,-17,-18,-18,-18,-18,-19,-19,-20,-20,-20,-20,-14,-14,-14,-14,-14,-14,-14,-15,-15,-15,-15,-15,-16,-16,-16,-16,-16,-16,-16,-16,-16,-16,-16,-16,-16,-16,-16,-16,-16,-16,-16,-15,-15,-15,-15,-15,-15,-15,-15,-15,-14,-14,-14,-14,-14,-14,-14,-14,-14,-14,-15,-15,-15,-15,-15,-15,-15,-16,-15,-15,-15,-15,-16,-16,-16,-16,-16,-16,-17,-17,-17,-19,-19,-20,-20,-20,-20,-21,-21,-21,-21,-21,-21,-21,-21,-21,-22,-22,-22,-22,-22,-22,-22,-22,-23,-23,-23,-23,-23,-23,-23,-23,-24,-24,-24,-24,-24,-24,-24,-24,-25,-25,-25,-25,-25,-25,-25,-26,-26,-26,-26,-26,-26,-26,-26,-26,-26,-26,-27,-27,-27,-27,-27,-27,-27,-27,-27,-27,-27,-27,-27,-27,-28,-28,-28,-28,-28,-28,-28,-28,-28,-28,-28,-28,-28,-28,-28,-28,-28,-28,-28,-28,-29,-29,-29,-29,-29,-29,-29,-29,-29,-29,-29,-29,-29,-29,-29,-29,-29,-29,-29,-29,-29,-29,-29,-29,-36,-35,-34,-33,-32,-31,-30,-29,-28,-27,-26,-25,-24,-23,-22,-21,-20,-19,-18,-17,-16,-15,-14,-13,-12,-11,-10,-9,-8,-7,-6,-5,-4,-3,-2,-1,0,
0,0,0,0,0,0,0,0,0,0,0,0,0,0,0,0,0,0,0,0,0,0,0,0,0,0,0,0,0,0,0,0,0,0,0,0,0,0,0,0,0,0,0,0,0,0,0,0,0,0,0,0,0,0,0,0,0,0,0,0,0,0,0,-18,-18,-18,-18,-19,-19,-19,-19,-20,-20,-20,-21,-21,-21,-14,-14,-14,-15,-15,-15,-15,-15,-15,-16,-16,-16,-16,-17,-17,-17,-17,-17,-17,-17,-17,-17,-17,-17,-17,-17,-17,-17,-17,-17,-17,-17,-17,-16,-16,-16,-16,-16,-16,-16,-16,-15,-15,-15,-15,-15,-15,-15,-15,-15,-15,-16,-16,-16,-16,-16,-16,-17,-16,-16,-16,-16,-17,-17,-17,-17,-17,-17,-17,-18,-18,-18,-20,-20,-21,-21,-21,-21,-21,-22,-22,-22,-22,-22,-22,-22,-22,-23,-23,-23,-23,-23,-23,-23,-23,-24,-24,-24,-24,-24,-24,-24,-24,-25,-25,-25,-25,-25,-25,-25,-25,-25,-26,-26,-26,-26,-26,-26,-27,-27,-27,-27,-27,-27,-27,-27,-27,-27,-27,-27,-28,-28,-28,-28,-28,-28,-28,-28,-28,-28,-28,-28,-28,-28,-29,-29,-29,-29,-29,-29,-29,-29,-29,-29,-29,-29,-29,-29,-29,-29,-29,-29,-29,-29,-30,-30,-30,-30,-30,-30,-30,-30,-30,-30,-30,-30,-30,-30,-30,-30,-30,-30,-30,-30,-30,-30,-37,-36,-35,-34,-33,-32,-31,-30,-29,-28,-27,-26,-25,-24,-23,-22,-21,-20,-19,-18,-17,-16,-15,-14,-13,-12,-11,-10,-9,-8,-7,-6,-5,-4,-3,-2,-1,0,
0,0,0,0,0,0,0,0,0,0,0,0,0,0,0,0,0,0,0,0,0,0,0,0,0,0,0,0,0,0,0,0,0,0,0,0,0,0,0,0,0,0,0,0,0,0,0,0,0,0,0,0,0,0,0,0,0,0,0,0,-17,-18,-19,-19,-19,-19,-19,-20,-20,-20,-21,-21,-21,-21,-22,-22,-15,-15,-15,-15,-16,-16,-16,-16,-16,-17,-17,-17,-17,-17,-18,-18,-18,-18,-18,-18,-18,-18,-18,-18,-18,-18,-18,-18,-18,-18,-18,-18,-18,-17,-17,-17,-17,-17,-17,-17,-17,-16,-16,-16,-16,-16,-16,-16,-16,-16,-16,-16,-17,-17,-17,-17,-17,-17,-17,-17,-17,-17,-18,-18,-18,-18,-18,-18,-18,-19,-19,-19,-21,-21,-21,-22,-22,-22,-22,-22,-23,-23,-23,-23,-23,-23,-23,-24,-24,-24,-24,-24,-24,-24,-24,-24,-24,-25,-25,-25,-25,-25,-25,-25,-26,-26,-26,-26,-26,-26,-26,-26,-26,-27,-27,-27,-27,-27,-27,-28,-28,-28,-28,-28,-28,-28,-28,-28,-28,-28,-28,-28,-29,-29,-29,-29,-29,-29,-29,-29,-29,-29,-29,-29,-29,-29,-29,-30,-30,-30,-30,-30,-30,-30,-30,-30,-30,-30,-30,-30,-30,-30,-30,-30,-30,-30,-31,-31,-31,-31,-31,-31,-31,-31,-31,-31,-31,-31,-31,-31,-31,-31,-31,-31,-31,-31,-31,-37,-36,-35,-34,-33,-32,-31,-30,-29,-28,-27,-26,-25,-24,-23,-22,-21,-20,-19,-18,-17,-16,-15,-14,-13,-12,-11,-10,-9,-8,-7,-6,-5,-4,-3,-2,-1,0,
0,0,0,0,0,0,0,0,0,0,0,0,0,0,0,0,0,0,0,0,0,0,0,0,0,0,0,0,0,0,0,0,0,0,0,0,0,0,0,0,0,0,0,0,0,0,0,0,0,0,0,0,0,0,0,0,0,-15,-15,-18,-19,-19,-20,-20,-20,-20,-21,-21,-21,-21,-22,-22,-22,-23,-23,-23,-16,-16,-16,-16,-17,-17,-17,-17,-17,-18,-18,-18,-18,-18,-19,-19,-19,-19,-19,-19,-19,-19,-19,-19,-19,-19,-19,-19,-19,-18,-18,-18,-18,-18,-18,-17,-18,-18,-18,-18,-17,-17,-17,-17,-17,-17,-17,-17,-17,-17,-17,-17,-17,-18,-18,-18,-18,-18,-18,-18,-18,-18,-19,-19,-19,-19,-19,-19,-20,-20,-21,-22,-22,-22,-23,-23,-23,-23,-23,-23,-24,-24,-24,-24,-24,-24,-24,-25,-25,-25,-25,-25,-25,-25,-25,-25,-25,-26,-26,-26,-26,-26,-26,-26,-27,-27,-27,-27,-27,-27,-27,-27,-27,-28,-28,-28,-28,-28,-29,-29,-29,-29,-29,-29,-29,-29,-29,-29,-29,-29,-29,-29,-29,-30,-30,-30,-30,-30,-30,-30,-30,-30,-30,-30,-30,-30,-30,-30,-31,-31,-31,-31,-31,-31,-31,-31,-31,-31,-31,-31,-31,-31,-31,-31,-31,-32,-32,-32,-32,-32,-32,-32,-32,-32,-32,-32,-32,-32,-32,-32,-32,-32,-32,-32,-32,-32,-38,-37,-36,-35,-34,-33,-32,-31,-30,-29,-28,-27,-26,-25,-24,-23,-22,-21,-20,-19,-18,-17,-16,-15,-14,-13,-12,-11,-10,-9,-8,-7,-6,-5,-4,-3,-2,-1,0,
0,0,0,0,0,0,0,0,0,0,0,0,0,0,0,0,0,0,0,0,0,0,0,0,0,0,0,0,0,0,0,0,0,0,0,0,0,0,0,0,0,0,0,0,0,0,0,0,0,0,0,0,0,0,-15,-16,-16,-16,-19,-20,-20,-21,-21,-21,-21,-21,-21,-22,-22,-23,-23,-23,-23,-24,-24,-17,-17,-17,-17,-17,-18,-18,-18,-18,-19,-19,-19,-19,-19,-19,-20,-20,-20,-20,-20,-20,-20,-20,-20,-20,-20,-20,-20,-19,-19,-19,-19,-19,-18,-18,-18,-18,-19,-18,-18,-18,-18,-18,-18,-18,-18,-18,-18,-18,-18,-18,-18,-18,-18,-18,-18,-19,-19,-19,-19,-19,-19,-19,-20,-20,-20,-20,-20,-20,-22,-22,-22,-23,-23,-23,-24,-24,-24,-24,-24,-24,-25,-25,-25,-25,-25,-25,-25,-26,-26,-26,-26,-26,-26,-26,-26,-26,-26,-27,-27,-27,-27,-27,-27,-27,-28,-28,-28,-28,-28,-28,-28,-28,-28,-29,-29,-29,-29,-29,-30,-30,-30,-30,-30,-30,-30,-30,-30,-30,-30,-30,-30,-30,-30,-30,-31,-31,-31,-31,-31,-31,-31,-31,-31,-31,-31,-31,-31,-31,-31,-32,-32,-32,-32,-32,-32,-32,-32,-32,-32,-32,-32,-32,-32,-32,-32,-33,-33,-33,-33,-33,-33,-33,-33,-33,-33,-33,-33,-33,-33,-33,-33,-33,-33,-33,-33,-39,-38,-37,-36,-35,-34,-33,-32,-31,-30,-29,-28,-27,-26,-25,-24,-23,-22,-21,-20,-19,-18,-17,-16,-15,-14,-13,-12,-11,-10,-9,-8,-7,-6,-5,-4,-3,-2,-1,0,
0,0,0,0,0,0,0,0,0,0,0,0,0,0,0,0,0,0,0,0,0,0,0,0,0,0,0,0,0,0,0,0,0,0,0,0,0,0,0,0,0,0,0,0,0,0,0,0,0,0,0,-16,-16,-16,-16,-17,-17,-20,-21,-21,-21,-22,-22,-22,-22,-22,-22,-23,-23,-24,-24,-24,-25,-25,-18,-18,-18,-18,-18,-18,-19,-19,-19,-19,-20,-20,-20,-20,-20,-20,-21,-21,-21,-21,-21,-21,-21,-21,-21,-21,-21,-20,-20,-20,-20,-20,-20,-19,-19,-19,-19,-19,-19,-19,-19,-18,-18,-18,-19,-19,-19,-19,-19,-19,-19,-19,-19,-19,-19,-19,-19,-20,-20,-20,-20,-20,-20,-20,-20,-21,-21,-21,-21,-21,-23,-23,-24,-24,-24,-25,-25,-25,-25,-25,-25,-25,-25,-26,-26,-26,-26,-26,-26,-27,-27,-27,-27,-27,-27,-27,-27,-27,-27,-27,-28,-28,-28,-28,-28,-28,-29,-29,-29,-29,-29,-29,-29,-29,-29,-30,-30,-30,-30,-30,-30,-31,-31,-31,-31,-31,-31,-31,-31,-31,-31,-31,-31,-31,-31,-31,-32,-32,-32,-32,-32,-32,-32,-32,-32,-32,-32,-32,-32,-32,-32,-32,-33,-33,-33,-33,-33,-33,-33,-33,-33,-33,-33,-33,-33,-33,-33,-33,-33,-34,-33,-34,-34,-34,-34,-34,-34,-34,-34,-34,-34,-34,-34,-34,-34,-34,-40,-39,-38,-37,-36,-35,-34,-33,-32,-31,-30,-29,-28,-27,-26,-25,-24,-23,-22,-21,-20,-19,-18,-17,-16,-15,-14,-13,-12,-11,-10,-9,-8,-7,-6,-5,-4,-3,-2,-1,0,
0,0,0,0,0,0,0,0,0,0,0,0,0,0,0,0,0,0,0,0,0,0,0,0,0,0,0,0,0,0,0,0,0,0,0,0,0,0,0,0,0,0,0,0,0,0,0,0,-16,-16,-17,-17,-17,-17,-17,-18,-20,-21,-22,-22,-22,-23,-23,-23,-23,-23,-24,-24,-25,-25,-25,-25,-26,-26,-19,-19,-19,-19,-19,-20,-20,-20,-20,-20,-21,-21,-21,-21,-21,-21,-22,-22,-22,-22,-22,-22,-22,-22,-22,-21,-21,-21,-21,-21,-20,-21,-20,-20,-20,-20,-20,-20,-19,-19,-19,-19,-19,-19,-19,-20,-20,-20,-20,-20,-20,-20,-20,-20,-20,-20,-20,-20,-20,-20,-21,-21,-21,-21,-21,-22,-22,-22,-22,-24,-24,-25,-25,-25,-25,-26,-26,-26,-26,-26,-26,-26,-26,-27,-27,-27,-27,-27,-27,-27,-28,-28,-28,-28,-28,-28,-28,-28,-28,-29,-29,-29,-29,-29,-29,-29,-29,-30,-30,-30,-30,-30,-30,-30,-31,-31,-31,-31,-31,-31,-31,-31,-31,-32,-32,-32,-32,-32,-32,-32,-32,-32,-32,-32,-32,-32,-32,-33,-33,-33,-33,-33,-33,-33,-33,-33,-33,-33,-33,-33,-33,-33,-33,-33,-33,-33,-34,-34,-34,-34,-34,-34,-34,-34,-34,-34,-34,-34,-34,-34,-34,-34,-34,-34,-34,-34,-34,-34,-35,-35,-35,-35,-35,-35,-35,-41,-40,-39,-38,-37,-36,-35,-34,-33,-32,-31,-30,-29,-28,-27,-26,-25,-24,-23,-22,-21,-20,-19,-18,-17,-16,-15,-14,-13,-12,-11,-10,-9,-8,-7,-6,-5,-4,-3,-2,-1,0,
0,0,0,0,0,0,0,0,0,0,0,0,0,0,0,0,0,0,0,0,0,0,0,0,0,0,0,0,0,0,0,0,0,0,0,0,0,0,0,0,0,0,0,0,0,0,-17,-17,-17,-18,-18,-18,-18,-18,-18,-21,-22,-23,-23,-23,-23,-24,-24,-24,-24,-24,-25,-25,-26,-26,-26,-26,-27,-20,-20,-20,-20,-20,-20,-21,-21,-21,-21,-22,-22,-22,-22,-22,-22,-22,-23,-23,-22,-22,-22,-22,-22,-22,-22,-22,-22,-22,-22,-21,-21,-21,-21,-21,-21,-21,-21,-20,-20,-20,-20,-20,-20,-20,-20,-21,-20,-21,-21,-21,-21,-21,-21,-21,-21,-21,-21,-21,-21,-21,-22,-22,-22,-22,-22,-23,-23,-23,-25,-25,-25,-26,-26,-26,-26,-27,-27,-27,-27,-27,-27,-27,-27,-27,-28,-28,-28,-28,-28,-28,-29,-29,-29,-29,-29,-29,-29,-29,-29,-30,-30,-30,-30,-30,-30,-30,-30,-31,-31,-31,-31,-31,-31,-31,-32,-32,-32,-32,-32,-32,-32,-32,-32,-32,-33,-33,-33,-33,-33,-33,-33,-33,-33,-33,-33,-33,-33,-33,-33,-34,-34,-34,-34,-34,-34,-34,-34,-34,-34,-34,-34,-34,-34,-34,-34,-34,-34,-34,-35,-35,-35,-35,-35,-35,-35,-35,-35,-35,-35,-35,-35,-35,-35,-35,-35,-35,-35,-35,-35,-35,-35,-35,-35,-35,-42,-41,-40,-39,-38,-37,-36,-35,-34,-33,-32,-31,-30,-29,-28,-27,-26,-25,-24,-23,-22,-21,-20,-19,-18,-17,-16,-15,-14,-13,-12,-11,-10,-9,-8,-7,-6,-5,-4,-3,-2,-1,0,
0,0,0,0,0,0,0,0,0,0,0,0,0,0,0,0,0,0,0,0,0,0,0,0,0,0,0,0,0,0,0,0,0,0,0,0,0,0,0,0,0,0,0,-17,-17,-17,-18,-18,-18,-19,-19,-19,-19,-19,-22,-23,-23,-24,-24,-24,-24,-25,-25,-25,-25,-26,-26,-27,-27,-27,-27,-20,-21,-21,-21,-21,-21,-21,-21,-22,-22,-22,-22,-23,-23,-23,-23,-23,-23,-23,-23,-23,-23,-23,-23,-23,-23,-23,-23,-23,-23,-23,-23,-22,-22,-22,-22,-22,-22,-22,-22,-21,-21,-21,-21,-21,-21,-21,-21,-21,-21,-22,-22,-22,-22,-22,-22,-23,-23,-22,-22,-22,-22,-23,-23,-23,-23,-23,-23,-24,-24,-24,-26,-26,-26,-27,-27,-27,-27,-28,-28,-28,-28,-28,-28,-28,-28,-28,-29,-29,-29,-29,-29,-29,-29,-30,-30,-30,-30,-30,-30,-30,-30,-31,-31,-31,-31,-31,-31,-31,-31,-31,-32,-32,-32,-32,-32,-32,-33,-33,-33,-33,-33,-33,-33,-33,-33,-33,-33,-33,-34,-34,-34,-34,-34,-34,-34,-34,-34,-34,-34,-34,-34,-35,-35,-35,-35,-35,-35,-35,-35,-35,-35,-35,-35,-35,-35,-35,-35,-35,-35,-35,-35,-36,-36,-36,-36,-36,-36,-36,-36,-36,-36,-36,-36,-36,-36,-36,-36,-36,-36,-36,-36,-36,-36,-36,-36,-43,-42,-41,-40,-39,-38,-37,-36,-35,-34,-33,-32,-31,-30,-29,-28,-27,-26,-25,-24,-23,-22,-21,-20,-19,-18,-17,-16,-15,-14,-13,-12,-11,-10,-9,-8,-7,-6,-5,-4,-3,-2,-1,0,
0,0,0,0,0,0,0,0,0,0,0,0,0,0,0,0,0,0,0,0,0,0,0,0,0,0,0,0,0,0,0,0,0,0,0,0,0,0,0,0,0,-17,-18,-18,-18,-19,-19,-19,-20,-20,-20,-20,-20,-20,-24,-24,-25,-25,-25,-25,-26,-26,-26,-26,-27,-27,-27,-28,-28,-28,-21,-21,-21,-22,-22,-22,-22,-22,-22,-23,-23,-23,-23,-24,-24,-24,-24,-24,-24,-24,-24,-24,-24,-24,-24,-24,-24,-24,-24,-24,-24,-24,-24,-23,-23,-23,-23,-23,-23,-23,-23,-22,-22,-22,-22,-22,-22,-22,-22,-22,-22,-23,-23,-23,-23,-23,-23,-23,-23,-23,-23,-23,-24,-24,-24,-24,-24,-24,-24,-25,-25,-25,-27,-27,-28,-28,-28,-28,-28,-29,-29,-29,-29,-29,-29,-29,-29,-30,-30,-30,-30,-30,-30,-30,-30,-30,-31,-31,-31,-31,-31,-31,-31,-32,-32,-32,-32,-32,-32,-32,-32,-32,-33,-33,-33,-33,-33,-33,-34,-34,-34,-34,-34,-34,-34,-34,-34,-34,-34,-34,-34,-35,-35,-35,-35,-35,-35,-35,-35,-35,-35,-35,-35,-35,-35,-36,-36,-36,-36,-36,-36,-36,-36,-36,-36,-36,-36,-36,-36,-36,-36,-36,-36,-36,-36,-37,-37,-37,-37,-37,-37,-37,-37,-37,-37,-37,-37,-37,-37,-37,-37,-37,-37,-37,-37,-37,-44,-43,-42,-41,-40,-39,-38,-37,-36,-35,-34,-33,-32,-31,-30,-29,-28,-27,-26,-25,-24,-23,-22,-21,-20,-19,-18,-17,-16,-15,-14,-13,-12,-11,-10,-9,-8,-7,-6,-5,-4,-3,-2,-1,0,
0,0,0,0,0,0,0,0,0,0,0,0,0,0,0,0,0,0,0,0,0,0,0,0,0,0,0,0,0,0,0,0,0,0,0,0,0,0,-17,-18,-18,-19,-19,-19,-19,-20,-20,-20,-21,-21,-21,-21,-21,-24,-25,-26,-26,-26,-26,-26,-27,-27,-27,-27,-28,-28,-28,-29,-29,-22,-22,-22,-22,-23,-23,-23,-23,-23,-24,-24,-24,-24,-24,-25,-25,-25,-25,-25,-25,-25,-25,-25,-25,-25,-25,-25,-25,-25,-25,-25,-25,-25,-24,-24,-24,-24,-24,-24,-24,-24,-23,-23,-23,-23,-23,-23,-23,-23,-23,-23,-23,-23,-24,-24,-24,-24,-24,-24,-24,-24,-24,-24,-25,-25,-25,-25,-25,-25,-26,-26,-26,-28,-28,-28,-29,-29,-29,-29,-29,-30,-30,-30,-30,-30,-30,-30,-31,-31,-31,-31,-31,-31,-31,-31,-31,-31,-32,-32,-32,-32,-32,-32,-32,-33,-33,-33,-33,-33,-33,-33,-33,-33,-34,-34,-34,-34,-34,-34,-35,-35,-35,-35,-35,-35,-35,-35,-35,-35,-35,-35,-35,-35,-36,-36,-36,-36,-36,-36,-36,-36,-36,-36,-36,-36,-36,-36,-37,-37,-37,-37,-37,-37,-37,-37,-37,-37,-37,-37,-37,-37,-37,-37,-37,-37,-37,-38,-38,-38,-38,-38,-38,-38,-38,-38,-38,-38,-38,-38,-38,-38,-38,-38,-38,-38,-38,-38,-44,-43,-42,-41,-40,-39,-38,-37,-36,-35,-34,-33,-32,-31,-30,-29,-28,-27,-26,-25,-24,-23,-22,-21,-20,-19,-18,-17,-16,-15,-14,-13,-12,-11,-10,-9,-8,-7,-6,-5,-4,-3,-2,-1,0,
0,0,0,0,0,0,0,0,0,0,0,0,0,0,0,0,0,0,0,0,0,0,0,0,0,0,0,0,0,0,0,0,0,0,0,0,-18,-18,-18,-19,-19,-20,-20,-20,-20,-21,-21,-21,-22,-22,-22,-22,-25,-26,-26,-27,-27,-27,-27,-27,-28,-28,-28,-29,-29,-29,-30,-30,-30,-23,-23,-23,-23,-24,-24,-24,-24,-24,-25,-25,-25,-25,-25,-26,-26,-26,-26,-26,-26,-26,-26,-26,-26,-26,-26,-26,-26,-26,-25,-25,-25,-25,-24,-25,-24,-24,-25,-24,-25,-24,-24,-24,-24,-24,-24,-24,-24,-24,-24,-24,-24,-24,-24,-25,-25,-25,-25,-25,-25,-25,-25,-26,-26,-26,-26,-26,-26,-26,-27,-28,-29,-29,-29,-30,-30,-30,-30,-30,-30,-31,-31,-31,-31,-31,-31,-31,-32,-32,-32,-32,-32,-32,-32,-32,-32,-32,-32,-33,-33,-33,-33,-33,-33,-34,-34,-34,-34,-34,-34,-34,-34,-34,-35,-35,-35,-35,-35,-35,-36,-36,-36,-36,-36,-36,-36,-36,-36,-36,-36,-36,-36,-36,-37,-37,-37,-37,-37,-37,-37,-37,-37,-37,-37,-37,-37,-37,-37,-38,-38,-38,-38,-38,-38,-38,-38,-38,-38,-38,-38,-38,-38,-38,-38,-38,-38,-39,-39,-39,-39,-39,-39,-39,-39,-39,-39,-39,-39,-39,-39,-39,-39,-39,-39,-39,-39,-45,-44,-43,-42,-41,-40,-39,-38,-37,-36,-35,-34,-33,-32,-31,-30,-29,-28,-27,-26,-25,-24,-23,-22,-21,-20,-19,-18,-17,-16,-15,-14,-13,-12,-11,-10,-9,-8,-7,-6,-5,-4,-3,-2,-1,0,
0,0,0,0,0,0,0,0,0,0,0,0,0,0,0,0,0,0,0,0,0,0,0,0,0,0,0,0,0,0,0,0,0,-18,-18,-19,-19,-19,-20,-20,-21,-21,-21,-21,-21,-22,-22,-22,-23,-23,-23,-26,-27,-27,-27,-28,-28,-28,-28,-28,-29,-29,-30,-30,-30,-30,-31,-31,-24,-24,-24,-24,-24,-25,-25,-25,-25,-25,-26,-26,-26,-26,-26,-27,-27,-27,-27,-27,-27,-27,-27,-27,-27,-27,-27,-27,-26,-26,-26,-26,-26,-25,-25,-25,-25,-25,-25,-25,-25,-25,-25,-25,-25,-25,-25,-25,-25,-25,-25,-25,-25,-25,-25,-25,-26,-26,-26,-26,-26,-26,-26,-26,-27,-27,-27,-27,-27,-29,-29,-29,-30,-30,-30,-31,-31,-31,-31,-31,-31,-31,-32,-32,-32,-32,-32,-32,-32,-33,-33,-33,-33,-33,-33,-33,-33,-33,-33,-34,-34,-34,-34,-34,-34,-35,-35,-35,-35,-35,-35,-35,-35,-35,-36,-36,-36,-36,-36,-36,-37,-37,-37,-37,-37,-37,-37,-37,-37,-37,-37,-37,-37,-37,-37,-38,-38,-38,-38,-38,-38,-38,-38,-38,-38,-38,-38,-38,-38,-38,-38,-39,-39,-39,-39,-39,-39,-39,-39,-39,-39,-39,-39,-39,-39,-39,-39,-39,-40,-40,-40,-40,-40,-40,-40,-40,-40,-40,-40,-40,-40,-40,-40,-40,-40,-40,-46,-45,-44,-43,-42,-41,-40,-39,-38,-37,-36,-35,-34,-33,-32,-31,-30,-29,-28,-27,-26,-25,-24,-23,-22,-21,-20,-19,-18,-17,-16,-15,-14,-13,-12,-11,-10,-9,-8,-7,-6,-5,-4,-3,-2,-1,0,
0,0,0,0,0,0,0,0,0,0,0,0,0,0,0,0,0,0,0,0,0,0,0,0,0,0,0,0,0,0,0,-17,-19,-19,-20,-20,-20,-21,-21,-21,-22,-22,-22,-22,-23,-23,-23,-23,-24,-24,-27,-27,-28,-28,-29,-29,-29,-29,-29,-29,-30,-30,-31,-31,-31,-32,-32,-25,-25,-25,-25,-25,-25,-26,-26,-26,-26,-27,-27,-27,-27,-27,-27,-28,-28,-28,-28,-28,-28,-28,-28,-28,-28,-28,-27,-27,-27,-27,-26,-27,-26,-26,-26,-26,-26,-26,-26,-26,-25,-25,-25,-26,-26,-26,-26,-26,-26,-26,-26,-26,-26,-26,-26,-26,-26,-26,-27,-27,-27,-27,-27,-27,-28,-28,-28,-28,-28,-30,-30,-31,-31,-31,-31,-32,-32,-32,-32,-32,-32,-32,-33,-33,-33,-33,-33,-33,-33,-34,-34,-34,-34,-34,-34,-34,-34,-34,-34,-35,-35,-35,-35,-35,-35,-35,-36,-36,-36,-36,-36,-36,-36,-36,-37,-37,-37,-37,-37,-37,-37,-38,-38,-38,-38,-38,-38,-38,-38,-38,-38,-38,-38,-38,-38,-38,-39,-39,-39,-39,-39,-39,-39,-39,-39,-39,-39,-39,-39,-39,-39,-39,-40,-40,-40,-40,-40,-40,-40,-40,-40,-40,-40,-40,-40,-40,-40,-40,-40,-40,-40,-40,-40,-40,-41,-41,-41,-41,-41,-41,-41,-41,-41,-41,-41,-47,-46,-45,-44,-43,-42,-41,-40,-39,-38,-37,-36,-35,-34,-33,-32,-31,-30,-29,-28,-27,-26,-25,-24,-23,-22,-21,-20,-19,-18,-17,-16,-15,-14,-13,-12,-11,-10,-9,-8,-7,-6,-5,-4,-3,-2,-1,0,
0,0,0,0,0,0,0,0,0,0,0,0,0,0,0,0,0,0,0,0,0,0,0,0,0,0,0,0,-18,-18,-18,-20,-20,-20,-21,-21,-21,-22,-22,-22,-23,-23,-23,-24,-24,-24,-24,-24,-25,-27,-28,-29,-29,-29,-30,-30,-30,-30,-30,-31,-31,-32,-32,-32,-32,-33,-33,-26,-26,-26,-26,-26,-26,-27,-27,-27,-27,-28,-28,-28,-28,-28,-28,-29,-29,-29,-29,-29,-29,-29,-29,-29,-28,-28,-28,-28,-28,-27,-28,-27,-27,-27,-27,-27,-27,-26,-26,-26,-26,-26,-26,-26,-27,-27,-27,-27,-27,-27,-27,-27,-27,-27,-27,-27,-27,-27,-27,-28,-28,-28,-28,-28,-28,-29,-29,-29,-31,-31,-31,-32,-32,-32,-33,-33,-33,-33,-33,-33,-33,-33,-33,-34,-34,-34,-34,-34,-34,-35,-35,-35,-35,-35,-35,-35,-35,-35,-35,-36,-36,-36,-36,-36,-36,-36,-37,-37,-37,-37,-37,-37,-37,-37,-38,-38,-38,-38,-38,-38,-38,-38,-38,-39,-39,-39,-39,-39,-39,-39,-39,-39,-39,-39,-39,-39,-39,-40,-40,-40,-40,-40,-40,-40,-40,-40,-40,-40,-40,-40,-40,-40,-40,-40,-40,-40,-41,-41,-41,-41,-41,-41,-41,-41,-41,-41,-41,-41,-41,-41,-41,-41,-41,-41,-41,-41,-41,-42,-42,-42,-42,-42,-42,-42,-48,-47,-46,-45,-44,-43,-42,-41,-40,-39,-38,-37,-36,-35,-34,-33,-32,-31,-30,-29,-28,-27,-26,-25,-24,-23,-22,-21,-20,-19,-18,-17,-16,-15,-14,-13,-12,-11,-10,-9,-8,-7,-6,-5,-4,-3,-2,-1,0,
0,0,0,0,0,0,0,0,0,0,0,0,0,0,0,0,0,0,0,0,0,0,0,0,0,0,0,-19,-19,-19,-20,-21,-21,-22,-22,-22,-22,-23,-23,-24,-24,-24,-25,-25,-25,-25,-25,-25,-28,-29,-30,-30,-30,-30,-30,-31,-31,-31,-31,-32,-32,-33,-33,-33,-33,-27,-27,-27,-27,-27,-27,-27,-28,-28,-28,-28,-28,-29,-29,-29,-29,-29,-29,-29,-29,-29,-29,-29,-29,-29,-29,-29,-29,-29,-29,-29,-28,-28,-28,-28,-28,-28,-28,-28,-27,-27,-27,-27,-27,-27,-27,-27,-28,-27,-28,-28,-28,-28,-28,-28,-28,-28,-28,-28,-28,-28,-28,-29,-29,-29,-29,-29,-29,-30,-30,-30,-32,-32,-33,-33,-33,-33,-34,-34,-34,-34,-34,-34,-34,-34,-34,-35,-35,-35,-35,-35,-35,-35,-36,-36,-36,-36,-36,-36,-36,-36,-36,-37,-37,-37,-37,-37,-37,-37,-37,-38,-38,-38,-38,-38,-38,-38,-39,-39,-39,-39,-39,-39,-39,-39,-39,-39,-40,-40,-40,-40,-40,-40,-40,-40,-40,-40,-40,-40,-40,-40,-41,-41,-41,-41,-41,-41,-41,-41,-41,-41,-41,-41,-41,-41,-41,-41,-41,-41,-41,-41,-42,-42,-42,-42,-42,-42,-42,-42,-42,-42,-42,-42,-42,-42,-42,-42,-42,-42,-42,-42,-42,-42,-42,-42,-42,-49,-48,-47,-46,-45,-44,-43,-42,-41,-40,-39,-38,-37,-36,-35,-34,-33,-32,-31,-30,-29,-28,-27,-26,-25,-24,-23,-22,-21,-20,-19,-18,-17,-16,-15,-14,-13,-12,-11,-10,-9,-8,-7,-6,-5,-4,-3,-2,-1,0,
0,0,0,0,0,0,0,0,0,0,0,0,0,0,0,0,0,0,0,0,0,0,0,0,-18,-19,-19,-20,-20,-21,-22,-22,-22,-23,-23,-23,-24,-24,-24,-25,-25,-25,-26,-26,-26,-26,-26,-29,-30,-30,-31,-31,-31,-31,-32,-32,-32,-32,-33,-33,-33,-34,-34,-34,-27,-27,-28,-28,-28,-28,-28,-28,-29,-29,-29,-29,-30,-30,-30,-30,-30,-30,-30,-30,-30,-30,-30,-30,-30,-30,-30,-30,-30,-30,-30,-30,-29,-29,-29,-29,-29,-29,-29,-29,-29,-28,-28,-28,-28,-28,-28,-28,-28,-28,-29,-29,-29,-29,-29,-29,-29,-30,-29,-29,-29,-29,-30,-30,-30,-30,-30,-30,-31,-31,-31,-31,-33,-33,-34,-34,-34,-34,-35,-35,-35,-35,-35,-35,-35,-35,-35,-36,-36,-36,-36,-36,-36,-36,-36,-37,-37,-37,-37,-37,-37,-37,-37,-38,-38,-38,-38,-38,-38,-38,-38,-39,-39,-39,-39,-39,-39,-40,-40,-40,-40,-40,-40,-40,-40,-40,-40,-40,-40,-40,-41,-41,-41,-41,-41,-41,-41,-41,-41,-41,-41,-41,-41,-42,-42,-42,-42,-42,-42,-42,-42,-42,-42,-42,-42,-42,-42,-42,-42,-42,-42,-42,-42,-43,-43,-43,-43,-43,-43,-43,-43,-43,-43,-43,-43,-43,-43,-43,-43,-43,-43,-43,-43,-43,-43,-43,-50,-49,-48,-47,-46,-45,-44,-43,-42,-41,-40,-39,-38,-37,-36,-35,-34,-33,-32,-31,-30,-29,-28,-27,-26,-25,-24,-23,-22,-21,-20,-19,-18,-17,-16,-15,-14,-13,-12,-11,-10,-9,-8,-7,-6,-5,-4,-3,-2,-1,0,
0,0,0,0,0,0,0,0,0,0,0,0,0,0,0,0,0,0,0,0,0,-19,-19,-19,-20,-20,-20,-21,-22,-23,-23,-23,-23,-24,-24,-25,-25,-25,-26,-26,-26,-26,-27,-27,-27,-27,-27,-30,-31,-32,-32,-32,-32,-33,-33,-33,-33,-34,-34,-34,-35,-35,-35,-28,-28,-28,-28,-29,-29,-29,-29,-29,-30,-30,-30,-30,-31,-31,-31,-31,-31,-31,-31,-31,-31,-31,-31,-31,-31,-31,-31,-31,-31,-31,-31,-31,-30,-30,-30,-30,-30,-30,-30,-30,-29,-29,-29,-29,-29,-29,-29,-29,-29,-29,-29,-30,-30,-30,-30,-30,-30,-30,-30,-30,-30,-31,-31,-31,-31,-31,-31,-31,-32,-32,-32,-34,-34,-35,-35,-35,-35,-35,-36,-36,-36,-36,-36,-36,-36,-36,-37,-37,-37,-37,-37,-37,-37,-37,-37,-38,-38,-38,-38,-38,-38,-38,-38,-39,-39,-39,-39,-39,-39,-39,-39,-40,-40,-40,-40,-40,-40,-41,-41,-41,-41,-41,-41,-41,-41,-41,-41,-41,-41,-41,-41,-42,-42,-42,-42,-42,-42,-42,-42,-42,-42,-42,-42,-42,-42,-43,-43,-43,-43,-43,-43,-43,-43,-43,-43,-43,-43,-43,-43,-43,-43,-43,-43,-43,-44,-44,-44,-44,-44,-44,-44,-44,-44,-44,-44,-44,-44,-44,-44,-44,-44,-44,-44,-44,-44,-44,-50,-49,-48,-47,-46,-45,-44,-43,-42,-41,-40,-39,-38,-37,-36,-35,-34,-33,-32,-31,-30,-29,-28,-27,-26,-25,-24,-23,-22,-21,-20,-19,-18,-17,-16,-15,-14,-13,-12,-11,-10,-9,-8,-7,-6,-5,-4,-3,-2,-1,0,
0,0,0,0,0,0,0,0,0,-11,0,0,0,0,0,0,0,0,0,0,-20,-19,-20,-21,-21,-21,-21,-23,-24,-24,-24,-24,-25,-25,-26,-26,-26,-26,-27,-27,-27,-27,-28,-28,-28,-28,-31,-32,-32,-33,-33,-33,-33,-34,-34,-34,-34,-35,-35,-35,-36,-36,-36,-29,-29,-29,-29,-30,-30,-30,-30,-30,-31,-31,-31,-31,-31,-32,-32,-32,-32,-32,-32,-32,-32,-32,-32,-32,-32,-32,-32,-32,-32,-31,-32,-31,-31,-31,-30,-31,-31,-31,-31,-30,-30,-30,-30,-30,-30,-30,-30,-30,-30,-30,-30,-31,-31,-31,-31,-31,-31,-31,-31,-31,-31,-32,-32,-32,-32,-32,-32,-33,-33,-33,-35,-35,-35,-36,-36,-36,-36,-36,-36,-37,-37,-37,-37,-37,-37,-37,-38,-38,-38,-38,-38,-38,-38,-38,-38,-38,-39,-39,-39,-39,-39,-39,-39,-40,-40,-40,-40,-40,-40,-40,-40,-40,-41,-41,-41,-41,-41,-42,-42,-42,-42,-42,-42,-42,-42,-42,-42,-42,-42,-42,-42,-43,-43,-43,-43,-43,-43,-43,-43,-43,-43,-43,-43,-43,-43,-43,-44,-44,-44,-44,-44,-44,-44,-44,-44,-44,-44,-44,-44,-44,-44,-44,-44,-44,-45,-45,-45,-45,-45,-45,-45,-45,-45,-45,-45,-45,-45,-45,-45,-45,-45,-45,-45,-45,-45,-51,-50,-49,-48,-47,-46,-45,-44,-43,-42,-41,-40,-39,-38,-37,-36,-35,-34,-33,-32,-31,-30,-29,-28,-27,-26,-25,-24,-23,-22,-21,-20,-19,-18,-17,-16,-15,-14,-13,-12,-11,-10,-9,-8,-7,-6,-5,-4,-3,-2,-1,0,
0,0,0,0,0,0,-14,-13,0,-15,-16,-15,-14,0,0,-17,-19,-20,-19,-21,-20,-21,-21,-22,-22,-22,-24,-24,-24,-25,-25,-25,-26,-26,-27,-27,-27,-27,-28,-28,-28,-29,-29,-29,-29,-32,-33,-33,-34,-34,-34,-34,-34,-34,-35,-35,-36,-36,-36,-36,-37,-37,-30,-30,-30,-30,-30,-31,-31,-31,-31,-32,-32,-32,-32,-32,-32,-33,-33,-33,-33,-33,-33,-33,-33,-33,-33,-33,-33,-33,-33,-32,-32,-32,-32,-31,-31,-31,-31,-32,-31,-32,-31,-31,-31,-31,-31,-31,-31,-31,-31,-31,-31,-31,-31,-31,-31,-32,-32,-32,-32,-32,-32,-32,-32,-33,-33,-33,-33,-33,-33,-35,-35,-36,-36,-36,-37,-37,-37,-37,-37,-37,-37,-38,-38,-38,-38,-38,-38,-38,-39,-39,-39,-39,-39,-39,-39,-39,-39,-39,-40,-40,-40,-40,-40,-40,-40,-41,-41,-41,-41,-41,-41,-41,-41,-41,-42,-42,-42,-42,-42,-43,-43,-43,-43,-43,-43,-43,-43,-43,-43,-43,-43,-43,-43,-43,-44,-44,-44,-44,-44,-44,-44,-44,-44,-44,-44,-44,-44,-44,-44,-45,-45,-45,-45,-45,-45,-45,-45,-45,-45,-45,-45,-45,-45,-45,-45,-45,-46,-46,-46,-46,-46,-46,-46,-46,-46,-46,-46,-46,-46,-46,-46,-46,-46,-46,-46,-46,-52,-51,-50,-49,-48,-47,-46,-45,-44,-43,-42,-41,-40,-39,-38,-37,-36,-35,-34,-33,-32,-31,-30,-29,-28,-27,-26,-25,-24,-23,-22,-21,-20,-19,-18,-17,-16,-15,-14,-13,-12,-11,-10,-9,-8,-7,-6,-5,-4,-3,-2,-1,0,
0,0,0,0,0,-15,-14,-13,-16,-17,-16,-15,-14,-13,-18,-20,-20,-20,-22,-21,-22,-22,-23,-23,-23,-24,-25,-25,-26,-26,-26,-27,-27,-27,-28,-28,-28,-28,-29,-29,-29,-30,-30,-30,-33,-34,-34,-34,-35,-35,-35,-35,-35,-35,-36,-37,-37,-37,-37,-38,-38,-31,-31,-31,-31,-31,-32,-32,-32,-32,-32,-33,-33,-33,-33,-33,-33,-34,-34,-34,-34,-34,-34,-34,-34,-34,-34,-34,-34,-33,-33,-33,-33,-33,-32,-32,-32,-32,-32,-32,-32,-32,-32,-31,-32,-32,-32,-32,-32,-32,-32,-32,-32,-32,-32,-32,-32,-32,-33,-33,-33,-33,-33,-33,-33,-34,-34,-34,-34,-34,-34,-36,-36,-37,-37,-37,-38,-38,-38,-38,-38,-38,-38,-39,-39,-39,-39,-39,-39,-39,-40,-40,-40,-40,-40,-40,-40,-40,-40,-40,-41,-41,-41,-41,-41,-41,-41,-42,-42,-42,-42,-42,-42,-42,-42,-42,-43,-43,-43,-43,-43,-44,-44,-44,-44,-44,-44,-44,-44,-44,-44,-44,-44,-44,-44,-44,-44,-45,-45,-45,-45,-45,-45,-45,-45,-45,-45,-45,-45,-45,-45,-45,-46,-46,-46,-46,-46,-46,-46,-46,-46,-46,-46,-46,-46,-46,-46,-46,-46,-47,-47,-47,-47,-47,-47,-47,-47,-47,-47,-47,-47,-47,-47,-47,-47,-47,-47,-53,-52,-51,-50,-49,-48,-47,-46,-45,-44,-43,-42,-41,-40,-39,-38,-37,-36,-35,-34,-33,-32,-31,-30,-29,-28,-27,-26,-25,-24,-23,-22,-21,-20,-19,-18,-17,-16,-15,-14,-13,-12,-11,-10,-9,-8,-7,-6,-5,-4,-3,-2,-1,0,
0,0,0,0,0,-15,-14,-17,-18,-17,-16,-15,-14,-19,-21,-21,-21,-23,-22,-23,-23,-24,-24,-24,-24,-26,-26,-27,-27,-27,-27,-28,-28,-29,-29,-29,-29,-30,-30,-30,-30,-31,-31,-34,-34,-35,-35,-36,-36,-36,-36,-36,-36,-37,-37,-38,-38,-38,-38,-39,-39,-32,-32,-32,-32,-32,-33,-33,-33,-33,-34,-34,-34,-34,-34,-34,-35,-35,-35,-35,-35,-35,-35,-35,-35,-35,-34,-34,-34,-34,-34,-33,-34,-33,-33,-33,-33,-33,-33,-33,-33,-32,-32,-32,-32,-33,-33,-33,-33,-33,-33,-33,-33,-33,-33,-33,-33,-33,-33,-33,-34,-34,-34,-34,-34,-35,-35,-35,-35,-35,-37,-37,-38,-38,-38,-38,-39,-39,-39,-39,-39,-39,-39,-39,-40,-40,-40,-40,-40,-40,-41,-41,-41,-41,-41,-41,-41,-41,-41,-41,-42,-42,-42,-42,-42,-42,-42,-43,-43,-43,-43,-43,-43,-43,-43,-44,-44,-44,-44,-44,-44,-44,-44,-45,-45,-45,-45,-45,-45,-45,-45,-45,-45,-45,-45,-45,-45,-45,-46,-46,-46,-46,-46,-46,-46,-46,-46,-46,-46,-46,-46,-46,-46,-46,-46,-46,-47,-47,-47,-47,-47,-47,-47,-47,-47,-47,-47,-47,-47,-47,-47,-47,-47,-47,-47,-47,-48,-48,-48,-48,-48,-48,-48,-48,-48,-48,-54,-53,-52,-51,-50,-49,-48,-47,-46,-45,-44,-43,-42,-41,-40,-39,-38,-37,-36,-35,-34,-33,-32,-31,-30,-29,-28,-27,-26,-25,-24,-23,-22,-21,-20,-19,-18,-17,-16,-15,-14,-13,-12,-11,-10,-9,-8,-7,-6,-5,-4,-3,-2,-1,0,
0,0,0,0,-16,-15,-18,-19,-18,-17,-16,-15,-20,-19,-22,-22,-24,-23,-24,-23,-24,-25,-25,-25,-26,-27,-27,-28,-28,-28,-28,-29,-29,-30,-30,-30,-31,-31,-31,-31,-31,-31,-34,-35,-36,-36,-36,-36,-37,-37,-37,-37,-37,-38,-38,-39,-39,-39,-33,-40,-33,-33,-33,-33,-33,-33,-34,-34,-34,-34,-35,-35,-35,-35,-35,-35,-35,-36,-36,-36,-36,-36,-36,-36,-36,-35,-35,-35,-35,-35,-34,-34,-34,-34,-34,-34,-34,-34,-33,-33,-33,-33,-33,-33,-33,-34,-34,-34,-34,-34,-34,-34,-34,-34,-34,-34,-34,-34,-34,-34,-34,-35,-35,-35,-35,-35,-36,-36,-36,-38,-38,-38,-39,-39,-39,-39,-40,-40,-40,-40,-40,-40,-40,-40,-41,-41,-41,-41,-41,-41,-41,-42,-42,-42,-42,-42,-42,-42,-42,-42,-43,-43,-43,-43,-43,-43,-43,-44,-44,-44,-44,-44,-44,-44,-44,-45,-45,-45,-45,-45,-45,-45,-45,-45,-45,-46,-46,-46,-46,-46,-46,-46,-46,-46,-46,-46,-46,-46,-46,-47,-47,-47,-47,-47,-47,-47,-47,-47,-47,-47,-47,-47,-47,-47,-47,-47,-47,-47,-48,-48,-48,-48,-48,-48,-48,-48,-48,-48,-48,-48,-48,-48,-48,-48,-48,-48,-48,-48,-48,-48,-48,-49,-49,-48,-49,-55,-54,-53,-52,-51,-50,-49,-48,-47,-46,-45,-44,-43,-42,-41,-40,-39,-38,-37,-36,-35,-34,-33,-32,-31,-30,-29,-28,-27,-26,-25,-24,-23,-22,-21,-20,-19,-18,-17,-16,-15,-14,-13,-12,-11,-10,-9,-8,-7,-6,-5,-4,-3,-2,-1,0,
0,0,0,-17,-16,-19,-20,-19,-18,-17,-16,-21,-20,-22,-23,-24,-24,-25,-24,-25,-25,-26,-26,-27,-28,-28,-29,-29,-29,-29,-30,-30,-31,-31,-31,-32,-32,-32,-32,-32,-32,-35,-36,-37,-37,-37,-37,-37,-38,-38,-38,-38,-39,-39,-40,-40,-40,-40,-34,-34,-34,-34,-34,-34,-34,-35,-35,-35,-35,-35,-36,-36,-36,-36,-36,-36,-36,-36,-36,-36,-36,-36,-36,-36,-36,-36,-36,-36,-36,-35,-35,-35,-35,-35,-35,-35,-35,-35,-34,-34,-34,-34,-34,-34,-34,-34,-34,-34,-35,-35,-35,-35,-35,-35,-35,-36,-35,-35,-35,-35,-36,-36,-36,-36,-36,-36,-37,-37,-37,-39,-39,-40,-40,-40,-40,-41,-41,-41,-41,-41,-41,-41,-41,-41,-42,-42,-42,-42,-42,-42,-42,-42,-43,-43,-43,-43,-43,-43,-43,-43,-44,-44,-44,-44,-44,-44,-44,-44,-45,-45,-45,-45,-45,-45,-45,-46,-46,-46,-46,-46,-46,-46,-46,-46,-46,-46,-47,-47,-47,-47,-47,-47,-47,-47,-47,-47,-47,-47,-47,-47,-48,-48,-48,-48,-48,-48,-48,-48,-48,-48,-48,-48,-48,-48,-48,-48,-48,-48,-48,-48,-49,-49,-49,-49,-49,-49,-49,-49,-49,-49,-49,-49,-49,-49,-49,-49,-49,-49,-49,-49,-49,-49,-49,-49,-56,-55,-54,-53,-52,-51,-50,-49,-48,-47,-46,-45,-44,-43,-42,-41,-40,-39,-38,-37,-36,-35,-34,-33,-32,-31,-30,-29,-28,-27,-26,-25,-24,-23,-22,-21,-20,-19,-18,-17,-16,-15,-14,-13,-12,-11,-10,-9,-8,-7,-6,-5,-4,-3,-2,-1,0,
0,0,0,-17,-20,-21,-20,-19,-18,-17,-22,-21,-23,-24,-25,-25,-26,-25,-26,-26,-27,-27,-28,-29,-29,-29,-30,-30,-30,-31,-31,-31,-32,-32,-32,-33,-33,-33,-33,-33,-36,-37,-37,-38,-38,-38,-38,-39,-39,-39,-39,-40,-40,-40,-41,-41,-41,-34,-34,-34,-35,-35,-35,-35,-35,-35,-36,-36,-36,-36,-37,-37,-37,-37,-37,-37,-37,-37,-37,-37,-37,-37,-37,-37,-37,-37,-37,-37,-37,-37,-36,-36,-36,-36,-36,-36,-36,-36,-35,-35,-35,-35,-35,-35,-35,-35,-35,-35,-36,-36,-36,-36,-36,-36,-37,-36,-36,-36,-36,-37,-37,-37,-37,-37,-37,-37,-38,-38,-38,-40,-40,-41,-41,-41,-41,-41,-42,-42,-42,-42,-42,-42,-42,-42,-43,-43,-43,-43,-43,-43,-43,-43,-44,-44,-44,-44,-44,-44,-44,-44,-45,-45,-45,-45,-45,-45,-45,-45,-45,-46,-46,-46,-46,-46,-46,-47,-47,-47,-47,-47,-47,-47,-47,-47,-47,-47,-47,-48,-48,-48,-48,-48,-48,-48,-48,-48,-48,-48,-48,-48,-48,-49,-49,-49,-49,-49,-49,-49,-49,-49,-49,-49,-49,-49,-49,-49,-49,-49,-49,-49,-49,-50,-50,-50,-50,-50,-50,-50,-50,-50,-50,-50,-50,-50,-50,-50,-50,-50,-50,-50,-50,-50,-50,-57,-56,-55,-54,-53,-52,-51,-50,-49,-48,-47,-46,-45,-44,-43,-42,-41,-40,-39,-38,-37,-36,-35,-34,-33,-32,-31,-30,-29,-28,-27,-26,-25,-24,-23,-22,-21,-20,-19,-18,-17,-16,-15,-14,-13,-12,-11,-10,-9,-8,-7,-6,-5,-4,-3,-2,-1,0,
0,0,-18,-17,-22,-21,-20,-19,-18,-23,-22,-24,-25,-26,-26,-26,-26,-27,-27,-27,-28,-29,-30,-30,-30,-30,-31,-31,-32,-32,-32,-32,-33,-33,-33,-34,-34,-34,-34,-34,-37,-38,-39,-39,-39,-39,-39,-40,-40,-40,-41,-41,-41,-41,-42,-42,-35,-35,-35,-35,-36,-36,-36,-36,-36,-37,-37,-37,-37,-37,-38,-38,-38,-38,-38,-38,-38,-38,-38,-38,-38,-38,-38,-38,-38,-38,-38,-38,-38,-37,-37,-37,-37,-37,-37,-37,-37,-36,-36,-36,-36,-36,-36,-36,-36,-36,-36,-36,-37,-37,-37,-37,-37,-37,-37,-37,-37,-37,-38,-38,-38,-38,-38,-38,-38,-39,-39,-39,-41,-41,-41,-42,-42,-42,-42,-42,-43,-43,-43,-43,-43,-43,-43,-44,-44,-44,-44,-44,-44,-44,-44,-44,-44,-45,-45,-45,-45,-45,-45,-45,-46,-46,-46,-46,-46,-46,-46,-46,-46,-47,-47,-47,-47,-47,-47,-48,-48,-48,-48,-48,-48,-48,-48,-48,-48,-48,-48,-48,-49,-49,-49,-49,-49,-49,-49,-49,-49,-49,-49,-49,-49,-49,-49,-50,-50,-50,-50,-50,-50,-50,-50,-50,-50,-50,-50,-50,-50,-50,-50,-50,-50,-50,-51,-51,-51,-51,-51,-51,-51,-51,-51,-51,-51,-51,-51,-51,-51,-51,-51,-51,-51,-51,-51,-57,-56,-55,-54,-53,-52,-51,-50,-49,-48,-47,-46,-45,-44,-43,-42,-41,-40,-39,-38,-37,-36,-35,-34,-33,-32,-31,-30,-29,-28,-27,-26,-25,-24,-23,-22,-21,-20,-19,-18,-17,-16,-15,-14,-13,-12,-11,-10,-9,-8,-7,-6,-5,-4,-3,-2,-1,0,
0,0,-18,-21,-22,-21,-20,-19,-18,-23,-25,-26,-25,-27,-26,-27,-28,-28,-28,-28,-30,-31,-31,-31,-31,-32,-32,-32,-33,-33,-33,-33,-34,-34,-34,-35,-35,-35,-35,-38,-39,-39,-40,-40,-40,-40,-41,-41,-41,-41,-42,-42,-42,-43,-43,-43,-36,-36,-36,-36,-37,-37,-37,-37,-37,-38,-38,-38,-38,-38,-39,-39,-39,-39,-39,-39,-39,-39,-39,-39,-39,-39,-39,-39,-39,-38,-38,-38,-38,-38,-38,-37,-38,-38,-38,-38,-37,-37,-37,-37,-37,-37,-37,-37,-37,-37,-37,-37,-37,-38,-38,-38,-38,-38,-38,-38,-38,-38,-39,-39,-39,-39,-39,-39,-40,-40,-41,-42,-42,-42,-43,-43,-43,-43,-43,-43,-44,-44,-44,-44,-44,-44,-44,-45,-45,-45,-45,-45,-45,-45,-45,-45,-45,-46,-46,-46,-46,-46,-46,-46,-47,-47,-47,-47,-47,-47,-47,-47,-47,-48,-48,-48,-48,-48,-49,-49,-49,-49,-49,-49,-49,-49,-49,-49,-49,-49,-49,-49,-49,-50,-50,-50,-50,-50,-50,-50,-50,-50,-50,-50,-50,-50,-50,-50,-51,-51,-51,-51,-51,-51,-51,-51,-51,-51,-51,-51,-51,-51,-51,-51,-51,-52,-52,-52,-52,-52,-52,-52,-52,-52,-52,-52,-52,-52,-52,-52,-52,-52,-52,-52,-52,-52,-58,-57,-56,-55,-54,-53,-52,-51,-50,-49,-48,-47,-46,-45,-44,-43,-42,-41,-40,-39,-38,-37,-36,-35,-34,-33,-32,-31,-30,-29,-28,-27,-26,-25,-24,-23,-22,-21,-20,-19,-18,-17,-16,-15,-14,-13,-12,-11,-10,-9,-8,-7,-6,-5,-4,-3,-2,-1,0,
0,-19,-22,-23,-22,-21,-20,-19,-24,-26,-26,-26,-28,-27,-28,-28,-29,-29,-29,-31,-31,-31,-32,-32,-32,-33,-33,-34,-34,-34,-34,-35,-35,-35,-35,-36,-36,-36,-39,-40,-40,-41,-41,-41,-41,-41,-41,-42,-42,-43,-43,-43,-43,-44,-44,-37,-37,-37,-37,-37,-38,-38,-38,-38,-39,-39,-39,-39,-39,-39,-40,-40,-40,-40,-40,-40,-40,-40,-40,-40,-40,-40,-40,-39,-39,-39,-39,-39,-38,-38,-38,-38,-39,-38,-38,-38,-38,-38,-38,-38,-38,-38,-38,-38,-38,-38,-38,-38,-38,-38,-38,-39,-39,-39,-39,-39,-39,-39,-40,-40,-40,-40,-40,-40,-42,-42,-42,-43,-43,-43,-44,-44,-44,-44,-44,-44,-45,-45,-45,-45,-45,-45,-45,-46,-46,-46,-46,-46,-46,-46,-46,-46,-46,-47,-47,-47,-47,-47,-47,-47,-48,-48,-48,-48,-48,-48,-48,-48,-48,-49,-49,-49,-49,-49,-50,-50,-50,-50,-50,-50,-50,-50,-50,-50,-50,-50,-50,-50,-50,-50,-51,-51,-51,-51,-51,-51,-51,-51,-51,-51,-51,-51,-51,-51,-51,-52,-52,-52,-52,-52,-52,-52,-52,-52,-52,-52,-52,-52,-52,-52,-52,-53,-53,-53,-53,-53,-53,-53,-53,-53,-53,-53,-53,-53,-53,-53,-53,-53,-53,-53,-53,-59,-58,-57,-56,-55,-54,-53,-52,-51,-50,-49,-48,-47,-46,-45,-44,-43,-42,-41,-40,-39,-38,-37,-36,-35,-34,-33,-32,-31,-30,-29,-28,-27,-26,-25,-24,-23,-22,-21,-20,-19,-18,-17,-16,-15,-14,-13,-12,-11,-10,-9,-8,-7,-6,-5,-4,-3,-2,-1,0,
0,-23,-24,-23,-22,-21,-20,-25,-27,-27,-27,-29,-28,-29,-29,-30,-30,-30,-31,-32,-32,-33,-33,-33,-34,-34,-34,-35,-35,-35,-35,-36,-36,-36,-36,-37,-37,-40,-41,-41,-41,-42,-42,-42,-42,-42,-42,-43,-43,-44,-44,-44,-45,-45,-38,-38,-38,-38,-38,-38,-39,-39,-39,-39,-40,-40,-40,-40,-40,-40,-41,-41,-41,-41,-41,-41,-41,-41,-41,-41,-41,-40,-40,-40,-40,-40,-40,-39,-39,-39,-39,-39,-39,-39,-39,-38,-38,-38,-39,-39,-39,-39,-39,-39,-39,-39,-39,-39,-39,-39,-39,-40,-40,-40,-40,-40,-40,-40,-40,-41,-41,-41,-41,-41,-43,-43,-44,-44,-44,-45,-45,-45,-45,-45,-45,-45,-45,-46,-46,-46,-46,-46,-46,-47,-47,-47,-47,-47,-47,-47,-47,-47,-47,-47,-48,-48,-48,-48,-48,-48,-49,-49,-49,-49,-49,-49,-49,-49,-49,-50,-50,-50,-50,-50,-50,-51,-51,-51,-51,-51,-51,-51,-51,-51,-51,-51,-51,-51,-51,-51,-52,-52,-52,-52,-52,-52,-52,-52,-52,-52,-52,-52,-52,-52,-52,-52,-53,-53,-53,-53,-53,-53,-53,-53,-53,-53,-53,-53,-53,-53,-53,-53,-53,-54,-53,-54,-54,-54,-54,-54,-54,-54,-54,-54,-54,-54,-54,-54,-54,-54,-60,-59,-58,-57,-56,-55,-54,-53,-52,-51,-50,-49,-48,-47,-46,-45,-44,-43,-42,-41,-40,-39,-38,-37,-36,-35,-34,-33,-32,-31,-30,-29,-28,-27,-26,-25,-24,-23,-22,-21,-20,-19,-18,-17,-16,-15,-14,-13,-12,-11,-10,-9,-8,-7,-6,-5,-4,-3,-2,-1,0,
-24,-25,-24,-23,-22,-21,-26,-28,-28,-28,-30,-29,-30,-30,-31,-31,-31,-31,-33,-33,-33,-34,-34,-34,-35,-35,-35,-36,-36,-36,-37,-37,-37,-37,-37,-38,-40,-41,-42,-42,-42,-43,-43,-43,-43,-43,-44,-44,-45,-45,-45,-45,-46,-46,-39,-39,-39,-39,-39,-40,-40,-40,-40,-40,-41,-41,-41,-41,-41,-41,-42,-42,-42,-42,-42,-42,-42,-42,-42,-41,-41,-41,-41,-41,-40,-41,-40,-40,-40,-40,-40,-40,-39,-39,-39,-39,-39,-39,-39,-40,-40,-40,-40,-40,-40,-40,-40,-40,-40,-40,-40,-40,-40,-40,-41,-41,-41,-41,-41,-42,-42,-42,-42,-44,-44,-45,-45,-45,-45,-46,-46,-46,-46,-46,-46,-46,-46,-47,-47,-47,-47,-47,-47,-47,-48,-48,-48,-48,-48,-48,-48,-48,-48,-49,-49,-49,-49,-49,-49,-49,-49,-50,-50,-50,-50,-50,-50,-50,-51,-51,-51,-51,-51,-51,-51,-51,-51,-52,-52,-52,-52,-52,-52,-52,-52,-52,-52,-52,-52,-52,-52,-53,-53,-53,-53,-53,-53,-53,-53,-53,-53,-53,-53,-53,-53,-53,-53,-53,-53,-53,-54,-54,-54,-54,-54,-54,-54,-54,-54,-54,-54,-54,-54,-54,-54,-54,-54,-54,-54,-54,-54,-54,-55,-55,-55,-55,-55,-55,-55,-61,-60,-59,-58,-57,-56,-55,-54,-53,-52,-51,-50,-49,-48,-47,-46,-45,-44,-43,-42,-41,-40,-39,-38,-37,-36,-35,-34,-33,-32,-31,-30,-29,-28,-27,-26,-25,-24,-23,-22,-21,-20,-19,-18,-17,-16,-15,-14,-13,-12,-11,-10,-9,-8,-7,-6,-5,-4,-3,-2,-1,0,
-26,-25,-24,-23,-22,-27,-26,-29,-29,-31,-30,-31,-30,-31,-32,-32,-32,-33,-34,-34,-35,-35,-35,-35,-36,-36,-37,-37,-37,-38,-38,-38,-38,-38,-38,-41,-42,-43,-43,-43,-43,-44,-44,-44,-44,-44,-45,-45,-46,-46,-46,-46,-47,-40,-40,-40,-40,-40,-40,-41,-41,-41,-41,-42,-42,-42,-42,-42,-42,-42,-43,-43,-42,-42,-42,-42,-42,-42,-42,-42,-42,-42,-42,-41,-41,-41,-41,-41,-41,-41,-41,-40,-40,-40,-40,-40,-40,-40,-40,-41,-40,-41,-41,-41,-41,-41,-41,-41,-41,-41,-41,-41,-41,-41,-42,-42,-42,-42,-42,-43,-43,-43,-45,-45,-45,-46,-46,-46,-46,-47,-47,-47,-47,-47,-47,-47,-47,-47,-48,-48,-48,-48,-48,-48,-49,-49,-49,-49,-49,-49,-49,-49,-49,-50,-50,-50,-50,-50,-50,-50,-50,-51,-51,-51,-51,-51,-51,-51,-52,-52,-52,-52,-52,-52,-52,-52,-52,-52,-53,-53,-53,-53,-53,-53,-53,-53,-53,-53,-53,-53,-53,-53,-53,-54,-54,-54,-54,-54,-54,-54,-54,-54,-54,-54,-54,-54,-54,-54,-54,-54,-54,-54,-55,-55,-55,-55,-55,-55,-55,-55,-55,-55,-55,-55,-55,-55,-55,-55,-55,-55,-55,-55,-55,-55,-55,-55,-55,-55,-62,-61,-60,-59,-58,-57,-56,-55,-54,-53,-52,-51,-50,-49,-48,-47,-46,-45,-44,-43,-42,-41,-40,-39,-38,-37,-36,-35,-34,-33,-32,-31,-30,-29,-28,-27,-26,-25,-24,-23,-22,-21,-20,-19,-18,-17,-16,-15,-14,-13,-12,-11,-10,-9,-8,-7,-6,-5,-4,-3,-2,-1,0,
-26,-25,-24,-23,-28,-27,-29,-30,-31,-31,-32,-31,-32,-32,-33,-33,-34,-35,-35,-36,-36,-36,-36,-37,-37,-37,-38,-38,-38,-39,-39,-39,-39,-39,-42,-43,-43,-44,-44,-44,-44,-45,-45,-45,-45,-46,-46,-47,-47,-47,-47,-40,-41,-41,-41,-41,-41,-41,-41,-42,-42,-42,-42,-43,-43,-43,-43,-43,-43,-43,-43,-43,-43,-43,-43,-43,-43,-43,-43,-43,-43,-43,-43,-42,-42,-42,-42,-42,-42,-42,-42,-41,-41,-41,-41,-41,-41,-41,-41,-41,-41,-42,-42,-42,-42,-42,-42,-43,-43,-42,-42,-42,-42,-43,-43,-43,-43,-43,-43,-44,-44,-44,-46,-46,-46,-47,-47,-47,-47,-48,-48,-48,-48,-48,-48,-48,-48,-48,-49,-49,-49,-49,-49,-49,-49,-50,-50,-50,-50,-50,-50,-50,-50,-51,-51,-51,-51,-51,-51,-51,-51,-51,-52,-52,-52,-52,-52,-52,-53,-53,-53,-53,-53,-53,-53,-53,-53,-53,-53,-53,-54,-54,-54,-54,-54,-54,-54,-54,-54,-54,-54,-54,-54,-55,-55,-55,-55,-55,-55,-55,-55,-55,-55,-55,-55,-55,-55,-55,-55,-55,-55,-55,-55,-56,-56,-56,-56,-56,-56,-56,-56,-56,-56,-56,-56,-56,-56,-56,-56,-56,-56,-56,-56,-56,-56,-56,-56,-63,-62,-61,-60,-59,-58,-57,-56,-55,-54,-53,-52,-51,-50,-49,-48,-47,-46,-45,-44,-43,-42,-41,-40,-39,-38,-37,-36,-35,-34,-33,-32,-31,-30,-29,-28,-27,-26,-25,-24,-23,-22,-21,-20,-19,-18,-17,-16,-15,-14,-13,-12,-11,-10,-9,-8,-7,-6,-5,-4,-3,-2,-1,0,
-26,-25,-24,-29,-28,-30,-31,-32,-32,-33,-32,-33,-33,-33,-34,-35,-36,-36,-36,-37,-37,-37,-38,-38,-38,-39,-39,-39,-40,-40,-40,-40,-40,-40,-44,-44,-45,-45,-45,-45,-46,-46,-46,-46,-47,-47,-47,-48,-48,-48,-41,-41,-41,-42,-42,-42,-42,-42,-42,-43,-43,-43,-43,-44,-44,-44,-44,-44,-44,-44,-44,-44,-44,-44,-44,-44,-44,-44,-44,-44,-44,-44,-44,-43,-43,-43,-43,-43,-43,-43,-43,-42,-42,-42,-42,-42,-42,-42,-42,-42,-42,-43,-43,-43,-43,-43,-43,-43,-43,-43,-43,-43,-44,-44,-44,-44,-44,-44,-44,-45,-45,-45,-47,-47,-48,-48,-48,-48,-48,-49,-49,-49,-49,-49,-49,-49,-49,-50,-50,-50,-50,-50,-50,-50,-50,-50,-51,-51,-51,-51,-51,-51,-51,-52,-52,-52,-52,-52,-52,-52,-52,-52,-53,-53,-53,-53,-53,-53,-54,-54,-54,-54,-54,-54,-54,-54,-54,-54,-54,-54,-54,-55,-55,-55,-55,-55,-55,-55,-55,-55,-55,-55,-55,-55,-55,-56,-56,-56,-56,-56,-56,-56,-56,-56,-56,-56,-56,-56,-56,-56,-56,-56,-56,-56,-56,-57,-57,-57,-57,-57,-57,-57,-57,-57,-57,-57,-57,-57,-57,-57,-57,-57,-57,-57,-57,-57,-64,-63,-62,-61,-60,-59,-58,-57,-56,-55,-54,-53,-52,-51,-50,-49,-48,-47,-46,-45,-44,-43,-42,-41,-40,-39,-38,-37,-36,-35,-34,-33,-32,-31,-30,-29,-28,-27,-26,-25,-24,-23,-22,-21,-20,-19,-18,-17,-16,-15,-14,-13,-12,-11,-10,-9,-8,-7,-6,-5,-4,-3,-2,-1,0,
-26,-25,-30,-29,-31,-32,-33,-33,-33,-33,-34,-34,-34,-35,-36,-37,-37,-37,-37,-38,-38,-39,-39,-39,-39,-40,-40,-40,-41,-41,-41,-41,-41,-44,-45,-46,-46,-46,-46,-46,-47,-47,-47,-47,-48,-48,-48,-49,-49,-42,-42,-42,-42,-43,-43,-43,-43,-43,-44,-44,-44,-44,-44,-45,-45,-45,-45,-45,-45,-45,-45,-45,-45,-45,-45,-45,-45,-45,-45,-45,-45,-45,-44,-44,-44,-44,-44,-44,-44,-44,-43,-43,-43,-43,-43,-43,-43,-43,-43,-43,-43,-43,-44,-44,-44,-44,-44,-44,-44,-44,-44,-44,-45,-45,-45,-45,-45,-45,-46,-46,-46,-48,-48,-48,-49,-49,-49,-49,-49,-50,-50,-50,-50,-50,-50,-50,-51,-51,-51,-51,-51,-51,-51,-51,-51,-51,-52,-52,-52,-52,-52,-52,-52,-53,-53,-53,-53,-53,-53,-53,-53,-53,-54,-54,-54,-54,-54,-54,-55,-55,-55,-55,-55,-55,-55,-55,-55,-55,-55,-55,-55,-55,-56,-56,-56,-56,-56,-56,-56,-56,-56,-56,-56,-56,-56,-56,-57,-57,-57,-57,-57,-57,-57,-57,-57,-57,-57,-57,-57,-57,-57,-57,-57,-57,-57,-58,-58,-58,-58,-58,-58,-58,-58,-58,-58,-58,-58,-58,-58,-58,-58,-58,-58,-58,-58,-58,-64,-63,-62,-61,-60,-59,-58,-57,-56,-55,-54,-53,-52,-51,-50,-49,-48,-47,-46,-45,-44,-43,-42,-41,-40,-39,-38,-37,-36,-35,-34,-33,-32,-31,-30,-29,-28,-27,-26,-25,-24,-23,-22,-21,-20,-19,-18,-17,-16,-15,-14,-13,-12,-11,-10,-9,-8,-7,-6,-5,-4,-3,-2,-1,0,
-26,-25,-30,-32,-33,-32,-34,-33,-34,-34,-35,-35,-35,-37,-38,-38,-38,-38,-38,-39,-39,-40,-40,-40,-40,-41,-41,-41,-42,-42,-42,-42,-45,-46,-46,-47,-47,-47,-47,-47,-48,-48,-48,-49,-49,-49,-50,-50,-50,-43,-43,-43,-43,-44,-44,-44,-44,-44,-45,-45,-45,-45,-45,-46,-46,-46,-46,-46,-46,-46,-46,-46,-46,-46,-46,-46,-46,-46,-45,-45,-45,-45,-44,-45,-44,-44,-45,-44,-45,-44,-44,-44,-44,-44,-44,-44,-44,-44,-44,-44,-44,-44,-44,-45,-45,-45,-45,-45,-45,-45,-45,-46,-46,-46,-46,-46,-46,-46,-47,-48,-49,-49,-49,-50,-50,-50,-50,-50,-50,-51,-51,-51,-51,-51,-51,-51,-52,-52,-52,-52,-52,-52,-52,-52,-52,-52,-52,-53,-53,-53,-53,-53,-53,-54,-54,-54,-54,-54,-54,-54,-54,-54,-55,-55,-55,-55,-55,-55,-56,-56,-56,-56,-56,-56,-56,-56,-56,-56,-56,-56,-56,-56,-57,-57,-57,-57,-57,-57,-57,-57,-57,-57,-57,-57,-57,-57,-57,-58,-58,-58,-58,-58,-58,-58,-58,-58,-58,-58,-58,-58,-58,-58,-58,-58,-58,-59,-59,-59,-59,-59,-59,-59,-59,-59,-59,-59,-59,-59,-59,-59,-59,-59,-59,-59,-59,-65,-64,-63,-62,-61,-60,-59,-58,-57,-56,-55,-54,-53,-52,-51,-50,-49,-48,-47,-46,-45,-44,-43,-42,-41,-40,-39,-38,-37,-36,-35,-34,-33,-32,-31,-30,-29,-28,-27,-26,-25,-24,-23,-22,-21,-20,-19,-18,-17,-16,-15,-14,-13,-12,-11,-10,-9,-8,-7,-6,-5,-4,-3,-2,-1,0,
-26,-31,-33,-33,-33,-35,-34,-35,-35,-36,-36,-36,-38,-38,-38,-39,-39,-39,-40,-40,-41,-41,-41,-41,-41,-42,-42,-42,-43,-43,-43,-46,-47,-47,-47,-48,-48,-48,-48,-48,-49,-49,-50,-50,-50,-50,-51,-51,-44,-44,-44,-44,-44,-45,-45,-45,-45,-45,-46,-46,-46,-46,-46,-47,-47,-47,-47,-47,-47,-47,-47,-47,-47,-47,-47,-47,-46,-46,-46,-46,-46,-45,-45,-45,-45,-45,-45,-45,-45,-45,-45,-45,-45,-45,-45,-45,-45,-45,-45,-45,-45,-45,-45,-45,-46,-46,-46,-46,-46,-46,-46,-46,-47,-47,-47,-47,-47,-49,-49,-49,-50,-50,-50,-51,-51,-51,-51,-51,-51,-51,-52,-52,-52,-52,-52,-52,-52,-53,-53,-53,-53,-53,-53,-53,-53,-53,-53,-54,-54,-54,-54,-54,-54,-55,-55,-55,-55,-55,-55,-55,-55,-55,-56,-56,-56,-56,-56,-56,-57,-57,-57,-57,-57,-57,-57,-57,-57,-57,-57,-57,-57,-57,-57,-58,-58,-58,-58,-58,-58,-58,-58,-58,-58,-58,-58,-58,-58,-58,-58,-59,-59,-59,-59,-59,-59,-59,-59,-59,-59,-59,-59,-59,-59,-59,-59,-59,-60,-60,-60,-60,-60,-60,-60,-60,-60,-60,-60,-60,-60,-60,-60,-60,-60,-60,-66,-65,-64,-63,-62,-61,-60,-59,-58,-57,-56,-55,-54,-53,-52,-51,-50,-49,-48,-47,-46,-45,-44,-43,-42,-41,-40,-39,-38,-37,-36,-35,-34,-33,-32,-31,-30,-29,-28,-27,-26,-25,-24,-23,-22,-21,-20,-19,-18,-17,-16,-15,-14,-13,-12,-11,-10,-9,-8,-7,-6,-5,-4,-3,-2,-1,0,
-32,-34,-34,-34,-36,-35,-36,-36,-37,-37,-37,-37,-39,-39,-40,-40,-40,-41,-41,-41,-42,-42,-42,-42,-43,-43,-43,-43,-44,-44,-47,-47,-48,-48,-49,-49,-49,-49,-49,-49,-50,-50,-51,-51,-51,-52,-52,-45,-45,-45,-45,-45,-45,-46,-46,-46,-46,-47,-47,-47,-47,-47,-47,-48,-48,-48,-48,-48,-48,-48,-48,-48,-48,-48,-47,-47,-47,-47,-46,-47,-46,-46,-46,-46,-46,-46,-46,-46,-45,-45,-45,-46,-46,-46,-46,-46,-46,-46,-46,-46,-46,-46,-46,-46,-46,-46,-47,-47,-47,-47,-47,-47,-48,-48,-48,-48,-48,-50,-50,-51,-51,-51,-51,-52,-52,-52,-52,-52,-52,-52,-53,-53,-53,-53,-53,-53,-53,-54,-54,-54,-54,-54,-54,-54,-54,-54,-54,-55,-55,-55,-55,-55,-55,-55,-56,-56,-56,-56,-56,-56,-56,-56,-57,-57,-57,-57,-57,-57,-57,-58,-58,-58,-58,-58,-58,-58,-58,-58,-58,-58,-58,-58,-58,-58,-59,-59,-59,-59,-59,-59,-59,-59,-59,-59,-59,-59,-59,-59,-59,-59,-60,-60,-60,-60,-60,-60,-60,-60,-60,-60,-60,-60,-60,-60,-60,-60,-60,-60,-60,-60,-60,-60,-61,-61,-61,-61,-61,-61,-61,-61,-61,-61,-61,-67,-66,-65,-64,-63,-62,-61,-60,-59,-58,-57,-56,-55,-54,-53,-52,-51,-50,-49,-48,-47,-46,-45,-44,-43,-42,-41,-40,-39,-38,-37,-36,-35,-34,-33,-32,-31,-30,-29,-28,-27,-26,-25,-24,-23,-22,-21,-20,-19,-18,-17,-16,-15,-14,-13,-12,-11,-10,-9,-8,-7,-6,-5,-4,-3,-2,-1,0,
-32,-35,-35,-37,-36,-37,-36,-38,-38,-38,-38,-40,-40,-40,-41,-41,-41,-42,-42,-42,-43,-43,-43,-44,-44,-44,-44,-44,-45,-47,-48,-49,-49,-49,-50,-50,-50,-50,-50,-51,-51,-52,-52,-52,-52,-53,-53,-46,-46,-46,-46,-46,-46,-47,-47,-47,-47,-48,-48,-48,-48,-48,-48,-49,-49,-49,-49,-49,-49,-49,-49,-49,-48,-48,-48,-48,-48,-47,-48,-47,-47,-47,-47,-47,-47,-46,-46,-46,-46,-46,-46,-46,-47,-47,-47,-47,-47,-47,-47,-47,-47,-47,-47,-47,-47,-47,-47,-48,-48,-48,-48,-48,-48,-49,-49,-49,-51,-51,-51,-52,-52,-52,-53,-53,-53,-53,-53,-53,-53,-53,-53,-54,-54,-54,-54,-54,-54,-55,-55,-55,-55,-55,-55,-55,-55,-55,-55,-56,-56,-56,-56,-56,-56,-56,-57,-57,-57,-57,-57,-57,-57,-57,-58,-58,-58,-58,-58,-58,-58,-58,-58,-59,-59,-59,-59,-59,-59,-59,-59,-59,-59,-59,-59,-59,-59,-60,-60,-60,-60,-60,-60,-60,-60,-60,-60,-60,-60,-60,-60,-60,-60,-60,-60,-60,-61,-61,-61,-61,-61,-61,-61,-61,-61,-61,-61,-61,-61,-61,-61,-61,-61,-61,-61,-61,-61,-62,-62,-62,-62,-62,-62,-62,-68,-67,-66,-65,-64,-63,-62,-61,-60,-59,-58,-57,-56,-55,-54,-53,-52,-51,-50,-49,-48,-47,-46,-45,-44,-43,-42,-41,-40,-39,-38,-37,-36,-35,-34,-33,-32,-31,-30,-29,-28,-27,-26,-25,-24,-23,-22,-21,-20,-19,-18,-17,-16,-15,-14,-13,-12,-11,-10,-9,-8,-7,-6,-5,-4,-3,-2,-1,0,
-35,-36,-37,-37,-38,-37,-38,-39,-39,-39,-40,-41,-41,-42,-42,-42,-42,-43,-43,-44,-44,-44,-45,-45,-45,-45,-45,-45,-48,-49,-50,-50,-50,-50,-50,-51,-51,-51,-51,-52,-52,-53,-53,-53,-53,-47,-47,-47,-47,-47,-47,-47,-48,-48,-48,-48,-48,-49,-49,-49,-49,-49,-49,-49,-49,-49,-49,-49,-49,-49,-49,-49,-49,-49,-49,-49,-48,-48,-48,-48,-48,-48,-48,-48,-47,-47,-47,-47,-47,-47,-47,-47,-48,-47,-48,-48,-48,-48,-48,-48,-48,-48,-48,-48,-48,-48,-48,-49,-49,-49,-49,-49,-49,-50,-50,-50,-52,-52,-53,-53,-53,-53,-54,-54,-54,-54,-54,-54,-54,-54,-54,-55,-55,-55,-55,-55,-55,-55,-56,-56,-56,-56,-56,-56,-56,-56,-56,-57,-57,-57,-57,-57,-57,-57,-57,-58,-58,-58,-58,-58,-58,-58,-59,-59,-59,-59,-59,-59,-59,-59,-59,-59,-60,-60,-60,-60,-60,-60,-60,-60,-60,-60,-60,-60,-60,-60,-61,-61,-61,-61,-61,-61,-61,-61,-61,-61,-61,-61,-61,-61,-61,-61,-61,-61,-61,-61,-62,-62,-62,-62,-62,-62,-62,-62,-62,-62,-62,-62,-62,-62,-62,-62,-62,-62,-62,-62,-62,-62,-62,-62,-62,-69,-68,-67,-66,-65,-64,-63,-62,-61,-60,-59,-58,-57,-56,-55,-54,-53,-52,-51,-50,-49,-48,-47,-46,-45,-44,-43,-42,-41,-40,-39,-38,-37,-36,-35,-34,-33,-32,-31,-30,-29,-28,-27,-26,-25,-24,-23,-22,-21,-20,-19,-18,-17,-16,-15,-14,-13,-12,-11,-10,-9,-8,-7,-6,-5,-4,-3,-2,-1,0,
-37,-38,-38,-39,-38,-39,-39,-40,-40,-41,-42,-42,-42,-43,-43,-43,-44,-44,-44,-45,-45,-45,-46,-46,-46,-46,-46,-49,-50,-50,-51,-51,-51,-51,-52,-52,-52,-52,-53,-53,-53,-54,-54,-54,-47,-47,-48,-48,-48,-48,-48,-48,-49,-49,-49,-49,-50,-50,-50,-50,-50,-50,-50,-50,-50,-50,-50,-50,-50,-50,-50,-50,-50,-50,-50,-50,-49,-49,-49,-49,-49,-49,-49,-49,-49,-48,-48,-48,-48,-48,-48,-48,-48,-48,-49,-49,-49,-49,-49,-49,-49,-50,-49,-49,-49,-49,-50,-50,-50,-50,-50,-50,-51,-51,-51,-51,-53,-53,-54,-54,-54,-54,-55,-55,-55,-55,-55,-55,-55,-55,-55,-56,-56,-56,-56,-56,-56,-56,-56,-57,-57,-57,-57,-57,-57,-57,-57,-58,-58,-58,-58,-58,-58,-58,-58,-59,-59,-59,-59,-59,-59,-60,-60,-60,-60,-60,-60,-60,-60,-60,-60,-60,-60,-60,-61,-61,-61,-61,-61,-61,-61,-61,-61,-61,-61,-61,-61,-62,-62,-62,-62,-62,-62,-62,-62,-62,-62,-62,-62,-62,-62,-62,-62,-62,-62,-62,-62,-63,-63,-63,-63,-63,-63,-63,-63,-63,-63,-63,-63,-63,-63,-63,-63,-63,-63,-63,-63,-63,-63,-63,-70,-69,-68,-67,-66,-65,-64,-63,-62,-61,-60,-59,-58,-57,-56,-55,-54,-53,-52,-51,-50,-49,-48,-47,-46,-45,-44,-43,-42,-41,-40,-39,-38,-37,-36,-35,-34,-33,-32,-31,-30,-29,-28,-27,-26,-25,-24,-23,-22,-21,-20,-19,-18,-17,-16,-15,-14,-13,-12,-11,-10,-9,-8,-7,-6,-5,-4,-3,-2,-1,0,
-39,-39,-39,-39,-40,-40,-40,-41,-42,-43,-43,-43,-43,-44,-44,-45,-45,-45,-46,-46,-46,-46,-47,-47,-47,-47,-47,-50,-51,-52,-52,-52,-52,-53,-53,-53,-53,-54,-54,-54,-55,-55,-55,-48,-48,-48,-48,-49,-49,-49,-49,-49,-50,-50,-50,-50,-51,-51,-51,-51,-51,-51,-51,-51,-51,-51,-51,-51,-51,-51,-51,-51,-51,-51,-51,-51,-50,-50,-50,-50,-50,-50,-50,-50,-49,-49,-49,-49,-49,-49,-49,-49,-49,-49,-49,-50,-50,-50,-50,-50,-50,-50,-50,-50,-50,-51,-51,-51,-51,-51,-51,-51,-52,-52,-52,-54,-54,-55,-55,-55,-55,-55,-56,-56,-56,-56,-56,-56,-56,-56,-57,-57,-57,-57,-57,-57,-57,-57,-57,-58,-58,-58,-58,-58,-58,-58,-58,-59,-59,-59,-59,-59,-59,-59,-59,-60,-60,-60,-60,-60,-60,-61,-61,-61,-61,-61,-61,-61,-61,-61,-61,-61,-61,-61,-61,-62,-62,-62,-62,-62,-62,-62,-62,-62,-62,-62,-62,-62,-62,-63,-63,-63,-63,-63,-63,-63,-63,-63,-63,-63,-63,-63,-63,-63,-63,-63,-63,-63,-64,-64,-64,-64,-64,-64,-64,-64,-64,-64,-64,-64,-64,-64,-64,-64,-64,-64,-64,-64,-64,-64,-70,-69,-68,-67,-66,-65,-64,-63,-62,-61,-60,-59,-58,-57,-56,-55,-54,-53,-52,-51,-50,-49,-48,-47,-46,-45,-44,-43,-42,-41,-40,-39,-38,-37,-36,-35,-34,-33,-32,-31,-30,-29,-28,-27,-26,-25,-24,-23,-22,-21,-20,-19,-18,-17,-16,-15,-14,-13,-12,-11,-10,-9,-8,-7,-6,-5,-4,-3,-2,-1,0,
-40,-39,-40,-41,-41,-41,-41,-43,-44,-44,-44,-44,-45,-45,-46,-46,-46,-46,-47,-47,-47,-47,-48,-48,-48,-48,-51,-52,-52,-53,-53,-53,-53,-54,-54,-54,-54,-55,-55,-55,-56,-56,-56,-49,-49,-49,-49,-50,-50,-50,-50,-50,-51,-51,-51,-51,-51,-52,-52,-52,-52,-52,-52,-52,-52,-52,-52,-52,-52,-52,-52,-52,-52,-51,-52,-51,-51,-51,-50,-51,-51,-51,-51,-50,-50,-50,-50,-50,-50,-50,-50,-50,-50,-50,-50,-51,-51,-51,-51,-51,-51,-51,-51,-51,-51,-52,-52,-52,-52,-52,-52,-53,-53,-53,-55,-55,-55,-56,-56,-56,-56,-56,-56,-57,-57,-57,-57,-57,-57,-57,-58,-58,-58,-58,-58,-58,-58,-58,-58,-58,-59,-59,-59,-59,-59,-59,-59,-60,-60,-60,-60,-60,-60,-60,-60,-60,-61,-61,-61,-61,-61,-62,-62,-62,-62,-62,-62,-62,-62,-62,-62,-62,-62,-62,-62,-63,-63,-63,-63,-63,-63,-63,-63,-63,-63,-63,-63,-63,-63,-63,-64,-64,-64,-64,-64,-64,-64,-64,-64,-64,-64,-64,-64,-64,-64,-64,-64,-64,-65,-65,-65,-65,-65,-65,-65,-65,-65,-65,-65,-65,-65,-65,-65,-65,-65,-65,-65,-65,-65,-71,-70,-69,-68,-67,-66,-65,-64,-63,-62,-61,-60,-59,-58,-57,-56,-55,-54,-53,-52,-51,-50,-49,-48,-47,-46,-45,-44,-43,-42,-41,-40,-39,-38,-37,-36,-35,-34,-33,-32,-31,-30,-29,-28,-27,-26,-25,-24,-23,-22,-21,-20,-19,-18,-17,-16,-15,-14,-13,-12,-11,-10,-9,-8,-7,-6,-5,-4,-3,-2,-1,0,
-40,-41,-41,-42,-42,-42,-44,-44,-44,-45,-45,-45,-46,-46,-47,-47,-47,-47,-48,-48,-48,-49,-49,-49,-49,-52,-53,-53,-54,-54,-54,-54,-54,-54,-55,-55,-56,-56,-56,-56,-57,-57,-50,-50,-50,-50,-50,-51,-51,-51,-51,-52,-52,-52,-52,-52,-52,-53,-53,-53,-53,-53,-53,-53,-53,-53,-53,-53,-53,-53,-53,-52,-52,-52,-52,-51,-51,-51,-51,-52,-51,-52,-51,-51,-51,-51,-51,-51,-51,-51,-51,-51,-51,-51,-51,-51,-51,-52,-52,-52,-52,-52,-52,-52,-52,-53,-53,-53,-53,-53,-53,-55,-55,-56,-56,-56,-57,-57,-57,-57,-57,-57,-57,-58,-58,-58,-58,-58,-58,-58,-59,-59,-59,-59,-59,-59,-59,-59,-59,-59,-60,-60,-60,-60,-60,-60,-60,-61,-61,-61,-61,-61,-61,-61,-61,-61,-62,-62,-62,-62,-62,-63,-63,-63,-63,-63,-63,-63,-63,-63,-63,-63,-63,-63,-63,-63,-64,-64,-64,-64,-64,-64,-64,-64,-64,-64,-64,-64,-64,-64,-64,-65,-65,-65,-65,-65,-65,-65,-65,-65,-65,-65,-65,-65,-65,-65,-65,-65,-66,-66,-66,-66,-66,-66,-66,-66,-66,-66,-66,-66,-66,-66,-66,-66,-66,-66,-66,-66,-72,-71,-70,-69,-68,-67,-66,-65,-64,-63,-62,-61,-60,-59,-58,-57,-56,-55,-54,-53,-52,-51,-50,-49,-48,-47,-46,-45,-44,-43,-42,-41,-40,-39,-38,-37,-36,-35,-34,-33,-32,-31,-30,-29,-28,-27,-26,-25,-24,-23,-22,-21,-20,-19,-18,-17,-16,-15,-14,-13,-12,-11,-10,-9,-8,-7,-6,-5,-4,-3,-2,-1,0,
-42,-42,-43,-43,-43,-44,-45,-45,-46,-46,-46,-47,-47,-47,-48,-48,-48,-48,-49,-49,-49,-50,-50,-50,-53,-54,-54,-54,-55,-55,-55,-55,-55,-55,-56,-57,-57,-57,-57,-58,-58,-51,-51,-51,-51,-51,-52,-52,-52,-52,-52,-53,-53,-53,-53,-53,-53,-54,-54,-54,-54,-54,-54,-54,-54,-54,-54,-54,-54,-53,-53,-53,-53,-53,-52,-52,-52,-52,-52,-52,-52,-52,-52,-51,-52,-52,-52,-52,-52,-52,-52,-52,-52,-52,-52,-52,-52,-52,-53,-53,-53,-53,-53,-53,-53,-54,-54,-54,-54,-54,-54,-56,-56,-57,-57,-57,-58,-58,-58,-58,-58,-58,-58,-59,-59,-59,-59,-59,-59,-59,-60,-60,-60,-60,-60,-60,-60,-60,-60,-60,-61,-61,-61,-61,-61,-61,-61,-62,-62,-62,-62,-62,-62,-62,-62,-62,-63,-63,-63,-63,-63,-64,-64,-64,-64,-64,-64,-64,-64,-64,-64,-64,-64,-64,-64,-64,-64,-65,-65,-65,-65,-65,-65,-65,-65,-65,-65,-65,-65,-65,-65,-65,-66,-66,-66,-66,-66,-66,-66,-66,-66,-66,-66,-66,-66,-66,-66,-66,-66,-67,-67,-67,-67,-67,-67,-67,-67,-67,-67,-67,-67,-67,-67,-67,-67,-67,-67,-73,-72,-71,-70,-69,-68,-67,-66,-65,-64,-63,-62,-61,-60,-59,-58,-57,-56,-55,-54,-53,-52,-51,-50,-49,-48,-47,-46,-45,-44,-43,-42,-41,-40,-39,-38,-37,-36,-35,-34,-33,-32,-31,-30,-29,-28,-27,-26,-25,-24,-23,-22,-21,-20,-19,-18,-17,-16,-15,-14,-13,-12,-11,-10,-9,-8,-7,-6,-5,-4,-3,-2,-1,0,
-43,-44,-44,-44,-44,-46,-46,-47,-47,-47,-47,-48,-48,-49,-49,-49,-49,-50,-50,-50,-50,-51,-51,-54,-54,-55,-55,-56,-56,-56,-56,-56,-56,-57,-57,-58,-58,-58,-58,-59,-59,-52,-52,-52,-52,-52,-53,-53,-53,-53,-54,-54,-54,-54,-54,-54,-55,-55,-55,-55,-55,-55,-55,-55,-55,-55,-54,-54,-54,-54,-54,-53,-54,-53,-53,-53,-53,-53,-53,-53,-53,-52,-52,-52,-52,-53,-53,-53,-53,-53,-53,-53,-53,-53,-53,-53,-53,-53,-53,-53,-54,-54,-54,-54,-54,-55,-55,-55,-55,-55,-57,-57,-58,-58,-58,-58,-59,-59,-59,-59,-59,-59,-59,-59,-60,-60,-60,-60,-60,-60,-61,-61,-61,-61,-61,-61,-61,-61,-61,-61,-62,-62,-62,-62,-62,-62,-62,-63,-63,-63,-63,-63,-63,-63,-63,-64,-64,-64,-64,-64,-64,-64,-64,-65,-65,-65,-65,-65,-65,-65,-65,-65,-65,-65,-65,-65,-65,-65,-66,-66,-66,-66,-66,-66,-66,-66,-66,-66,-66,-66,-66,-66,-66,-66,-66,-66,-67,-67,-67,-67,-67,-67,-67,-67,-67,-67,-67,-67,-67,-67,-67,-67,-67,-67,-67,-67,-68,-68,-68,-68,-68,-68,-68,-68,-68,-68,-74,-73,-72,-71,-70,-69,-68,-67,-66,-65,-64,-63,-62,-61,-60,-59,-58,-57,-56,-55,-54,-53,-52,-51,-50,-49,-48,-47,-46,-45,-44,-43,-42,-41,-40,-39,-38,-37,-36,-35,-34,-33,-32,-31,-30,-29,-28,-27,-26,-25,-24,-23,-22,-21,-20,-19,-18,-17,-16,-15,-14,-13,-12,-11,-10,-9,-8,-7,-6,-5,-4,-3,-2,-1,0,
-44,-45,-45,-45,-46,-47,-47,-48,-48,-48,-48,-49,-49,-50,-50,-50,-51,-51,-51,-51,-51,-51,-54,-55,-56,-56,-56,-56,-57,-57,-57,-57,-57,-58,-58,-59,-59,-59,-53,-60,-53,-53,-53,-53,-53,-53,-54,-54,-54,-54,-55,-55,-55,-55,-55,-55,-55,-56,-56,-56,-56,-56,-56,-56,-56,-55,-55,-55,-55,-55,-54,-54,-54,-54,-54,-54,-54,-54,-53,-53,-53,-53,-53,-53,-53,-54,-54,-54,-54,-54,-54,-54,-54,-54,-54,-54,-54,-54,-54,-54,-54,-55,-55,-55,-55,-55,-56,-56,-56,-58,-58,-58,-59,-59,-59,-59,-60,-60,-60,-60,-60,-60,-60,-60,-61,-61,-61,-61,-61,-61,-61,-62,-62,-62,-62,-62,-62,-62,-62,-62,-63,-63,-63,-63,-63,-63,-63,-64,-64,-64,-64,-64,-64,-64,-64,-65,-65,-65,-65,-65,-65,-65,-65,-65,-65,-66,-66,-66,-66,-66,-66,-66,-66,-66,-66,-66,-66,-66,-66,-67,-67,-67,-67,-67,-67,-67,-67,-67,-67,-67,-67,-67,-67,-67,-67,-67,-67,-67,-68,-68,-68,-68,-68,-68,-68,-68,-68,-68,-68,-68,-68,-68,-68,-68,-68,-68,-68,-68,-68,-68,-68,-69,-69,-68,-69,-75,-74,-73,-72,-71,-70,-69,-68,-67,-66,-65,-64,-63,-62,-61,-60,-59,-58,-57,-56,-55,-54,-53,-52,-51,-50,-49,-48,-47,-46,-45,-44,-43,-42,-41,-40,-39,-38,-37,-36,-35,-34,-33,-32,-31,-30,-29,-28,-27,-26,-25,-24,-23,-22,-21,-20,-19,-18,-17,-16,-15,-14,-13,-12,-11,-10,-9,-8,-7,-6,-5,-4,-3,-2,-1,0,
-45,-46,-46,-47,-48,-48,-49,-49,-49,-49,-50,-50,-51,-51,-51,-52,-52,-52,-52,-52,-52,-55,-56,-57,-57,-57,-57,-57,-58,-58,-58,-58,-59,-59,-60,-60,-60,-60,-54,-54,-54,-54,-54,-54,-54,-55,-55,-55,-55,-55,-56,-56,-56,-56,-56,-56,-56,-56,-56,-56,-56,-56,-56,-56,-56,-56,-56,-56,-56,-55,-55,-55,-55,-55,-55,-55,-55,-55,-54,-54,-54,-54,-54,-54,-54,-54,-54,-54,-55,-55,-55,-55,-55,-55,-55,-56,-55,-55,-55,-55,-56,-56,-56,-56,-56,-56,-57,-57,-57,-59,-59,-60,-60,-60,-60,-61,-61,-61,-61,-61,-61,-61,-61,-61,-62,-62,-62,-62,-62,-62,-62,-62,-63,-63,-63,-63,-63,-63,-63,-63,-64,-64,-64,-64,-64,-64,-64,-64,-65,-65,-65,-65,-65,-65,-65,-66,-66,-66,-66,-66,-66,-66,-66,-66,-66,-66,-67,-67,-67,-67,-67,-67,-67,-67,-67,-67,-67,-67,-67,-67,-68,-68,-68,-68,-68,-68,-68,-68,-68,-68,-68,-68,-68,-68,-68,-68,-68,-68,-68,-68,-69,-69,-69,-69,-69,-69,-69,-69,-69,-69,-69,-69,-69,-69,-69,-69,-69,-69,-69,-69,-69,-69,-69,-69,-76,-75,-74,-73,-72,-71,-70,-69,-68,-67,-66,-65,-64,-63,-62,-61,-60,-59,-58,-57,-56,-55,-54,-53,-52,-51,-50,-49,-48,-47,-46,-45,-44,-43,-42,-41,-40,-39,-38,-37,-36,-35,-34,-33,-32,-31,-30,-29,-28,-27,-26,-25,-24,-23,-22,-21,-20,-19,-18,-17,-16,-15,-14,-13,-12,-11,-10,-9,-8,-7,-6,-5,-4,-3,-2,-1,0,
-47,-47,-48,-49,-49,-49,-50,-50,-50,-51,-51,-51,-52,-52,-52,-53,-53,-53,-53,-53,-56,-57,-57,-58,-58,-58,-58,-59,-59,-59,-59,-60,-60,-60,-61,-61,-61,-54,-54,-54,-55,-55,-55,-55,-55,-55,-56,-56,-56,-56,-57,-57,-57,-57,-57,-57,-57,-57,-57,-57,-57,-57,-57,-57,-57,-57,-57,-57,-57,-57,-56,-56,-56,-56,-56,-56,-56,-56,-55,-55,-55,-55,-55,-55,-55,-55,-55,-55,-56,-56,-56,-56,-56,-56,-57,-56,-56,-56,-56,-57,-57,-57,-57,-57,-57,-57,-58,-58,-58,-60,-60,-61,-61,-61,-61,-61,-62,-62,-62,-62,-62,-62,-62,-62,-63,-63,-63,-63,-63,-63,-63,-63,-64,-64,-64,-64,-64,-64,-64,-64,-65,-65,-65,-65,-65,-65,-65,-65,-65,-66,-66,-66,-66,-66,-66,-67,-67,-67,-67,-67,-67,-67,-67,-67,-67,-67,-67,-68,-68,-68,-68,-68,-68,-68,-68,-68,-68,-68,-68,-68,-68,-69,-69,-69,-69,-69,-69,-69,-69,-69,-69,-69,-69,-69,-69,-69,-69,-69,-69,-69,-69,-70,-70,-70,-70,-70,-70,-70,-70,-70,-70,-70,-70,-70,-70,-70,-70,-70,-70,-70,-70,-70,-70,-77,-76,-75,-74,-73,-72,-71,-70,-69,-68,-67,-66,-65,-64,-63,-62,-61,-60,-59,-58,-57,-56,-55,-54,-53,-52,-51,-50,-49,-48,-47,-46,-45,-44,-43,-42,-41,-40,-39,-38,-37,-36,-35,-34,-33,-32,-31,-30,-29,-28,-27,-26,-25,-24,-23,-22,-21,-20,-19,-18,-17,-16,-15,-14,-13,-12,-11,-10,-9,-8,-7,-6,-5,-4,-3,-2,-1,0,
-48,-49,-50,-50,-50,-50,-51,-51,-52,-52,-52,-52,-53,-53,-53,-54,-54,-54,-54,-54,-57,-58,-59,-59,-59,-59,-59,-60,-60,-60,-61,-61,-61,-61,-62,-62,-55,-55,-55,-55,-56,-56,-56,-56,-56,-57,-57,-57,-57,-57,-58,-58,-58,-58,-58,-58,-58,-58,-58,-58,-58,-58,-58,-58,-58,-58,-58,-58,-58,-57,-57,-57,-57,-57,-57,-57,-57,-56,-56,-56,-56,-56,-56,-56,-56,-56,-56,-56,-57,-57,-57,-57,-57,-57,-57,-57,-57,-57,-58,-58,-58,-58,-58,-58,-58,-59,-59,-59,-61,-61,-61,-62,-62,-62,-62,-62,-63,-63,-63,-63,-63,-63,-63,-64,-64,-64,-64,-64,-64,-64,-64,-64,-64,-65,-65,-65,-65,-65,-65,-65,-66,-66,-66,-66,-66,-66,-66,-66,-66,-67,-67,-67,-67,-67,-67,-68,-68,-68,-68,-68,-68,-68,-68,-68,-68,-68,-68,-68,-69,-69,-69,-69,-69,-69,-69,-69,-69,-69,-69,-69,-69,-69,-69,-70,-70,-70,-70,-70,-70,-70,-70,-70,-70,-70,-70,-70,-70,-70,-70,-70,-70,-70,-71,-71,-71,-71,-71,-71,-71,-71,-71,-71,-71,-71,-71,-71,-71,-71,-71,-71,-71,-71,-71,-77,-76,-75,-74,-73,-72,-71,-70,-69,-68,-67,-66,-65,-64,-63,-62,-61,-60,-59,-58,-57,-56,-55,-54,-53,-52,-51,-50,-49,-48,-47,-46,-45,-44,-43,-42,-41,-40,-39,-38,-37,-36,-35,-34,-33,-32,-31,-30,-29,-28,-27,-26,-25,-24,-23,-22,-21,-20,-19,-18,-17,-16,-15,-14,-13,-12,-11,-10,-9,-8,-7,-6,-5,-4,-3,-2,-1,0,
-50,-51,-51,-51,-51,-52,-52,-52,-53,-53,-53,-53,-54,-54,-54,-55,-55,-55,-55,-58,-59,-59,-60,-60,-60,-60,-61,-61,-61,-61,-62,-62,-62,-63,-63,-63,-56,-56,-56,-56,-57,-57,-57,-57,-57,-58,-58,-58,-58,-58,-59,-59,-59,-59,-59,-59,-59,-59,-59,-59,-59,-59,-59,-59,-59,-58,-58,-58,-58,-58,-58,-57,-58,-58,-58,-58,-57,-57,-57,-57,-57,-57,-57,-57,-57,-57,-57,-57,-57,-58,-58,-58,-58,-58,-58,-58,-58,-58,-59,-59,-59,-59,-59,-59,-60,-60,-61,-62,-62,-62,-63,-63,-63,-63,-63,-63,-64,-64,-64,-64,-64,-64,-64,-65,-65,-65,-65,-65,-65,-65,-65,-65,-65,-66,-66,-66,-66,-66,-66,-66,-67,-67,-67,-67,-67,-67,-67,-67,-67,-68,-68,-68,-68,-68,-69,-69,-69,-69,-69,-69,-69,-69,-69,-69,-69,-69,-69,-69,-69,-70,-70,-70,-70,-70,-70,-70,-70,-70,-70,-70,-70,-70,-70,-70,-71,-71,-71,-71,-71,-71,-71,-71,-71,-71,-71,-71,-71,-71,-71,-71,-71,-72,-72,-72,-72,-72,-72,-72,-72,-72,-72,-72,-72,-72,-72,-72,-72,-72,-72,-72,-72,-72,-78,-77,-76,-75,-74,-73,-72,-71,-70,-69,-68,-67,-66,-65,-64,-63,-62,-61,-60,-59,-58,-57,-56,-55,-54,-53,-52,-51,-50,-49,-48,-47,-46,-45,-44,-43,-42,-41,-40,-39,-38,-37,-36,-35,-34,-33,-32,-31,-30,-29,-28,-27,-26,-25,-24,-23,-22,-21,-20,-19,-18,-17,-16,-15,-14,-13,-12,-11,-10,-9,-8,-7,-6,-5,-4,-3,-2,-1,0,
-51,-51,-52,-52,-52,-53,-53,-54,-54,-54,-54,-55,-55,-55,-55,-56,-56,-56,-59,-60,-60,-61,-61,-61,-61,-61,-61,-62,-62,-63,-63,-63,-63,-64,-64,-57,-57,-57,-57,-57,-58,-58,-58,-58,-59,-59,-59,-59,-59,-59,-60,-60,-60,-60,-60,-60,-60,-60,-60,-60,-60,-60,-60,-59,-59,-59,-59,-59,-58,-58,-58,-58,-59,-58,-58,-58,-58,-58,-58,-58,-58,-58,-58,-58,-58,-58,-58,-58,-58,-58,-58,-59,-59,-59,-59,-59,-59,-59,-60,-60,-60,-60,-60,-60,-62,-62,-62,-63,-63,-63,-64,-64,-64,-64,-64,-64,-65,-65,-65,-65,-65,-65,-65,-66,-66,-66,-66,-66,-66,-66,-66,-66,-66,-67,-67,-67,-67,-67,-67,-67,-68,-68,-68,-68,-68,-68,-68,-68,-68,-69,-69,-69,-69,-69,-70,-70,-70,-70,-70,-70,-70,-70,-70,-70,-70,-70,-70,-70,-70,-70,-71,-71,-71,-71,-71,-71,-71,-71,-71,-71,-71,-71,-71,-71,-71,-72,-72,-72,-72,-72,-72,-72,-72,-72,-72,-72,-72,-72,-72,-72,-72,-73,-73,-73,-73,-73,-73,-73,-73,-73,-73,-73,-73,-73,-73,-73,-73,-73,-73,-73,-73,-79,-78,-77,-76,-75,-74,-73,-72,-71,-70,-69,-68,-67,-66,-65,-64,-63,-62,-61,-60,-59,-58,-57,-56,-55,-54,-53,-52,-51,-50,-49,-48,-47,-46,-45,-44,-43,-42,-41,-40,-39,-38,-37,-36,-35,-34,-33,-32,-31,-30,-29,-28,-27,-26,-25,-24,-23,-22,-21,-20,-19,-18,-17,-16,-15,-14,-13,-12,-11,-10,-9,-8,-7,-6,-5,-4,-3,-2,-1,0,
-52,-53,-53,-53,-54,-54,-54,-55,-55,-55,-55,-56,-56,-56,-56,-57,-57,-60,-61,-61,-61,-62,-62,-62,-62,-62,-62,-63,-63,-64,-64,-64,-65,-65,-58,-58,-58,-58,-58,-58,-59,-59,-59,-59,-60,-60,-60,-60,-60,-60,-61,-61,-61,-61,-61,-61,-61,-61,-61,-61,-61,-60,-60,-60,-60,-60,-60,-59,-59,-59,-59,-59,-59,-59,-59,-58,-58,-58,-59,-59,-59,-59,-59,-59,-59,-59,-59,-59,-59,-59,-59,-60,-60,-60,-60,-60,-60,-60,-60,-61,-61,-61,-61,-61,-63,-63,-64,-64,-64,-65,-65,-65,-65,-65,-65,-65,-65,-66,-66,-66,-66,-66,-66,-67,-67,-67,-67,-67,-67,-67,-67,-67,-67,-67,-68,-68,-68,-68,-68,-68,-69,-69,-69,-69,-69,-69,-69,-69,-69,-70,-70,-70,-70,-70,-70,-71,-71,-71,-71,-71,-71,-71,-71,-71,-71,-71,-71,-71,-71,-71,-72,-72,-72,-72,-72,-72,-72,-72,-72,-72,-72,-72,-72,-72,-72,-72,-73,-73,-73,-73,-73,-73,-73,-73,-73,-73,-73,-73,-73,-73,-73,-73,-73,-74,-73,-74,-74,-74,-74,-74,-74,-74,-74,-74,-74,-74,-74,-74,-74,-74,-80,-79,-78,-77,-76,-75,-74,-73,-72,-71,-70,-69,-68,-67,-66,-65,-64,-63,-62,-61,-60,-59,-58,-57,-56,-55,-54,-53,-52,-51,-50,-49,-48,-47,-46,-45,-44,-43,-42,-41,-40,-39,-38,-37,-36,-35,-34,-33,-32,-31,-30,-29,-28,-27,-26,-25,-24,-23,-22,-21,-20,-19,-18,-17,-16,-15,-14,-13,-12,-11,-10,-9,-8,-7,-6,-5,-4,-3,-2,-1,0,
-53,-54,-54,-54,-55,-55,-55,-56,-56,-56,-57,-57,-57,-57,-57,-58,-60,-61,-62,-62,-62,-63,-63,-63,-63,-63,-64,-64,-65,-65,-65,-65,-66,-66,-59,-59,-59,-59,-59,-60,-60,-60,-60,-60,-61,-61,-61,-61,-61,-61,-62,-62,-62,-62,-62,-62,-62,-62,-62,-61,-61,-61,-61,-61,-60,-61,-60,-60,-60,-60,-60,-60,-59,-59,-59,-59,-59,-59,-59,-60,-60,-60,-60,-60,-60,-60,-60,-60,-60,-60,-60,-60,-60,-60,-61,-61,-61,-61,-61,-62,-62,-62,-62,-64,-64,-65,-65,-65,-65,-66,-66,-66,-66,-66,-66,-66,-66,-67,-67,-67,-67,-67,-67,-67,-68,-68,-68,-68,-68,-68,-68,-68,-68,-69,-69,-69,-69,-69,-69,-69,-69,-70,-70,-70,-70,-70,-70,-70,-71,-71,-71,-71,-71,-71,-71,-71,-71,-72,-72,-72,-72,-72,-72,-72,-72,-72,-72,-72,-72,-72,-72,-73,-73,-73,-73,-73,-73,-73,-73,-73,-73,-73,-73,-73,-73,-73,-73,-73,-73,-73,-74,-74,-74,-74,-74,-74,-74,-74,-74,-74,-74,-74,-74,-74,-74,-74,-74,-74,-74,-74,-74,-74,-75,-75,-75,-75,-75,-75,-75,-81,-80,-79,-78,-77,-76,-75,-74,-73,-72,-71,-70,-69,-68,-67,-66,-65,-64,-63,-62,-61,-60,-59,-58,-57,-56,-55,-54,-53,-52,-51,-50,-49,-48,-47,-46,-45,-44,-43,-42,-41,-40,-39,-38,-37,-36,-35,-34,-33,-32,-31,-30,-29,-28,-27,-26,-25,-24,-23,-22,-21,-20,-19,-18,-17,-16,-15,-14,-13,-12,-11,-10,-9,-8,-7,-6,-5,-4,-3,-2,-1,0,
-55,-55,-55,-55,-56,-56,-57,-57,-57,-58,-58,-58,-58,-58,-58,-61,-62,-63,-63,-63,-63,-64,-64,-64,-64,-64,-65,-65,-66,-66,-66,-66,-67,-60,-60,-60,-60,-60,-60,-61,-61,-61,-61,-62,-62,-62,-62,-62,-62,-62,-63,-63,-62,-62,-62,-62,-62,-62,-62,-62,-62,-62,-62,-61,-61,-61,-61,-61,-61,-61,-61,-60,-60,-60,-60,-60,-60,-60,-60,-61,-60,-61,-61,-61,-61,-61,-61,-61,-61,-61,-61,-61,-61,-61,-62,-62,-62,-62,-62,-63,-63,-63,-65,-65,-65,-66,-66,-66,-66,-67,-67,-67,-67,-67,-67,-67,-67,-67,-68,-68,-68,-68,-68,-68,-69,-69,-69,-69,-69,-69,-69,-69,-69,-70,-70,-70,-70,-70,-70,-70,-70,-71,-71,-71,-71,-71,-71,-71,-72,-72,-72,-72,-72,-72,-72,-72,-72,-72,-73,-73,-73,-73,-73,-73,-73,-73,-73,-73,-73,-73,-73,-73,-73,-74,-74,-74,-74,-74,-74,-74,-74,-74,-74,-74,-74,-74,-74,-74,-74,-74,-74,-74,-75,-75,-75,-75,-75,-75,-75,-75,-75,-75,-75,-75,-75,-75,-75,-75,-75,-75,-75,-75,-75,-75,-75,-75,-75,-75,-82,-81,-80,-79,-78,-77,-76,-75,-74,-73,-72,-71,-70,-69,-68,-67,-66,-65,-64,-63,-62,-61,-60,-59,-58,-57,-56,-55,-54,-53,-52,-51,-50,-49,-48,-47,-46,-45,-44,-43,-42,-41,-40,-39,-38,-37,-36,-35,-34,-33,-32,-31,-30,-29,-28,-27,-26,-25,-24,-23,-22,-21,-20,-19,-18,-17,-16,-15,-14,-13,-12,-11,-10,-9,-8,-7,-6,-5,-4,-3,-2,-1,0,
-56,-56,-56,-57,-57,-57,-58,-58,-58,-59,-59,-59,-59,-59,-62,-63,-63,-64,-64,-64,-64,-65,-65,-65,-65,-66,-66,-67,-67,-67,-67,-60,-61,-61,-61,-61,-61,-61,-61,-62,-62,-62,-62,-63,-63,-63,-63,-63,-63,-63,-63,-63,-63,-63,-63,-63,-63,-63,-63,-63,-63,-63,-63,-62,-62,-62,-62,-62,-62,-62,-62,-61,-61,-61,-61,-61,-61,-61,-61,-61,-61,-62,-62,-62,-62,-62,-62,-63,-63,-62,-62,-62,-62,-63,-63,-63,-63,-63,-63,-64,-64,-64,-66,-66,-66,-67,-67,-67,-67,-68,-68,-68,-68,-68,-68,-68,-68,-68,-69,-69,-69,-69,-69,-69,-69,-70,-70,-70,-70,-70,-70,-70,-70,-71,-71,-71,-71,-71,-71,-71,-71,-71,-72,-72,-72,-72,-72,-72,-73,-73,-73,-73,-73,-73,-73,-73,-73,-73,-73,-73,-74,-74,-74,-74,-74,-74,-74,-74,-74,-74,-74,-74,-74,-75,-75,-75,-75,-75,-75,-75,-75,-75,-75,-75,-75,-75,-75,-75,-75,-75,-75,-75,-75,-76,-76,-76,-76,-76,-76,-76,-76,-76,-76,-76,-76,-76,-76,-76,-76,-76,-76,-76,-76,-76,-76,-76,-76,-83,-82,-81,-80,-79,-78,-77,-76,-75,-74,-73,-72,-71,-70,-69,-68,-67,-66,-65,-64,-63,-62,-61,-60,-59,-58,-57,-56,-55,-54,-53,-52,-51,-50,-49,-48,-47,-46,-45,-44,-43,-42,-41,-40,-39,-38,-37,-36,-35,-34,-33,-32,-31,-30,-29,-28,-27,-26,-25,-24,-23,-22,-21,-20,-19,-18,-17,-16,-15,-14,-13,-12,-11,-10,-9,-8,-7,-6,-5,-4,-3,-2,-1,0,
-57,-57,-58,-58,-58,-59,-59,-59,-60,-60,-60,-60,-60,-60,-64,-64,-65,-65,-65,-65,-66,-66,-66,-66,-67,-67,-67,-68,-68,-68,-61,-61,-61,-62,-62,-62,-62,-62,-62,-63,-63,-63,-63,-64,-64,-64,-64,-64,-64,-64,-64,-64,-64,-64,-64,-64,-64,-64,-64,-64,-64,-64,-64,-63,-63,-63,-63,-63,-63,-63,-63,-62,-62,-62,-62,-62,-62,-62,-62,-62,-62,-63,-63,-63,-63,-63,-63,-63,-63,-63,-63,-63,-64,-64,-64,-64,-64,-64,-64,-65,-65,-65,-67,-67,-68,-68,-68,-68,-68,-69,-69,-69,-69,-69,-69,-69,-69,-70,-70,-70,-70,-70,-70,-70,-70,-70,-71,-71,-71,-71,-71,-71,-71,-72,-72,-72,-72,-72,-72,-72,-72,-72,-73,-73,-73,-73,-73,-73,-74,-74,-74,-74,-74,-74,-74,-74,-74,-74,-74,-74,-74,-75,-75,-75,-75,-75,-75,-75,-75,-75,-75,-75,-75,-75,-75,-76,-76,-76,-76,-76,-76,-76,-76,-76,-76,-76,-76,-76,-76,-76,-76,-76,-76,-76,-76,-77,-77,-77,-77,-77,-77,-77,-77,-77,-77,-77,-77,-77,-77,-77,-77,-77,-77,-77,-77,-77,-84,-83,-82,-81,-80,-79,-78,-77,-76,-75,-74,-73,-72,-71,-70,-69,-68,-67,-66,-65,-64,-63,-62,-61,-60,-59,-58,-57,-56,-55,-54,-53,-52,-51,-50,-49,-48,-47,-46,-45,-44,-43,-42,-41,-40,-39,-38,-37,-36,-35,-34,-33,-32,-31,-30,-29,-28,-27,-26,-25,-24,-23,-22,-21,-20,-19,-18,-17,-16,-15,-14,-13,-12,-11,-10,-9,-8,-7,-6,-5,-4,-3,-2,-1,0,
-58,-59,-59,-59,-59,-60,-60,-60,-61,-61,-61,-61,-61,-64,-65,-66,-66,-66,-66,-66,-67,-67,-67,-67,-68,-68,-68,-69,-69,-62,-62,-62,-62,-63,-63,-63,-63,-63,-64,-64,-64,-64,-64,-65,-65,-65,-65,-65,-65,-65,-65,-65,-65,-65,-65,-65,-65,-65,-65,-65,-65,-65,-64,-64,-64,-64,-64,-64,-64,-64,-63,-63,-63,-63,-63,-63,-63,-63,-63,-63,-63,-63,-64,-64,-64,-64,-64,-64,-64,-64,-64,-64,-65,-65,-65,-65,-65,-65,-66,-66,-66,-68,-68,-68,-69,-69,-69,-69,-69,-70,-70,-70,-70,-70,-70,-70,-71,-71,-71,-71,-71,-71,-71,-71,-71,-71,-72,-72,-72,-72,-72,-72,-72,-73,-73,-73,-73,-73,-73,-73,-73,-73,-74,-74,-74,-74,-74,-74,-75,-75,-75,-75,-75,-75,-75,-75,-75,-75,-75,-75,-75,-75,-76,-76,-76,-76,-76,-76,-76,-76,-76,-76,-76,-76,-76,-76,-77,-77,-77,-77,-77,-77,-77,-77,-77,-77,-77,-77,-77,-77,-77,-77,-77,-77,-77,-78,-78,-78,-78,-78,-78,-78,-78,-78,-78,-78,-78,-78,-78,-78,-78,-78,-78,-78,-78,-78,-84,-83,-82,-81,-80,-79,-78,-77,-76,-75,-74,-73,-72,-71,-70,-69,-68,-67,-66,-65,-64,-63,-62,-61,-60,-59,-58,-57,-56,-55,-54,-53,-52,-51,-50,-49,-48,-47,-46,-45,-44,-43,-42,-41,-40,-39,-38,-37,-36,-35,-34,-33,-32,-31,-30,-29,-28,-27,-26,-25,-24,-23,-22,-21,-20,-19,-18,-17,-16,-15,-14,-13,-12,-11,-10,-9,-8,-7,-6,-5,-4,-3,-2,-1,0,
-59,-60,-60,-60,-60,-61,-61,-61,-62,-62,-62,-62,-65,-66,-66,-67,-67,-67,-67,-67,-68,-68,-68,-69,-69,-69,-70,-70,-70,-63,-63,-63,-63,-64,-64,-64,-64,-64,-65,-65,-65,-65,-65,-66,-66,-66,-66,-66,-66,-66,-66,-66,-66,-66,-66,-66,-66,-66,-65,-65,-65,-65,-64,-65,-64,-64,-65,-64,-65,-64,-64,-64,-64,-64,-64,-64,-64,-64,-64,-64,-64,-64,-64,-65,-65,-65,-65,-65,-65,-65,-65,-66,-66,-66,-66,-66,-66,-66,-67,-68,-69,-69,-69,-70,-70,-70,-70,-70,-70,-71,-71,-71,-71,-71,-71,-71,-72,-72,-72,-72,-72,-72,-72,-72,-72,-72,-72,-73,-73,-73,-73,-73,-73,-74,-74,-74,-74,-74,-74,-74,-74,-74,-75,-75,-75,-75,-75,-75,-76,-76,-76,-76,-76,-76,-76,-76,-76,-76,-76,-76,-76,-76,-77,-77,-77,-77,-77,-77,-77,-77,-77,-77,-77,-77,-77,-77,-77,-78,-78,-78,-78,-78,-78,-78,-78,-78,-78,-78,-78,-78,-78,-78,-78,-78,-78,-79,-79,-79,-79,-79,-79,-79,-79,-79,-79,-79,-79,-79,-79,-79,-79,-79,-79,-79,-79,-85,-84,-83,-82,-81,-80,-79,-78,-77,-76,-75,-74,-73,-72,-71,-70,-69,-68,-67,-66,-65,-64,-63,-62,-61,-60,-59,-58,-57,-56,-55,-54,-53,-52,-51,-50,-49,-48,-47,-46,-45,-44,-43,-42,-41,-40,-39,-38,-37,-36,-35,-34,-33,-32,-31,-30,-29,-28,-27,-26,-25,-24,-23,-22,-21,-20,-19,-18,-17,-16,-15,-14,-13,-12,-11,-10,-9,-8,-7,-6,-5,-4,-3,-2,-1,0,
-61,-61,-61,-61,-61,-62,-62,-62,-63,-63,-63,-66,-67,-67,-67,-68,-68,-68,-68,-68,-69,-69,-70,-70,-70,-70,-71,-71,-64,-64,-64,-64,-64,-65,-65,-65,-65,-65,-66,-66,-66,-66,-66,-67,-67,-67,-67,-67,-67,-67,-67,-67,-67,-67,-67,-67,-66,-66,-66,-66,-66,-65,-65,-65,-65,-65,-65,-65,-65,-65,-65,-65,-65,-65,-65,-65,-65,-65,-65,-65,-65,-65,-65,-65,-66,-66,-66,-66,-66,-66,-66,-66,-67,-67,-67,-67,-67,-69,-69,-69,-70,-70,-70,-71,-71,-71,-71,-71,-71,-71,-72,-72,-72,-72,-72,-72,-72,-73,-73,-73,-73,-73,-73,-73,-73,-73,-73,-74,-74,-74,-74,-74,-74,-75,-75,-75,-75,-75,-75,-75,-75,-75,-76,-76,-76,-76,-76,-76,-77,-77,-77,-77,-77,-77,-77,-77,-77,-77,-77,-77,-77,-77,-77,-78,-78,-78,-78,-78,-78,-78,-78,-78,-78,-78,-78,-78,-78,-78,-78,-79,-79,-79,-79,-79,-79,-79,-79,-79,-79,-79,-79,-79,-79,-79,-79,-79,-80,-80,-80,-80,-80,-80,-80,-80,-80,-80,-80,-80,-80,-80,-80,-80,-80,-80,-86,-85,-84,-83,-82,-81,-80,-79,-78,-77,-76,-75,-74,-73,-72,-71,-70,-69,-68,-67,-66,-65,-64,-63,-62,-61,-60,-59,-58,-57,-56,-55,-54,-53,-52,-51,-50,-49,-48,-47,-46,-45,-44,-43,-42,-41,-40,-39,-38,-37,-36,-35,-34,-33,-32,-31,-30,-29,-28,-27,-26,-25,-24,-23,-22,-21,-20,-19,-18,-17,-16,-15,-14,-13,-12,-11,-10,-9,-8,-7,-6,-5,-4,-3,-2,-1,0,
-62,-62,-62,-62,-63,-63,-63,-63,-64,-64,-67,-67,-68,-68,-69,-69,-69,-69,-69,-69,-70,-70,-71,-71,-71,-72,-72,-65,-65,-65,-65,-65,-65,-66,-66,-66,-66,-67,-67,-67,-67,-67,-67,-68,-68,-68,-68,-68,-68,-68,-68,-68,-68,-68,-67,-67,-67,-67,-66,-67,-66,-66,-66,-66,-66,-66,-66,-66,-65,-65,-65,-66,-66,-66,-66,-66,-66,-66,-66,-66,-66,-66,-66,-66,-66,-66,-67,-67,-67,-67,-67,-67,-68,-68,-68,-68,-68,-70,-70,-71,-71,-71,-71,-72,-72,-72,-72,-72,-72,-72,-73,-73,-73,-73,-73,-73,-73,-74,-74,-74,-74,-74,-74,-74,-74,-74,-74,-75,-75,-75,-75,-75,-75,-75,-76,-76,-76,-76,-76,-76,-76,-76,-77,-77,-77,-77,-77,-77,-77,-78,-78,-78,-78,-78,-78,-78,-78,-78,-78,-78,-78,-78,-78,-78,-79,-79,-79,-79,-79,-79,-79,-79,-79,-79,-79,-79,-79,-79,-79,-79,-80,-80,-80,-80,-80,-80,-80,-80,-80,-80,-80,-80,-80,-80,-80,-80,-80,-80,-80,-80,-80,-80,-81,-81,-81,-81,-81,-81,-81,-81,-81,-81,-81,-87,-86,-85,-84,-83,-82,-81,-80,-79,-78,-77,-76,-75,-74,-73,-72,-71,-70,-69,-68,-67,-66,-65,-64,-63,-62,-61,-60,-59,-58,-57,-56,-55,-54,-53,-52,-51,-50,-49,-48,-47,-46,-45,-44,-43,-42,-41,-40,-39,-38,-37,-36,-35,-34,-33,-32,-31,-30,-29,-28,-27,-26,-25,-24,-23,-22,-21,-20,-19,-18,-17,-16,-15,-14,-13,-12,-11,-10,-9,-8,-7,-6,-5,-4,-3,-2,-1,0,
