-766.138,-765.702,-765.261,-764.576,-763.111,-759.08,-755.164,-751.404,-750.484,-746.531,-742.854,-739.053,-735.474,-731.924,-730.323,-726.885,-723.41,-719.464,-715.451,-711.416,-707.603,-703.459,-699.565,-695.781,-691.64,-687.457,-682.85,-677.857,-672.63,-667.406,-662.026,-656.401,-650.742,-644.737,-638.342,-631.608,-624.536,-617.104,-609.313,-601.101,-592.403,-583.032,-572.872,-561.811,-549.551,-536.401,-521.64,-505.381,-487.566,-468.01,-446.383,-422.868,-397.876,-371.277,-341.64,-311.106,-279.194,-246.06,-211.668,-176.096,-140.08,-103.944,-68.2686,-33.287,0.807672,32.9022,64.4185,94.0462,121.886,147.689,171.725,194.073,214.482,233.21,250.309,265.925,280.106,292.714,304.244,314.903,324.719,333.716,342.647,350.955,358.698,365.982,372.761,379.1,384.996,390.527,395.737,400.632,405.271,409.674,413.871,417.857,421.688,425.335,428.85,432.214,435.452,438.575,441.441,444.176,446.821,449.38,451.857,454.259,456.574,458.814,460.993,463.108,465.146,467.125,469.049,470.909,472.719,474.464,476.185,477.847,479.463,481.035,482.553,484.007,485.413,486.78,488.1,489.396,490.679,491.916,493.116,494.262,495.348,496.391,497.391,498.347,499.28,500.279,501.221,502.129,502.971,503.778,504.518,505.217,505.885,506.489,507.076,507.613,508.085,508.537,509.91,
-762.176,-761.735,-761.28,-757.879,-754.161,-753.469,-749.699,-745.948,-742.352,-738.792,-735.343,-734.071,-731.588,-728.072,-726.324,-722.576,-718.668,-714.633,-710.613,-706.775,-702.761,-698.988,-694.854,-690.763,-686.547,-681.915,-676.895,-671.683,-666.443,-661.028,-655.381,-649.573,-643.615,-637.255,-630.438,-623.33,-615.853,-608.017,-599.747,-590.983,-581.505,-570.544,-558.266,-544.887,-530.215,-514.287,-496.804,-477.727,-456.958,-434.343,-410.047,-383.851,-355.974,-326.521,-295.472,-262.98,-229.6,-195.31,-160.231,-125.009,-89.9947,-55.1447,-21.187,11.7294,43.5589,73.9797,103.02,130.243,155.975,179.869,202.032,222.114,240.673,257.722,273.283,287.449,300.349,312.102,322.812,332.631,341.666,349.973,357.613,364.672,371.251,377.389,383.135,388.547,393.609,398.429,403.016,407.331,411.426,415.331,419.063,422.611,426.043,429.312,432.487,435.512,438.428,441.245,443.954,446.575,449.113,451.577,453.959,456.275,458.506,460.677,462.785,464.837,466.818,468.742,470.614,472.418,474.168,475.862,477.531,479.141,480.71,482.236,483.706,485.114,486.474,487.797,489.076,490.333,491.579,492.781,493.944,495.054,496.104,497.114,498.079,498.99,499.894,500.838,501.761,502.605,503.422,504.167,504.884,505.55,506.163,506.746,507.293,507.76,508.218,508.627,510.011,
-758.215,-757.757,-757.111,-756.274,-750.273,-749.499,-745.705,-742.098,-738.498,-735.034,-731.617,-730.205,-726.784,-723.424,-721.722,-717.884,-713.816,-709.811,-705.948,-701.913,-698.11,-694.24,-690.034,-685.878,-681.069,-675.938,-670.741,-665.485,-660.034,-654.365,-648.548,-642.506,-636.089,-629.084,-621.482,-613.461,-604.967,-595.888,-586.128,-575.615,-564.214,-551.554,-537.622,-522.436,-505.775,-487.587,-467.647,-445.999,-422.382,-396.729,-369.157,-339.791,-308.749,-276.417,-242.945,-208.042,-172.753,-137.156,-101.438,-65.8235,-30.9016,3.22591,35.2749,65.7092,94.6971,121.926,147.78,171.844,194.226,214.857,233.908,251.098,266.886,281.365,294.586,306.582,317.543,327.585,336.823,345.309,353.159,360.421,367.067,373.241,379.037,384.472,389.611,394.496,399.096,403.481,407.678,411.65,415.433,419.058,422.543,425.877,429.115,432.215,435.234,438.125,440.925,443.644,446.262,448.794,451.245,453.62,455.925,458.171,460.33,462.429,464.479,466.464,468.382,470.244,472.051,473.782,475.463,477.087,478.688,480.24,481.749,483.215,484.633,485.985,487.294,488.567,489.796,491.007,492.207,493.361,494.483,495.549,496.557,497.528,498.454,499.341,500.208,501.147,502.02,502.863,503.629,504.384,505.069,505.716,506.306,506.874,507.353,507.824,508.244,508.695,510.029,
-754.288,-753.604,-752.906,-751.102,-748.717,-745.462,-741.845,-738.207,-734.727,-731.28,-727.93,-726.427,-723.047,-719.722,-716.498,-713.14,-709.087,-705.124,-701.069,-697.234,-693.041,-688.411,-683.623,-678.862,-673.78,-668.505,-662.97,-657.251,-651.24,-644.917,-638.371,-631.505,-624.277,-616.535,-608.213,-599.317,-589.791,-579.575,-568.583,-556.698,-543.771,-529.496,-514.037,-497.152,-478.562,-458.349,-436.203,-412.183,-386.235,-358.37,-328.691,-297.714,-265.428,-232.026,-197.478,-162.392,-127.107,-91.8483,-56.8568,-22.4542,10.8311,43.0454,73.5756,102.453,129.716,155.222,179.05,201.052,221.348,239.905,256.932,272.14,286.058,298.768,310.353,320.83,330.401,339.2,347.321,354.778,361.696,368.134,374.088,379.664,384.955,389.947,394.678,399.194,403.467,407.554,411.491,415.237,418.818,422.264,425.584,428.75,431.847,434.799,437.68,440.442,443.118,445.71,448.211,450.629,452.976,455.255,457.47,459.621,461.702,463.729,465.705,467.63,469.481,471.278,473.028,474.719,476.369,477.955,479.523,481.038,482.51,483.942,485.327,486.65,487.93,489.172,490.371,491.551,492.723,493.85,494.946,495.988,496.97,497.913,498.812,499.673,500.517,501.417,502.289,503.079,503.865,504.578,505.259,505.866,506.452,506.942,507.425,507.859,508.391,508.717,510.047,
-750.393,-749.692,-748.914,-747.429,-743.909,-742.601,-739.158,-735.531,-730.947,-727.571,-724.266,-722.016,-718.144,-714.246,-711.014,-707.267,-702.858,-698.455,-693.841,-689.238,-684.599,-679.72,-674.902,-670.01,-664.726,-659.183,-653.336,-647.253,-640.878,-634.252,-627.343,-620.065,-612.427,-604.22,-595.378,-585.966,-575.88,-565.061,-553.412,-540.785,-527.015,-511.653,-494.663,-476.067,-455.675,-433.529,-409.439,-383.455,-355.543,-325.769,-294.305,-261.347,-227.15,-192.069,-156.339,-120.276,-84.4351,-48.9987,-14.2836,19.4479,51.7535,82.6902,111.278,137.927,162.809,185.861,207.22,226.833,244.775,261.12,276.036,289.363,301.554,312.688,322.835,331.993,340.393,348.149,355.362,362.032,368.267,374.102,379.568,384.713,389.599,394.233,398.636,402.858,406.868,410.721,414.445,418.002,421.408,424.689,427.86,430.903,433.864,436.714,439.509,442.179,444.77,447.294,449.727,452.09,454.385,456.615,458.78,460.898,462.932,464.912,466.836,468.711,470.523,472.284,474.001,475.655,477.258,478.811,480.349,481.824,483.261,484.664,486.016,487.309,488.556,489.767,490.936,492.086,493.231,494.334,495.401,496.416,497.371,498.284,499.158,499.995,500.82,501.699,502.521,503.334,504.072,504.784,505.415,506.017,506.522,507.016,507.461,508.031,508.415,508.734,510.048,
-746.511,-745.603,-744.627,-742.973,-739.838,-736.895,-733.079,-729.301,-726.023,-722.229,-718.52,-716.058,-712.266,-708.297,-705.227,-701.149,-696.625,-692.045,-687.347,-682.777,-677.987,-673.017,-667.846,-662.628,-657.084,-651.218,-645.044,-638.648,-631.964,-624.988,-617.685,-610.03,-601.969,-593.282,-583.887,-573.859,-563.057,-551.389,-538.734,-524.93,-509.8,-492.978,-474.397,-454.077,-431.842,-407.716,-381.596,-353.54,-323.527,-291.683,-258.235,-223.764,-188.429,-152.624,-116.456,-80.5868,-45.3128,-10.8649,22.5566,54.6867,85.1043,113.91,140.565,165.239,188.082,209.091,228.433,246.056,262.114,276.699,289.991,301.847,312.712,322.661,331.765,340.053,347.682,354.775,361.4,367.55,373.328,378.761,383.869,388.695,393.297,397.674,401.849,405.87,409.697,413.387,416.967,420.385,423.666,426.834,429.901,432.858,435.771,438.543,441.247,443.853,446.384,448.844,451.228,453.536,455.783,457.963,460.081,462.145,464.131,466.063,467.958,469.787,471.556,473.273,474.943,476.558,478.126,479.642,481.134,482.585,483.994,485.365,486.686,487.942,489.157,490.338,491.479,492.604,493.723,494.797,495.832,496.815,497.744,498.643,499.497,500.302,501.092,501.946,502.791,503.553,504.285,504.956,505.572,506.105,506.603,507.06,507.667,508.112,508.432,508.748,510.048,
-742.682,-741.708,-740.687,-738.348,-734.757,-732.944,-729.204,-725.384,-721.148,-717.278,-713.459,-710.987,-707.018,-702.818,-699.548,-695.256,-690.55,-685.853,-681.006,-676.148,-671.204,-666.075,-660.745,-655.334,-649.506,-643.349,-636.907,-630.215,-623.186,-615.817,-608.11,-599.991,-591.39,-582.092,-572.009,-561.216,-549.542,-536.883,-523.117,-508.053,-491.512,-473.18,-453.122,-431.239,-407.341,-381.542,-353.735,-324.055,-292.601,-259.55,-225.208,-190.094,-154.325,-118.285,-82.225,-46.5881,-11.827,21.8283,54.1707,84.9674,113.886,141.063,165.834,188.552,209.439,228.558,246.066,261.967,276.408,289.515,301.454,312.127,321.931,330.932,339.198,346.752,353.741,360.282,366.434,372.168,377.585,382.706,387.547,392.139,396.531,400.723,404.73,408.596,412.288,415.852,419.318,422.641,425.831,428.912,431.899,434.78,437.596,440.303,442.971,445.511,447.977,450.372,452.695,454.948,457.133,459.259,461.325,463.332,465.276,467.172,469.019,470.823,472.552,474.23,475.863,477.441,478.981,480.46,481.928,483.341,484.714,486.049,487.345,488.575,489.762,490.914,492.021,493.119,494.206,495.248,496.271,497.236,498.145,499.007,499.823,500.611,501.388,502.237,503.032,503.78,504.491,505.12,505.687,506.189,506.676,507.319,507.808,508.129,508.448,508.748,510.048,
-738.869,-737.817,-736.638,-734.883,-730.762,-728.37,-724.26,-720.128,-716.17,-712.243,-708.214,-705.543,-701.439,-697.217,-693.821,-689.46,-684.648,-679.788,-674.803,-669.87,-664.748,-659.351,-653.735,-648.043,-641.961,-635.557,-628.821,-621.804,-614.432,-606.694,-598.58,-590.007,-580.912,-571.074,-560.389,-548.899,-536.436,-522.904,-508.177,-492.046,-474.341,-454.731,-433.201,-409.754,-384.249,-356.82,-327.448,-296.294,-263.482,-229.221,-193.835,-157.83,-121.455,-85.1874,-49.3007,-14.2483,19.5891,52.0058,82.8562,111.967,139.061,164.299,187.246,208.174,227.306,244.751,260.671,275.093,288.172,300.046,310.879,320.594,329.549,337.802,345.417,352.412,358.914,365.034,370.817,376.23,381.367,386.241,390.873,395.28,399.513,403.555,407.426,411.177,414.755,418.216,421.581,424.806,427.91,430.91,433.823,436.629,439.37,442.008,444.595,447.08,449.492,451.851,454.12,456.323,458.468,460.549,462.572,464.556,466.452,468.3,470.095,471.846,473.54,475.185,476.791,478.335,479.828,481.279,482.712,484.093,485.438,486.747,488,489.199,490.354,491.482,492.57,493.636,494.704,495.728,496.713,497.652,498.524,499.354,500.148,500.909,501.639,502.503,503.275,504.023,504.659,505.264,505.774,506.327,506.975,507.505,507.827,508.147,508.448,508.748,510.048,
-735.088,-733.87,-732.6,-730.268,-726.754,-724.007,-719.973,-715.883,-711.604,-707.515,-703.468,-700.752,-696.526,-692.11,-688.465,-683.938,-678.916,-673.857,-668.63,-663.406,-658.026,-652.401,-646.618,-640.733,-634.426,-627.77,-620.767,-613.463,-605.784,-597.715,-589.23,-580.243,-570.685,-560.314,-549.014,-536.815,-523.539,-509.078,-493.299,-475.969,-456.924,-435.889,-412.822,-387.775,-360.657,-331.633,-300.747,-268.195,-234.151,-198.893,-162.804,-126.555,-90.2988,-54.4506,-19.2447,14.8532,47.5363,78.6102,107.959,135.444,160.865,184.408,205.68,224.971,242.53,258.501,273.039,286.196,298.123,308.967,318.883,327.82,336.093,343.749,350.844,357.391,363.504,369.288,374.792,379.952,384.876,389.556,394.019,398.278,402.359,406.272,410.021,413.64,417.11,420.467,423.753,426.905,429.928,432.854,435.691,438.44,441.15,443.727,446.249,448.679,451.04,453.328,455.564,457.715,459.808,461.843,463.821,465.74,467.598,469.407,471.185,472.896,474.548,476.15,477.706,479.219,480.679,482.095,483.486,484.841,486.154,487.425,488.653,489.814,490.939,492.04,493.109,494.16,495.193,496.189,497.133,498.029,498.871,499.674,500.453,501.211,502.009,502.762,503.553,504.197,504.831,505.358,505.977,506.632,507.202,507.524,507.845,508.148,508.448,508.748,510.048,
-731.343,-730.071,-728.699,-726.484,-722.354,-719.966,-715.741,-711.437,-707.029,-702.845,-698.626,-695.693,-691.298,-686.763,-683.035,-678.345,-673.183,-667.96,-662.584,-657.222,-651.674,-645.871,-639.843,-633.709,-627.152,-620.229,-612.946,-605.342,-597.336,-588.902,-580.008,-570.561,-560.476,-549.502,-537.509,-524.524,-510.337,-494.844,-477.912,-459.284,-438.82,-416.306,-391.778,-365.263,-336.678,-306.251,-274.104,-240.466,-205.598,-169.797,-133.485,-97.2037,-61.1289,-25.7105,8.76325,41.8885,73.3665,103.024,130.8,156.618,180.346,202.184,221.866,239.643,255.773,270.426,283.75,295.809,306.751,316.73,325.885,334.178,341.892,349.067,355.747,361.946,367.755,373.275,378.529,383.482,388.205,392.717,397.03,401.144,405.104,408.901,412.551,416.096,419.485,422.765,425.941,429.012,431.966,434.824,437.607,440.281,442.876,445.401,447.886,450.253,452.557,454.808,456.977,459.085,461.126,463.115,465.044,466.919,468.737,470.512,472.234,473.923,475.532,477.094,478.613,480.084,481.551,482.916,484.274,485.588,486.859,488.087,489.279,490.414,491.525,492.603,493.637,494.663,495.667,496.621,497.549,498.411,499.24,500.07,500.85,501.581,502.272,503.074,503.739,504.393,504.941,505.627,506.288,506.898,507.222,507.541,507.848,508.148,508.448,508.748,510.048,
-727.617,-726.205,-724.699,-722.37,-718.434,-715.452,-711.164,-706.844,-702.484,-698.151,-693.839,-690.813,-686.318,-681.637,-677.7,-672.863,-667.538,-662.159,-656.608,-651.047,-645.304,-639.297,-633.072,-626.718,-619.92,-612.743,-605.187,-597.281,-588.94,-580.131,-570.817,-560.885,-550.244,-538.637,-525.914,-512.105,-496.973,-480.422,-462.329,-442.424,-420.597,-396.672,-370.661,-342.655,-312.635,-280.892,-247.594,-213.023,-177.438,-141.178,-104.659,-68.4956,-32.8462,1.81194,35.233,67.0747,97.1014,125.2,151.355,175.529,197.634,217.895,236.113,252.525,267.387,280.89,293.175,304.306,314.429,323.686,332.213,339.978,347.234,354.002,360.326,366.219,371.762,377.047,382.102,386.87,391.433,395.793,399.983,403.982,407.827,411.521,415.065,418.496,421.783,424.979,428.113,431.09,433.962,436.746,439.452,442.079,444.759,447.209,449.588,451.895,454.136,456.313,458.414,460.473,462.496,464.453,466.347,468.232,469.991,471.696,473.348,474.96,476.535,478.073,479.578,481.024,482.416,483.763,485.129,486.376,487.602,488.818,489.989,491.123,492.203,493.225,494.207,495.171,496.133,497.06,498.013,498.9,499.734,500.517,501.249,501.944,502.618,503.278,503.955,504.523,505.276,505.944,506.594,506.919,507.238,507.548,507.848,508.148,508.448,508.748,510.048,
-723.93,-722.427,-720.845,-718.264,-714.155,-711.459,-707.084,-702.617,-697.975,-693.556,-689.108,-685.907,-681.254,-676.434,-672.375,-667.388,-661.918,-656.379,-650.665,-644.94,-639.019,-632.815,-626.374,-619.793,-612.761,-605.335,-597.505,-589.294,-580.616,-571.427,-561.68,-551.244,-540.024,-527.748,-514.245,-499.546,-483.39,-465.699,-446.36,-425.055,-401.742,-376.324,-348.804,-319.337,-287.976,-255.025,-220.726,-185.384,-149.326,-112.908,-76.5952,-40.922,-6.07384,27.5883,59.8403,90.3634,118.963,145.541,170.121,192.707,213.28,232.066,248.946,264.12,277.854,290.336,301.709,312.032,321.436,330.073,338.06,345.373,352.225,358.638,364.664,370.299,375.616,380.704,385.581,390.188,394.609,398.836,402.886,406.767,410.557,414.172,417.632,421.049,424.277,427.406,430.427,433.341,436.161,438.877,441.509,444.051,446.514,448.937,451.38,453.63,455.817,457.926,459.979,461.984,463.928,465.815,467.671,469.459,471.189,472.863,474.532,476.112,477.647,479.139,480.585,481.974,483.309,484.622,485.901,487.161,488.393,489.614,490.752,491.836,492.861,493.845,494.789,495.695,496.67,497.612,498.513,499.397,500.185,500.921,501.617,502.252,502.842,503.511,504.104,504.923,505.599,506.273,506.617,506.936,507.248,507.548,507.848,508.148,508.448,508.748,510.048,
-720.266,-718.673,-716.962,-714.487,-710.193,-707.168,-702.647,-698.079,-693.476,-688.933,-684.371,-681.052,-676.294,-671.349,-667.134,-662.003,-656.383,-650.687,-644.805,-638.895,-632.78,-626.38,-619.745,-612.952,-605.69,-598.011,-589.905,-581.381,-572.352,-562.759,-552.546,-541.556,-529.692,-516.663,-502.282,-486.585,-469.271,-450.288,-429.549,-406.806,-381.995,-355.07,-326.101,-295.272,-262.617,-228.538,-193.402,-157.515,-121.231,-84.9003,-48.9733,-13.98,20.0266,52.6154,83.5677,112.621,139.667,164.615,187.558,208.552,227.635,245.021,260.666,274.714,287.421,298.994,309.543,319.142,327.914,336.02,343.534,350.456,356.972,363.102,368.874,374.287,379.403,384.311,389.098,393.57,397.914,402.043,406.002,409.826,413.473,416.962,420.314,423.548,426.654,429.685,432.736,435.569,438.3,440.945,443.504,445.977,448.372,450.693,452.994,455.216,457.363,459.498,461.51,463.461,465.342,467.169,468.945,470.681,472.367,474.028,475.629,477.229,478.726,480.177,481.57,482.909,484.208,485.468,486.724,487.963,489.161,490.312,491.468,492.497,493.486,494.433,495.341,496.279,497.221,498.129,498.971,499.778,500.518,501.217,501.885,502.489,503.076,503.684,504.57,505.253,505.91,506.314,506.633,506.948,507.248,507.548,507.848,508.148,508.448,508.748,510.048,
-716.631,-714.913,-713.112,-710.361,-706.156,-703.069,-698.509,-693.862,-689.056,-684.408,-679.732,-676.275,-671.378,-666.295,-661.941,-656.665,-650.901,-645.054,-639.016,-632.944,-626.657,-620.075,-613.231,-606.214,-598.711,-590.768,-582.37,-573.511,-564.102,-554.062,-543.328,-531.714,-519.122,-505.237,-489.844,-473.011,-454.467,-434.166,-412.041,-387.645,-361.147,-332.64,-302.152,-269.929,-236.169,-201.29,-165.57,-129.405,-93.1187,-57.1098,-21.7787,12.385,45.2946,76.5474,105.974,133.481,158.902,182.262,203.669,223.192,240.869,256.953,271.419,284.426,296.204,306.962,316.813,325.802,334.061,341.698,348.822,355.402,361.665,367.617,373.213,378.468,383.427,388.195,392.743,397.083,401.223,405.238,409.087,412.756,416.265,419.643,422.904,426.036,429.088,432.003,434.855,437.721,440.38,442.952,445.436,447.842,450.176,452.442,454.643,456.8,458.904,460.945,462.992,464.881,466.715,468.498,470.223,471.899,473.531,475.141,476.71,478.236,479.706,481.114,482.51,483.813,485.078,486.311,487.529,488.732,489.891,490.991,492.041,493.047,494.011,494.99,495.894,496.838,497.761,498.605,499.422,500.167,500.884,501.55,502.163,502.746,503.293,504.202,504.907,505.547,506.011,506.331,506.648,506.948,507.248,507.548,507.848,508.148,508.448,508.748,510.048,
-713.028,-711.235,-709.331,-706.58,-702.112,-698.995,-694.288,-689.509,-684.651,-679.892,-675.098,-671.511,-666.5,-661.299,-656.802,-651.391,-645.487,-639.491,-633.296,-627.055,-620.588,-613.813,-606.767,-599.527,-591.777,-583.561,-574.853,-565.629,-555.798,-545.26,-533.938,-521.598,-508.158,-493.301,-476.832,-458.798,-438.794,-416.867,-393.017,-367.037,-339.016,-309.045,-277.235,-243.883,-208.902,-172.942,-136.692,-100.354,-64.3686,-28.9637,5.30774,38.219,69.6036,99.3087,127.266,153.177,177.041,198.849,218.741,236.822,253.179,268.057,281.486,293.561,304.525,314.568,323.838,332.368,340.226,347.449,354.265,360.561,366.577,372.231,377.548,382.56,387.316,391.894,396.281,400.452,404.432,408.265,412.038,415.569,418.966,422.244,425.393,428.472,431.409,434.278,437.02,439.676,442.262,444.794,447.311,449.656,451.932,454.142,456.282,458.357,460.393,462.384,464.313,466.183,467.992,469.782,471.463,473.087,474.688,476.24,477.758,479.237,480.654,482.023,483.351,484.688,485.925,487.147,488.341,489.494,490.602,491.654,492.656,493.617,494.545,495.502,496.492,497.418,498.267,499.087,499.834,500.554,501.225,501.85,502.423,502.979,503.557,504.56,505.204,505.707,506.028,506.347,506.648,506.948,507.248,507.548,507.848,508.148,508.448,508.748,510.048,
-709.448,-707.542,-705.529,-702.661,-698.217,-694.877,-690.114,-685.273,-680.304,-675.439,-670.541,-666.829,-661.694,-656.363,-651.723,-646.174,-640.129,-633.984,-627.633,-621.226,-614.581,-607.617,-600.36,-592.885,-584.875,-576.363,-567.315,-557.682,-547.375,-536.243,-524.217,-511.064,-496.686,-480.721,-462.879,-443.335,-421.778,-398.262,-372.813,-344.462,-314.16,-282.255,-248.646,-213.707,-177.825,-141.603,-105.245,-69.2035,-33.7092,0.774445,33.9167,65.1915,95.1352,123.19,149.316,173.394,195.502,215.518,233.692,250.22,265.267,278.986,291.543,302.792,313.022,322.426,331.06,339.006,346.295,353.143,359.598,365.6,371.253,376.578,381.667,386.461,391.021,395.441,399.655,403.673,407.543,411.25,414.79,418.189,421.467,424.75,427.847,430.799,433.68,436.442,439.118,441.71,444.211,446.642,449.029,451.421,453.641,455.791,457.873,459.903,461.878,463.789,465.656,467.479,469.241,470.944,472.657,474.263,475.82,477.333,478.805,480.228,481.585,482.901,484.192,485.46,486.716,487.964,489.121,490.232,491.288,492.293,493.258,494.183,495.108,496.076,496.999,497.87,498.692,499.506,500.227,500.899,501.533,502.099,502.664,503.138,504.21,504.861,505.404,505.726,506.047,506.348,506.648,506.948,507.248,507.548,507.848,508.148,508.448,508.748,510.048,
-705.9,-703.902,-701.803,-698.801,-694.231,-690.908,-686.033,-681.069,-675.988,-671.021,-666.007,-662.166,-656.914,-651.464,-646.691,-641.008,-634.827,-628.537,-622.032,-615.457,-608.628,-601.466,-593.991,-586.268,-577.974,-569.13,-559.695,-549.566,-538.673,-526.882,-514.075,-499.917,-484.35,-467.036,-447.765,-426.651,-402.725,-376.604,-348.496,-318.504,-286.729,-253.354,-218.583,-182.785,-146.567,-110.146,-74.0427,-38.4618,-3.85414,29.4403,61.2282,91.3792,119.739,146.075,170.208,192.557,212.797,231.186,247.916,263.137,276.957,289.571,301.048,311.441,320.893,329.708,337.764,345.148,351.987,358.534,364.598,370.301,375.672,380.737,385.599,390.2,394.599,398.847,402.895,406.791,410.53,414.101,417.529,420.825,423.998,427.07,430.188,433.081,435.857,438.547,441.152,443.67,446.102,448.462,450.757,453.031,455.21,457.388,459.425,461.408,463.325,465.18,466.982,468.731,470.44,472.115,473.748,475.329,476.868,478.395,479.822,481.183,482.501,483.783,485.022,486.281,487.498,488.679,489.804,490.87,491.932,492.901,493.829,494.735,495.685,496.61,497.487,498.312,499.085,499.806,500.572,501.21,501.776,502.348,502.832,503.86,504.517,505.101,505.423,505.743,506.048,506.348,506.648,506.948,507.248,507.548,507.848,508.148,508.448,508.748,510.048,
-702.378,-700.291,-698.082,-695.049,-690.376,-686.87,-681.909,-676.869,-671.715,-666.643,-661.528,-657.566,-652.199,-646.626,-641.714,-635.896,-629.578,-623.142,-616.481,-609.736,-602.72,-595.353,-587.638,-579.638,-571.013,-561.77,-551.858,-541.173,-529.634,-516.999,-503.179,-487.844,-470.963,-451.928,-430.055,-406.267,-380.386,-352.503,-322.727,-291.174,-258.022,-223.487,-187.893,-151.741,-115.441,-79.013,-43.29,-8.49526,24.9598,56.9237,87.2772,115.86,142.429,167.137,189.601,210.024,228.673,245.612,261.023,275.015,287.706,299.334,309.861,319.431,328.242,336.357,343.953,350.868,357.4,363.55,369.328,374.761,379.869,384.708,389.383,393.82,398.073,402.117,406.039,409.802,413.394,416.841,420.164,423.363,426.462,429.448,432.333,435.125,437.829,440.595,443.124,445.567,447.938,450.239,452.474,454.643,456.77,458.848,460.86,462.805,464.723,466.532,468.287,469.988,471.637,473.255,474.845,476.393,477.894,479.334,480.782,482.104,483.391,484.634,485.858,487.071,488.253,489.386,490.457,491.486,492.472,493.476,494.383,495.308,496.242,497.127,497.958,498.739,499.471,500.163,500.861,501.441,502.032,502.526,503.51,504.173,504.797,505.121,505.44,505.748,506.048,506.348,506.648,506.948,507.248,507.548,507.848,508.148,508.448,508.748,510.048,
-698.883,-696.692,-694.394,-691.207,-686.501,-682.935,-677.893,-672.755,-667.482,-662.311,-657.087,-652.999,-647.516,-641.826,-636.779,-630.828,-624.375,-617.791,-610.97,-604.048,-596.828,-589.233,-581.24,-572.909,-563.897,-554.197,-543.746,-532.352,-519.961,-506.328,-491.332,-474.017,-454.822,-433.452,-409.935,-384.135,-356.497,-326.947,-295.597,-262.62,-228.228,-192.736,-156.637,-120.338,-84.1676,-48.4584,-13.3484,20.3343,52.5447,83.1643,111.977,138.777,163.723,186.532,207.341,226.193,243.334,258.865,273.07,285.909,297.615,308.281,317.968,326.885,335.094,342.642,349.671,356.285,362.463,368.318,373.806,378.97,383.846,388.501,392.989,397.286,401.354,405.257,409.029,412.63,416.154,419.495,422.711,425.828,428.839,431.744,434.555,437.256,439.874,442.427,445.03,447.413,449.724,451.968,454.148,456.252,458.299,460.312,462.271,464.173,466.018,467.843,469.549,471.203,472.817,474.394,475.925,477.419,478.868,480.262,481.613,482.92,484.246,485.475,486.692,487.864,488.999,490.081,491.104,492.086,493.027,493.941,494.93,495.874,496.787,497.621,498.406,499.14,499.835,500.496,501.076,501.677,502.195,503.158,503.829,504.493,504.818,505.137,505.448,505.748,506.048,506.348,506.648,506.948,507.248,507.548,507.848,508.148,508.448,508.748,510.048,
-695.417,-693.144,-690.749,-687.509,-682.666,-679.004,-673.862,-668.633,-663.284,-658.013,-652.688,-648.48,-642.884,-637.075,-631.888,-625.802,-619.209,-612.472,-605.481,-598.366,-590.91,-583.046,-574.741,-566.036,-556.552,-546.282,-535.126,-522.851,-509.443,-493.927,-476.645,-457.641,-436.673,-413.381,-388.105,-360.757,-331.448,-300.023,-267.237,-232.99,-197.583,-161.533,-125.24,-89.0312,-53.2495,-18.2385,15.5991,48.0044,78.8176,107.967,135.066,160.299,183.474,204.511,223.582,240.932,256.707,271.093,284.172,296.046,306.657,316.477,325.525,333.83,341.46,348.511,355.194,361.432,367.268,372.765,378.056,382.974,387.656,392.132,396.463,400.571,404.512,408.319,411.942,415.409,418.747,422.06,425.194,428.221,431.14,433.963,436.685,439.321,441.872,444.333,446.737,449.09,451.461,453.652,455.764,457.819,459.826,461.773,463.649,465.495,467.286,469.022,470.7,472.351,473.971,475.507,477.001,478.449,479.839,481.175,482.472,483.753,485.016,486.25,487.444,488.628,489.713,490.74,491.726,492.67,493.577,494.54,495.481,496.386,497.226,498.028,498.812,499.508,500.13,500.724,501.317,501.847,502.806,503.483,504.152,504.516,504.835,505.148,505.448,505.748,506.048,506.348,506.648,506.948,507.248,507.548,507.848,508.148,508.448,508.748,510.048,
-691.976,-689.605,-687.114,-683.77,-678.885,-675.103,-669.891,-664.579,-659.128,-653.759,-648.331,-643.997,-638.287,-632.358,-627.028,-620.801,-614.065,-607.161,-599.977,-592.634,-584.917,-576.754,-568.07,-558.884,-548.806,-537.79,-525.674,-511.664,-496.098,-479.271,-460.451,-439.796,-416.822,-391.775,-364.657,-335.633,-304.747,-272.173,-238.097,-202.873,-166.518,-130.2,-93.9064,-58.0444,-22.9301,11.046,43.6164,74.6201,103.912,131.299,156.865,180.408,201.68,220.971,238.53,254.501,269.039,282.23,294.262,305.237,315.097,324.097,332.524,340.258,347.382,354.073,360.398,366.291,371.835,377.06,382.008,386.775,391.301,395.639,399.779,403.747,407.58,411.233,414.73,418.095,421.337,424.449,427.486,430.392,433.372,436.107,438.757,441.32,443.797,446.195,448.522,450.796,453.027,455.178,457.27,459.352,461.305,463.189,465.018,466.796,468.517,470.199,471.863,473.468,475.029,476.548,478.041,479.436,480.776,482.076,483.338,484.578,485.818,487.018,488.172,489.269,490.376,491.367,492.315,493.224,494.148,495.091,496,496.844,497.653,498.392,499.104,499.767,500.371,500.962,501.502,502.453,503.138,503.789,504.213,504.533,504.848,505.148,505.448,505.748,506.048,506.348,506.648,506.948,507.248,507.548,507.848,508.148,508.448,508.748,510.048,
-688.564,-686.105,-683.525,-680.083,-675.101,-671.252,-665.948,-660.542,-655.004,-649.538,-644.008,-639.548,-633.723,-627.673,-622.181,-615.8,-608.905,-601.813,-594.417,-586.826,-578.797,-570.261,-561.047,-551.23,-540.144,-527.672,-513.81,-498.486,-481.637,-463.161,-442.82,-420.237,-395.432,-368.552,-339.751,-309.075,-276.715,-242.833,-207.699,-171.687,-135.421,-98.9616,-62.9776,-27.7002,6.47969,39.2241,70.4164,99.9213,127.536,153.214,176.84,198.408,218.308,236.122,252.295,267.016,280.34,292.477,303.595,313.579,322.774,331.239,339.038,346.247,352.93,359.297,365.271,370.886,376.17,381.143,385.903,390.466,394.816,398.966,402.929,406.841,410.516,414.033,417.418,420.684,423.821,426.887,429.808,432.663,435.395,438.071,440.768,443.256,445.665,448.003,450.272,452.476,454.61,456.716,458.764,460.745,462.728,464.564,466.349,468.076,469.753,471.374,472.978,474.548,476.077,477.551,478.962,480.377,481.682,482.948,484.182,485.401,486.593,487.75,488.852,489.904,490.912,491.877,492.811,493.777,494.723,495.647,496.492,497.311,498.056,498.774,499.442,500.059,500.638,501.188,501.987,502.791,503.433,503.91,504.23,504.548,504.848,505.148,505.448,505.748,506.048,506.348,506.648,506.948,507.248,507.548,507.848,508.148,508.448,508.748,510.048,
-685.177,-682.632,-679.955,-676.438,-671.377,-667.405,-662.028,-656.543,-650.915,-645.352,-639.719,-635.126,-629.177,-622.993,-617.32,-610.77,-603.699,-596.398,-588.757,-580.869,-572.378,-563.308,-553.079,-541.953,-529.665,-515.931,-500.867,-484.184,-465.89,-445.733,-423.269,-398.795,-372.419,-343.86,-313.401,-281.233,-247.512,-212.502,-176.57,-140.329,-103.983,-67.9791,-32.5454,1.85607,34.6891,66.1387,95.9184,123.768,149.68,173.544,195.465,215.332,233.363,249.756,264.739,278.479,290.715,301.947,312.061,321.369,329.932,337.819,345.056,351.891,358.303,364.267,369.902,375.236,380.263,385.031,389.603,394.001,398.193,402.183,406.025,409.715,413.336,416.74,420.024,423.179,426.263,429.206,432.079,434.831,437.493,440.071,442.589,445.134,447.482,449.761,451.975,454.118,456.195,458.221,460.201,462.133,464.01,465.823,467.576,469.317,470.944,472.547,474.1,475.61,477.08,478.499,479.87,481.202,482.488,483.751,485.02,486.215,487.37,488.479,489.532,490.535,491.497,492.42,493.371,494.336,495.257,496.155,496.975,497.725,498.445,499.116,499.745,500.315,500.874,501.345,502.444,503.09,503.606,503.928,504.247,504.548,504.848,505.148,505.448,505.748,506.048,506.348,506.648,506.948,507.248,507.548,507.848,508.148,508.448,508.748,510.048,
-681.817,-679.179,-676.412,-672.784,-667.661,-663.594,-658.148,-652.574,-646.852,-641.191,-635.454,-630.704,-624.621,-618.293,-612.421,-605.679,-598.407,-590.842,-582.834,-574.472,-565.018,-554.835,-543.792,-531.748,-518.043,-503.18,-486.723,-468.611,-448.715,-426.601,-402.355,-376.082,-347.822,-317.619,-285.67,-252.218,-217.331,-181.458,-145.239,-108.876,-72.8169,-37.2937,-2.76682,30.4256,62.0933,92.1101,119.878,146.09,170.334,192.52,212.611,230.856,247.452,262.548,276.31,288.813,300.229,310.535,319.934,328.621,336.599,343.914,350.768,357.245,363.266,368.936,374.276,379.369,384.176,388.747,393.16,397.385,401.414,405.293,409.016,412.564,415.97,419.253,422.415,425.638,428.595,431.48,434.247,436.928,439.524,442.034,444.455,446.831,449.151,451.412,453.627,455.711,457.743,459.722,461.634,463.485,465.304,467.069,468.779,470.445,472.07,473.68,475.195,476.669,478.092,479.451,480.765,482.044,483.313,484.572,485.784,486.997,488.109,489.166,490.173,491.139,492.064,492.977,493.946,494.869,495.742,496.565,497.396,498.118,498.79,499.425,499.992,500.559,501.036,502.094,502.746,503.303,503.625,503.946,504.248,504.548,504.848,505.148,505.448,505.748,506.048,506.348,506.648,506.948,507.248,507.548,507.848,508.148,508.448,508.748,510.048,
-678.483,-675.763,-672.899,-669.187,-663.975,-659.777,-654.266,-648.622,-642.812,-637.045,-631.195,-626.258,-620.033,-613.55,-607.388,-600.379,-592.843,-584.8,-575.993,-566.559,-556.448,-545.556,-533.689,-520.307,-505.602,-489.366,-471.33,-451.625,-429.928,-405.91,-379.865,-351.831,-321.912,-290.226,-256.948,-222.324,-186.456,-150.25,-113.832,-77.6654,-42.045,-7.39759,25.9465,57.7933,88.0133,116.447,142.86,167.103,189.568,209.89,228.35,245.148,260.433,274.308,286.949,298.476,308.915,318.406,327.146,335.339,342.75,349.615,356.157,362.26,367.984,373.369,378.448,383.303,387.95,392.364,396.577,400.636,404.54,408.287,411.866,415.3,418.61,421.79,424.868,427.842,430.72,433.662,436.356,438.966,441.488,443.924,446.288,448.582,450.835,453.022,455.144,457.266,459.251,461.17,463.028,464.832,466.583,468.281,469.948,471.584,473.17,474.711,476.258,477.686,479.05,480.369,481.652,482.893,484.136,485.355,486.537,487.665,488.732,489.758,490.782,491.711,492.618,493.555,494.48,495.359,496.186,496.961,497.692,498.381,499.102,499.668,500.243,500.73,501.744,502.403,502.999,503.323,503.642,503.948,504.248,504.548,504.848,505.148,505.448,505.748,506.048,506.348,506.648,506.948,507.248,507.548,507.848,508.148,508.448,508.748,510.048,
-675.174,-672.362,-669.401,-665.553,-660.284,-655.964,-650.406,-644.679,-638.766,-632.88,-626.905,-621.772,-615.355,-608.651,-601.763,-594.194,-586.18,-577.423,-568.102,-558.062,-547.318,-535.556,-522.364,-507.908,-491.833,-474.261,-454.932,-433.108,-409.441,-383.638,-355.838,-326.134,-294.648,-261.554,-227.067,-191.508,-155.373,-119.074,-82.9277,-46.9408,-12.1067,21.4556,53.4893,83.9095,112.566,139.212,164,186.57,207.228,225.9,242.838,258.319,272.369,285.096,296.763,307.335,316.943,325.79,333.937,341.429,348.444,355.021,361.193,366.992,372.443,377.577,382.417,387.097,391.548,395.812,399.859,403.789,407.559,411.159,414.612,417.941,421.145,424.251,427.25,430.139,432.935,435.628,438.409,440.941,443.388,445.763,448.067,450.305,452.478,454.581,456.661,458.68,460.629,462.519,464.382,466.139,467.842,469.492,471.102,472.682,474.233,475.736,477.18,478.568,479.912,481.26,482.505,483.73,484.945,486.115,487.247,488.326,489.35,490.337,491.282,492.206,493.192,494.128,495.013,495.846,496.628,497.36,498.054,498.739,499.319,499.915,500.424,501.393,502.059,502.695,503.02,503.339,503.648,503.948,504.248,504.548,504.848,505.148,505.448,505.748,506.048,506.348,506.648,506.948,507.248,507.548,507.848,508.148,508.448,508.748,510.048,
-671.891,-668.989,-665.905,-661.938,-656.601,-651.918,-646.508,-640.699,-634.683,-628.687,-622.581,-617.063,-610.206,-603.001,-595.468,-587.467,-578.823,-569.529,-559.618,-549.021,-537.415,-524.416,-510.128,-494.292,-476.895,-457.763,-436.527,-413.084,-387.655,-360.13,-330.351,-299.073,-266.154,-231.808,-196.35,-160.269,-123.972,-87.7874,-52.0552,-17.1155,16.6316,49.0452,79.7342,108.674,135.56,160.584,183.513,204.398,223.323,240.533,256.206,270.389,283.31,295.012,305.75,315.481,324.433,332.673,340.248,347.284,353.921,360.119,365.981,371.486,376.665,381.556,386.214,390.704,395.012,399.099,403.013,406.793,410.401,413.854,417.272,420.494,423.617,426.633,429.543,432.358,435.07,437.692,440.23,442.717,445.136,447.552,449.799,451.983,454.089,456.139,458.142,460.089,461.994,463.847,465.628,467.355,469.059,470.674,472.253,473.786,475.276,476.721,478.108,479.461,480.772,482.047,483.347,484.565,485.739,486.875,487.958,488.982,489.966,490.908,491.812,492.801,493.743,494.674,495.509,496.295,497.03,497.726,498.374,498.959,499.558,500.079,501.041,501.714,502.391,502.717,503.037,503.348,503.648,503.948,504.248,504.548,504.848,505.148,505.448,505.748,506.048,506.348,506.648,506.948,507.248,507.548,507.848,508.148,508.448,508.748,510.048,
-668.629,-665.637,-662.412,-658.201,-652.871,-647.586,-642.347,-636.682,-630.557,-624.383,-618.086,-611.376,-604.239,-596.741,-588.824,-580.23,-571.04,-561.195,-550.625,-539.12,-526.34,-512.306,-496.745,-479.52,-460.578,-439.746,-416.528,-391.328,-364.058,-334.87,-303.789,-270.778,-236.587,-201.227,-165.172,-128.874,-92.6531,-56.8478,-21.8023,12.0829,44.5424,75.4184,104.597,131.881,157.115,180.454,201.567,220.711,238.131,253.971,268.388,281.525,293.451,304.332,313.964,323.05,331.406,339.066,346.125,352.83,359.088,364.943,370.455,375.652,380.614,385.377,389.845,394.189,398.307,402.257,406.073,409.712,413.186,416.53,419.759,422.86,426.015,428.938,431.766,434.492,437.133,439.688,442.157,444.545,446.894,449.187,451.487,453.601,455.658,457.668,459.617,461.496,463.32,465.112,466.852,468.535,470.19,471.83,473.368,474.863,476.313,477.705,479.042,480.34,481.605,482.87,484.107,485.302,486.452,487.591,488.619,489.606,490.551,491.459,492.409,493.351,494.257,495.099,495.903,496.703,497.399,498.007,498.607,499.196,499.73,500.688,501.368,502.031,502.415,502.734,503.048,503.348,503.648,503.948,504.248,504.548,504.848,505.148,505.448,505.748,506.048,506.348,506.648,506.948,507.248,507.548,507.848,508.148,508.448,508.748,510.048,
-665.387,-662.273,-658.9,-653.824,-648.533,-643.289,-638.049,-632.345,-626.032,-619.351,-612.581,-605.441,-597.997,-590.162,-581.635,-572.551,-562.773,-552.322,-540.935,-528.342,-514.393,-498.897,-482.154,-463.39,-442.799,-419.967,-394.998,-367.956,-339.006,-308.19,-275.703,-241.712,-206.495,-170.432,-133.884,-97.5864,-61.6531,-26.4939,7.5276,40.1523,71.2189,100.583,128.045,153.566,177.035,198.729,218.1,235.73,251.765,266.365,279.583,291.667,302.689,312.591,321.712,330.11,337.847,344.997,351.683,358.032,363.962,369.526,374.764,379.711,384.485,389.021,393.364,397.515,401.492,405.334,408.995,412.497,415.869,419.124,422.243,425.287,428.197,431.174,433.914,436.569,439.136,441.617,444.018,446.349,448.612,450.833,452.991,455.088,457.125,459.149,461.035,462.866,464.647,466.37,468.044,469.697,471.305,472.871,474.392,475.905,477.301,478.643,479.945,481.208,482.44,483.674,484.875,486.031,487.13,488.178,489.182,490.197,491.107,492.018,492.961,493.875,494.717,495.533,496.279,496.994,497.659,498.267,498.854,499.398,500.335,501.022,501.667,502.112,502.432,502.748,503.048,503.348,503.648,503.948,504.248,504.548,504.848,505.148,505.448,505.748,506.048,506.348,506.648,506.948,507.248,507.548,507.848,508.148,508.448,508.748,510.048,
-662.166,-658.913,-654.778,-649.481,-644.232,-639.02,-633.347,-627.142,-620.481,-613.736,-606.688,-599.246,-591.544,-583.124,-574.03,-564.351,-553.977,-542.747,-530.338,-516.517,-501.281,-484.486,-466.071,-445.654,-423.043,-398.645,-371.843,-343.123,-312.517,-280.221,-246.393,-211.3,-175.315,-139.056,-102.725,-66.7581,-31.3307,2.89358,35.7492,67.0152,96.5903,124.28,150.036,173.743,195.427,215.146,233.28,249.554,264.342,277.722,289.882,301.048,311.074,320.306,328.803,336.632,343.848,350.565,356.929,362.925,368.559,373.859,378.858,383.598,388.186,392.549,396.709,400.68,404.506,408.277,411.801,415.192,418.464,421.607,424.68,427.611,430.471,433.208,435.86,438.584,441.075,443.488,445.829,448.102,450.309,452.446,454.527,456.578,458.567,460.488,462.354,464.2,465.929,467.608,469.231,470.83,472.386,473.918,475.394,476.809,478.173,479.5,480.818,482.054,483.274,484.467,485.619,486.725,487.776,488.777,489.743,490.678,491.659,492.607,493.533,494.38,495.199,495.944,496.664,497.333,497.954,498.53,499.083,499.772,500.676,501.319,501.808,502.129,502.447,502.748,503.048,503.348,503.648,503.948,504.248,504.548,504.848,505.148,505.448,505.748,506.048,506.348,506.648,506.948,507.248,507.548,507.848,508.148,508.448,508.748,510.048,
-658.922,-655.536,-650.557,-645.381,-640.152,-634.35,-628.249,-621.611,-614.892,-607.905,-600.5,-592.854,-584.502,-575.561,-565.99,-555.753,-544.554,-532.328,-518.635,-503.658,-487.031,-468.799,-448.77,-426.381,-401.983,-375.556,-347.223,-316.843,-284.744,-251.074,-216.103,-180.198,-143.967,-107.614,-71.5901,-36.1271,-1.68475,31.1407,62.6742,92.5266,120.503,146.502,170.454,192.483,212.425,230.528,246.988,262.003,275.662,288.142,299.37,309.551,318.899,327.497,335.413,342.676,349.517,355.95,361.933,367.574,372.924,377.965,382.746,387.31,391.721,395.924,399.933,403.785,407.482,411.016,414.409,417.804,420.964,424.055,427.002,429.879,432.636,435.308,437.891,440.388,442.844,445.226,447.591,449.808,451.954,454.034,456.062,458.035,459.953,461.833,463.653,465.409,467.172,468.8,470.405,471.96,473.472,474.942,476.363,477.718,479.052,480.341,481.606,482.86,484.09,485.245,486.356,487.41,488.414,489.377,490.301,491.239,492.206,493.128,494.043,494.863,495.615,496.336,497.008,497.64,498.207,498.769,499.242,500.327,500.975,501.505,501.827,502.147,502.448,502.748,503.048,503.348,503.648,503.948,504.248,504.548,504.848,505.148,505.448,505.748,506.048,506.348,506.648,506.948,507.248,507.548,507.848,508.148,508.448,508.748,510.048,
-655.668,-651.497,-646.315,-641.15,-635.519,-629.349,-622.741,-616.048,-609.09,-601.754,-594.145,-585.88,-577.04,-567.532,-557.372,-546.38,-534.395,-520.748,-505.931,-489.57,-471.517,-451.685,-429.711,-405.54,-379.343,-351.16,-321.077,-289.2,-255.76,-220.955,-185.121,-148.883,-112.506,-76.4299,-40.8781,-6.31049,26.934,58.661,88.7446,116.609,142.944,167.275,189.539,209.704,228.021,244.683,259.842,273.633,286.192,297.619,307.968,317.442,326.164,334.189,341.532,348.389,354.891,360.932,366.619,371.974,377.026,381.895,386.473,390.88,395.116,399.154,403.042,406.773,410.337,413.75,417.039,420.207,423.429,426.392,429.281,432.052,434.737,437.338,439.852,442.281,444.634,446.956,449.222,451.397,453.55,455.584,457.565,459.479,461.332,463.132,464.897,466.609,468.282,469.91,471.539,473.056,474.532,475.957,477.317,478.633,479.914,481.166,482.427,483.642,484.82,485.986,487.044,488.053,489.02,489.946,490.852,491.815,492.74,493.614,494.439,495.211,495.931,496.681,497.317,497.884,498.453,498.934,499.977,500.632,501.202,501.524,501.845,502.148,502.448,502.748,503.048,503.348,503.648,503.948,504.248,504.548,504.848,505.148,505.448,505.748,506.048,506.348,506.648,506.948,507.248,507.548,507.848,508.148,508.448,508.748,510.048,
-652.403,-647.25,-642.101,-636.512,-630.449,-623.882,-617.158,-610.251,-602.937,-595.397,-587.26,-578.47,-569.073,-558.986,-548.144,-536.314,-522.994,-508.371,-492.191,-474.245,-454.597,-433.015,-409.093,-383.126,-355.167,-325.319,-293.7,-260.489,-225.906,-190.278,-154.109,-117.517,-81.3392,-45.6392,-10.9409,22.453,54.3583,84.6452,113.154,139.645,164.273,186.659,206.976,225.515,242.38,257.728,271.662,284.328,295.905,306.388,315.918,324.694,332.912,340.353,347.242,353.779,359.905,365.663,371.067,376.158,381.007,385.666,390.092,394.335,398.377,402.29,406.045,409.63,413.071,416.387,419.58,422.665,425.645,428.526,431.467,434.166,436.781,439.306,441.745,444.113,446.41,448.642,450.83,452.96,455.03,457.093,459.015,460.875,462.682,464.435,466.134,467.781,469.419,471.007,472.554,474.05,475.488,476.916,478.236,479.521,480.764,481.991,483.211,484.395,485.525,486.595,487.622,488.663,489.593,490.5,491.425,492.357,493.24,494.07,494.85,495.581,496.272,496.983,497.56,498.137,498.628,499.627,500.288,500.898,501.222,501.541,501.848,502.148,502.448,502.748,503.048,503.348,503.648,503.948,504.248,504.548,504.848,505.148,505.448,505.748,506.048,506.348,506.648,506.948,507.248,507.548,507.848,508.148,508.448,508.748,510.048,
-648.184,-643.032,-637.504,-631.545,-625,-618.301,-611.426,-604.176,-596.619,-588.564,-579.855,-570.616,-560.599,-549.892,-538.176,-525.049,-510.67,-494.654,-477.139,-457.88,-436.376,-412.785,-386.89,-359.168,-329.542,-298.122,-265.087,-230.648,-195.122,-159.004,-122.706,-86.5477,-50.6102,-15.718,17.8949,50.0442,80.542,109.271,135.994,160.861,183.551,204.285,223.064,240.103,255.608,269.723,282.502,294.191,304.808,314.456,323.337,331.515,339.036,346.057,352.641,358.837,364.655,370.125,375.273,380.137,384.799,389.274,393.55,397.606,401.502,405.316,408.923,412.383,415.718,418.928,422.039,425.044,427.945,430.746,433.442,436.061,438.635,441.209,443.588,445.895,448.136,450.313,452.414,454.473,456.496,458.453,460.347,462.232,463.991,465.696,467.348,468.96,470.535,472.073,473.578,475.024,476.416,477.763,479.068,480.376,481.602,482.818,483.989,485.123,486.203,487.225,488.207,489.148,490.073,491.076,492.013,492.9,493.734,494.517,495.249,495.944,496.618,497.198,497.796,498.31,499.276,499.944,500.594,500.919,501.238,501.548,501.848,502.148,502.448,502.748,503.048,503.348,503.648,503.948,504.248,504.548,504.848,505.148,505.448,505.748,506.048,506.348,506.648,506.948,507.248,507.548,507.848,508.148,508.448,508.748,510.048,
-643.719,-638.37,-632.64,-626.118,-619.444,-612.596,-605.414,-597.892,-589.919,-581.295,-572.033,-562.144,-551.585,-540.032,-527.098,-512.854,-497.109,-479.77,-460.704,-439.6,-416.234,-390.88,-363.456,-334.025,-302.549,-269.696,-235.391,-199.964,-163.901,-127.606,-91.4093,-55.6512,-20.6769,13.1153,45.5272,76.3042,105.321,132.333,157.445,180.493,201.454,220.452,237.733,253.443,267.798,280.685,292.46,303.195,312.99,321.981,330.252,337.854,344.898,351.558,357.775,363.594,369.075,374.361,379.265,383.935,388.418,392.737,396.835,400.767,404.557,408.172,411.632,415.049,418.277,421.406,424.427,427.341,430.161,432.877,435.509,438.051,440.514,442.937,445.286,447.63,449.817,451.926,453.979,455.984,457.928,459.815,461.671,463.459,465.189,466.914,468.532,470.112,471.647,473.138,474.585,475.974,477.309,478.622,479.901,481.161,482.439,483.614,484.752,485.836,486.861,487.845,488.789,489.695,490.67,491.612,492.513,493.354,494.185,494.921,495.617,496.252,496.842,497.437,497.964,498.923,499.599,500.273,500.617,500.936,501.248,501.548,501.848,502.148,502.448,502.748,503.048,503.348,503.648,503.948,504.248,504.548,504.848,505.148,505.448,505.748,506.048,506.348,506.648,506.948,507.248,507.548,507.848,508.148,508.448,508.748,510.048,
-639.377,-633.677,-627.274,-620.6,-613.766,-606.64,-599.165,-591.276,-582.698,-573.543,-563.721,-553.198,-541.725,-529.007,-515.033,-499.555,-482.395,-463.515,-442.793,-419.675,-394.551,-367.357,-338.26,-307.284,-274.61,-240.187,-204.871,-168.845,-132.516,-96.2751,-60.4461,-25.3662,8.56448,41.0805,72.0192,101.241,128.553,154.008,177.435,198.624,217.841,235.331,251.236,265.713,278.877,290.856,301.784,311.453,320.576,328.965,336.669,343.755,350.462,356.745,362.617,368.145,373.356,378.311,383.064,387.569,391.914,396.043,400.002,403.826,407.472,410.962,414.314,417.548,420.654,423.809,426.736,429.569,432.3,434.945,437.504,439.977,442.372,444.693,446.994,449.216,451.438,453.498,455.51,457.461,459.342,461.169,462.945,464.681,466.367,468.028,469.629,471.187,472.726,474.177,475.57,476.909,478.208,479.468,480.724,481.963,483.161,484.312,485.468,486.497,487.486,488.433,489.341,490.279,491.221,492.129,492.971,493.778,494.518,495.217,495.885,496.489,497.076,497.613,498.57,499.253,499.91,500.314,500.633,500.948,501.248,501.548,501.848,502.148,502.448,502.748,503.048,503.348,503.648,503.948,504.248,504.548,504.848,505.148,505.448,505.748,506.048,506.348,506.648,506.948,507.248,507.548,507.848,508.148,508.448,508.748,510.048,
-634.679,-628.405,-621.728,-614.965,-607.873,-600.408,-592.599,-584.103,-575.055,-565.299,-554.874,-543.54,-531.007,-517.103,-501.691,-484.787,-466.247,-445.804,-423.102,-398.219,-371.255,-342.379,-311.633,-279.209,-245.273,-210.097,-174.059,-137.582,-101.266,-65.3156,-30.0688,4.00915,36.6882,67.8177,97.2523,124.791,150.39,173.937,195.361,215.223,232.93,249.03,263.69,276.959,289.072,300.142,310.085,319.243,327.675,335.433,342.611,349.293,355.665,361.617,367.213,372.468,377.427,382.195,386.743,391.083,395.25,399.238,403.087,406.756,410.265,413.643,416.904,420.036,423.088,426.003,428.855,431.585,434.38,436.952,439.436,441.842,444.176,446.442,448.643,450.8,452.904,454.945,456.992,458.881,460.715,462.498,464.223,465.899,467.531,469.141,470.71,472.236,473.706,475.114,476.51,477.813,479.078,480.311,481.529,482.732,483.891,484.991,486.041,487.047,488.079,488.99,489.894,490.838,491.761,492.605,493.422,494.167,494.884,495.55,496.163,496.746,497.293,498.202,498.907,499.547,500.011,500.331,500.648,500.948,501.248,501.548,501.848,502.148,502.448,502.748,503.048,503.348,503.648,503.948,504.248,504.548,504.848,505.148,505.448,505.748,506.048,506.348,506.648,506.948,507.248,507.548,507.848,508.148,508.448,508.748,510.048,
-629.511,-622.858,-616.121,-609.095,-601.664,-593.988,-585.583,-576.516,-566.876,-556.528,-545.35,-533.003,-519.224,-504.075,-487.336,-468.981,-448.694,-426.156,-401.608,-375.134,-346.491,-315.959,-283.727,-249.953,-214.902,-178.943,-142.692,-106.354,-70.3686,-34.98,-0.692269,32.2189,63.6036,93.2593,121.024,146.858,170.643,192.446,212.239,230.199,246.779,261.662,275.103,287.283,298.5,308.568,317.838,326.368,334.226,341.449,348.265,354.656,360.577,366.231,371.548,376.56,381.315,385.894,390.281,394.452,398.432,402.265,406.038,409.569,412.966,416.244,419.393,422.472,425.409,428.278,431.02,433.676,436.262,438.794,441.311,443.656,445.932,448.142,450.282,452.357,454.393,456.384,458.313,460.183,462.051,463.782,465.463,467.087,468.688,470.24,471.758,473.237,474.654,476.023,477.351,478.688,479.925,481.147,482.341,483.494,484.602,485.654,486.656,487.617,488.545,489.502,490.466,491.418,492.267,493.087,493.834,494.554,495.225,495.85,496.423,496.979,497.557,498.56,499.204,499.707,500.028,500.347,500.648,500.948,501.248,501.548,501.848,502.148,502.448,502.748,503.048,503.348,503.648,503.948,504.248,504.548,504.848,505.148,505.448,505.748,506.048,506.348,506.648,506.948,507.248,507.548,507.848,508.148,508.448,508.748,510.048,
-623.988,-617.277,-610.3,-602.918,-595.284,-586.961,-578.054,-568.504,-558.297,-547.143,-534.984,-521.339,-506.429,-489.877,-471.705,-451.746,-429.491,-405.17,-378.819,-350.462,-320.281,-288.255,-254.646,-219.707,-183.825,-147.603,-111.245,-75.2035,-39.7092,-5.22557,27.9167,59.5256,89.1352,117.19,143.316,167.394,189.502,209.518,227.692,244.22,259.267,272.986,285.543,296.792,307.022,316.426,325.06,333.006,340.295,347.143,353.598,359.6,365.253,370.578,375.667,380.461,385.021,389.44,393.654,397.673,401.543,405.25,408.79,412.189,415.584,418.75,421.847,424.799,427.68,430.442,433.118,435.71,438.211,440.642,443.029,445.421,447.641,449.791,451.872,453.903,455.878,457.789,459.656,461.479,463.241,464.944,466.608,468.263,469.82,471.333,472.805,474.228,475.585,476.901,478.192,479.46,480.716,481.964,483.121,484.232,485.288,486.293,487.258,488.183,489.108,490.076,490.999,491.87,492.691,493.506,494.227,494.899,495.533,496.099,496.664,497.138,498.21,498.861,499.404,499.726,500.047,500.348,500.648,500.948,501.248,501.548,501.848,502.148,502.448,502.748,503.048,503.348,503.648,503.948,504.248,504.548,504.848,505.148,505.448,505.748,506.048,506.348,506.648,506.948,507.248,507.548,507.848,508.148,508.448,508.748,510.048,
-618.434,-611.485,-604.173,-596.562,-588.34,-579.517,-570.045,-559.91,-548.968,-537.042,-523.62,-508.829,-492.417,-474.423,-454.655,-432.82,-408.725,-382.604,-354.496,-324.505,-292.729,-259.354,-224.583,-188.785,-152.567,-116.146,-80.0427,-44.4618,-9.85416,23.4402,55.2282,85.3791,113.739,140.075,164.208,186.557,206.797,225.186,241.916,257.137,270.957,283.571,295.048,305.441,314.946,323.708,331.764,339.148,345.987,352.534,358.598,364.301,369.672,374.737,379.599,384.2,388.599,392.847,396.895,400.791,404.53,408.101,411.529,414.825,417.998,421.07,424.039,427.081,429.857,432.547,435.152,437.67,440.102,442.462,444.757,447.031,449.21,451.388,453.425,455.408,457.325,459.18,460.982,462.731,464.44,466.115,467.748,469.329,470.868,472.395,473.822,475.183,476.501,477.783,479.022,480.281,481.498,482.679,483.804,484.922,485.932,486.901,487.829,488.735,489.685,490.61,491.487,492.312,493.085,493.806,494.572,495.21,495.776,496.348,496.832,497.86,498.517,499.101,499.423,499.743,500.048,500.348,500.648,500.948,501.248,501.548,501.848,502.148,502.448,502.748,503.048,503.348,503.648,503.948,504.248,504.548,504.848,505.148,505.448,505.748,506.048,506.348,506.648,506.948,507.248,507.548,507.848,508.148,508.448,508.748,510.048,
-612.645,-605.35,-597.814,-589.72,-580.946,-571.588,-561.524,-550.731,-538.937,-525.679,-511.139,-495.012,-477.384,-457.928,-436.055,-412.267,-386.386,-358.503,-328.727,-297.174,-264.022,-229.487,-193.893,-157.741,-121.218,-85.0131,-49.29,-14.4953,18.9598,50.9237,81.2772,109.86,136.429,161.136,183.601,204.024,222.673,239.612,255.023,269.015,281.706,293.334,303.861,313.431,322.242,330.357,337.835,344.868,351.4,357.55,363.328,368.761,373.869,378.708,383.383,387.82,392.073,396.117,400.039,403.802,407.394,410.841,414.164,417.363,420.462,423.448,426.333,429.125,431.829,434.595,437.123,439.567,441.938,444.239,446.474,448.643,450.77,452.848,454.86,456.86,458.723,460.532,462.287,463.988,465.637,467.255,468.845,470.393,471.894,473.334,474.782,476.104,477.391,478.634,479.858,481.071,482.253,483.385,484.457,485.486,486.472,487.415,488.383,489.308,490.242,491.126,491.958,492.739,493.471,494.163,494.861,495.441,496.032,496.526,497.51,498.173,498.797,499.121,499.44,499.748,500.048,500.348,500.648,500.948,501.248,501.548,501.848,502.148,502.448,502.748,503.048,503.348,503.648,503.948,504.248,504.548,504.848,505.148,505.448,505.748,506.048,506.348,506.648,506.948,507.248,507.548,507.848,508.148,508.448,508.748,510.048,
-606.588,-599.044,-591.015,-582.339,-573.13,-563.137,-552.456,-540.796,-527.734,-513.399,-497.474,-480.017,-460.822,-439.452,-415.935,-390.135,-362.497,-332.947,-301.597,-268.62,-234.228,-198.736,-162.637,-126.338,-90.1676,-54.4584,-19.5541,14.3343,46.5447,77.1643,105.977,132.777,157.723,180.532,201.341,220.193,237.334,252.865,267.07,279.909,291.615,302.281,311.968,320.885,329.094,336.642,343.671,350.285,356.463,362.318,367.806,372.97,377.846,382.501,386.989,391.286,395.354,399.257,403.029,406.688,410.154,413.495,416.711,419.828,422.839,425.744,428.555,431.256,433.874,436.427,439.03,441.413,443.724,445.968,448.148,450.252,452.299,454.312,456.271,458.173,460.018,461.796,463.549,465.203,466.817,468.394,469.925,471.419,472.868,474.262,475.613,476.92,478.246,479.474,480.692,481.864,482.999,484.081,485.104,486.086,487.027,487.941,488.93,489.874,490.787,491.621,492.406,493.14,493.835,494.496,495.076,495.677,496.195,497.158,497.829,498.493,498.818,499.137,499.448,499.748,500.048,500.348,500.648,500.948,501.248,501.548,501.848,502.148,502.448,502.748,503.048,503.348,503.648,503.948,504.248,504.548,504.848,505.148,505.448,505.748,506.048,506.348,506.648,506.948,507.248,507.548,507.848,508.148,508.448,508.748,510.048,
-600.317,-592.371,-583.763,-574.536,-564.669,-554.052,-542.515,-529.78,-515.58,-499.927,-482.645,-463.641,-442.673,-419.381,-394.105,-366.757,-337.448,-306.023,-273.237,-238.99,-203.583,-167.533,-131.24,-95.0312,-59.2495,-24.2385,9.59906,42.0044,72.8175,101.967,129.066,154.299,177.474,198.511,217.582,234.932,250.707,265.093,278.172,289.886,300.657,310.477,319.525,327.83,335.46,342.511,349.194,355.432,361.268,366.765,372.056,376.974,381.656,386.132,390.463,394.571,398.512,402.319,405.942,409.409,412.747,415.97,419.194,422.221,425.14,427.963,430.685,433.321,435.872,438.333,440.737,443.09,445.461,447.652,449.764,451.819,453.826,455.773,457.649,459.495,461.286,463.022,464.7,466.351,467.971,469.507,471.001,472.449,473.839,475.175,476.472,477.753,479.016,480.25,481.489,482.628,483.713,484.74,485.726,486.67,487.577,488.54,489.481,490.386,491.226,492.074,492.812,493.508,494.13,494.724,495.317,495.847,496.806,497.483,498.152,498.516,498.835,499.148,499.448,499.748,500.048,500.348,500.648,500.948,501.248,501.548,501.848,502.148,502.448,502.748,503.048,503.348,503.648,503.948,504.248,504.548,504.848,505.148,505.448,505.748,506.048,506.348,506.648,506.948,507.248,507.548,507.848,508.148,508.448,508.748,510.048,
-593.724,-585.167,-576.047,-566.247,-555.77,-544.33,-531.674,-517.664,-502.098,-485.271,-466.451,-445.796,-422.822,-397.775,-370.657,-341.633,-310.747,-278.173,-244.097,-208.52,-172.518,-136.2,-99.9064,-64.0444,-28.9301,5.04603,37.6164,68.6201,97.9122,125.299,150.865,174.408,195.68,214.971,232.53,248.501,263.039,276.23,288.262,299.237,309.097,318.181,326.524,334.258,341.382,348.073,354.398,360.291,365.835,371.06,376.008,380.775,385.301,389.639,393.779,397.747,401.58,405.233,408.73,412.095,415.337,418.449,421.486,424.392,427.372,430.107,432.757,435.32,437.797,440.195,442.522,444.796,447.027,449.178,451.338,453.352,455.305,457.189,459.018,460.796,462.517,464.199,465.863,467.468,469.029,470.588,472.041,473.436,474.776,476.076,477.338,478.578,479.818,481.018,482.172,483.269,484.314,485.367,486.315,487.224,488.148,489.091,490,490.844,491.653,492.392,493.104,493.767,494.371,494.962,495.502,496.453,497.138,497.789,498.213,498.533,498.848,499.148,499.448,499.748,500.048,500.348,500.648,500.948,501.248,501.548,501.848,502.148,502.448,502.748,503.048,503.348,503.648,503.948,504.248,504.548,504.848,505.148,505.448,505.748,506.048,506.348,506.648,506.948,507.248,507.548,507.848,508.148,508.448,508.748,510.048,
-586.572,-577.543,-567.825,-557.426,-546.144,-533.672,-519.81,-504.486,-487.637,-469.161,-448.82,-426.237,-401.432,-374.552,-345.751,-315.075,-282.715,-248.833,-213.699,-177.687,-141.421,-105.097,-68.9776,-33.7002,0.479679,33.2241,64.4164,93.9213,121.536,147.214,170.84,192.408,212.308,230.122,246.295,261.016,274.34,286.477,297.595,307.579,316.774,325.239,333.038,340.247,346.93,353.297,359.271,364.886,370.17,375.143,379.903,384.466,388.816,392.966,396.983,400.841,404.516,408.033,411.417,414.684,417.821,420.887,423.808,426.663,429.395,432.192,434.768,437.256,439.665,442.003,444.272,446.476,448.61,450.716,452.764,454.745,456.663,458.564,460.349,462.076,463.753,465.374,466.978,468.548,470.077,471.551,472.962,474.377,475.682,476.948,478.182,479.401,480.593,481.75,482.852,483.904,484.912,485.877,486.811,487.777,488.723,489.647,490.492,491.311,492.056,492.774,493.442,494.059,494.638,495.188,495.987,496.791,497.433,497.91,498.23,498.548,498.848,499.148,499.448,499.748,500.048,500.348,500.648,500.948,501.248,501.548,501.848,502.148,502.448,502.748,503.048,503.348,503.648,503.948,504.248,504.548,504.848,505.148,505.448,505.748,506.048,506.348,506.648,506.948,507.248,507.548,507.848,508.148,508.448,508.748,510.048,
-579.068,-569.477,-559.079,-547.953,-535.665,-521.931,-506.867,-490.184,-471.89,-451.733,-429.269,-404.795,-378.419,-349.86,-319.401,-287.233,-253.512,-218.502,-182.57,-146.329,-109.983,-73.9792,-38.5454,-4.14394,28.6891,60.1387,89.9184,117.768,143.68,167.544,189.465,209.332,227.363,243.756,258.951,272.479,284.715,295.947,306.061,315.369,323.932,331.819,339.056,345.891,352.303,358.23,363.902,369.236,374.263,379.031,383.603,388.001,392.193,396.183,400.025,403.715,407.242,410.74,414.024,417.179,420.263,423.206,426.079,428.831,431.493,434.071,436.589,439.134,441.482,443.761,445.975,448.118,450.195,452.221,454.201,456.133,458.01,459.823,461.576,463.317,464.944,466.547,468.1,469.61,471.08,472.499,473.87,475.202,476.488,477.797,479.02,480.215,481.37,482.479,483.532,484.535,485.497,486.42,487.371,488.336,489.257,490.155,490.975,491.725,492.445,493.116,493.745,494.315,494.874,495.345,496.443,497.09,497.606,497.928,498.247,498.548,498.848,499.148,499.448,499.748,500.048,500.348,500.648,500.948,501.248,501.548,501.848,502.148,502.448,502.748,503.048,503.348,503.648,503.948,504.248,504.548,504.848,505.148,505.448,505.748,506.048,506.348,506.648,506.948,507.248,507.548,507.848,508.148,508.448,508.748,510.048,
-571.018,-560.835,-549.792,-537.748,-524.043,-509.18,-492.723,-474.611,-454.715,-432.601,-408.355,-382.082,-353.822,-323.619,-291.764,-258.218,-223.331,-187.458,-151.239,-114.876,-78.8169,-43.2937,-8.76683,24.4256,56.0933,85.7261,113.878,140.09,164.334,186.52,206.611,224.856,241.451,256.548,270.31,282.813,294.189,304.535,313.934,322.621,330.599,337.914,344.768,351.245,357.266,362.936,368.276,373.369,378.175,382.747,387.16,391.385,395.414,399.293,403.016,406.564,409.97,413.253,416.415,419.638,422.595,425.48,428.247,430.928,433.524,436.034,438.455,440.831,443.151,445.474,447.627,449.711,451.743,453.722,455.634,457.485,459.304,461.069,462.779,464.445,466.07,467.68,469.195,470.668,472.092,473.451,474.765,476.044,477.313,478.572,479.784,480.96,482.109,483.166,484.173,485.139,486.064,486.977,487.945,488.869,489.742,490.565,491.396,492.118,492.79,493.425,493.992,494.559,495.036,496.094,496.746,497.303,497.625,497.946,498.248,498.548,498.848,499.148,499.448,499.748,500.048,500.348,500.648,500.948,501.248,501.548,501.848,502.148,502.448,502.748,503.048,503.348,503.648,503.948,504.248,504.548,504.848,505.148,505.448,505.748,506.048,506.348,506.648,506.948,507.248,507.548,507.848,508.148,508.448,508.748,510.048,
-562.448,-551.556,-539.689,-526.307,-511.602,-495.271,-477.33,-457.625,-435.928,-411.91,-385.865,-357.831,-327.912,-296.226,-262.948,-228.324,-192.663,-156.25,-119.832,-83.6654,-48.045,-13.3976,19.9465,51.7933,82.0133,110.447,136.86,161.103,183.568,203.89,222.35,239.148,254.433,268.308,280.949,292.476,302.915,312.406,321.146,329.339,336.75,343.615,350.157,356.26,361.984,367.369,372.448,377.303,381.95,386.319,390.577,394.636,398.54,402.287,405.866,409.3,412.61,415.79,418.868,421.842,424.72,427.662,430.356,432.966,435.488,437.924,440.288,442.582,444.835,447.022,449.144,451.211,453.25,455.17,457.028,458.832,460.583,462.281,463.948,465.584,467.17,468.711,470.258,471.686,473.05,474.369,475.652,476.893,478.136,479.355,480.537,481.665,482.732,483.758,484.782,485.711,486.618,487.555,488.48,489.359,490.186,490.961,491.692,492.381,493.102,493.668,494.243,494.73,495.744,496.403,496.999,497.323,497.642,497.948,498.248,498.548,498.848,499.148,499.448,499.748,500.048,500.348,500.648,500.948,501.248,501.548,501.848,502.148,502.448,502.748,503.048,503.348,503.648,503.948,504.248,504.548,504.848,505.148,505.448,505.748,506.048,506.348,506.648,506.948,507.248,507.548,507.848,508.148,508.448,508.748,510.048,
-553.318,-541.556,-528.364,-513.908,-497.833,-480.261,-460.932,-439.108,-415.441,-389.638,-361.838,-332.134,-300.648,-267.554,-233.067,-197.508,-161.373,-125.074,-88.9277,-52.9408,-18.1067,15.4556,47.4892,77.9095,106.566,133.212,158,180.57,201.228,219.794,236.838,252.319,266.369,279.096,290.763,301.335,310.943,319.79,327.937,335.429,342.444,349.021,355.193,360.992,366.443,371.577,376.417,381.097,385.548,389.812,393.859,397.746,401.559,405.159,408.612,411.941,415.145,418.251,421.25,424.139,426.935,429.628,432.409,434.941,437.388,439.763,442.067,444.305,446.478,448.581,450.661,452.68,454.629,456.519,458.382,460.139,461.842,463.492,465.102,466.682,468.233,469.736,471.18,472.568,473.972,475.26,476.505,477.73,478.945,480.114,481.247,482.326,483.35,484.337,485.282,486.206,487.192,488.128,489.013,489.846,490.628,491.36,492.054,492.739,493.319,493.915,494.424,495.393,496.059,496.695,497.02,497.339,497.648,497.948,498.248,498.548,498.848,499.148,499.448,499.748,500.048,500.348,500.648,500.948,501.248,501.548,501.848,502.148,502.448,502.748,503.048,503.348,503.648,503.948,504.248,504.548,504.848,505.148,505.448,505.748,506.048,506.348,506.648,506.948,507.248,507.548,507.848,508.148,508.448,508.748,510.048,
-543.415,-530.416,-516.128,-500.292,-482.895,-463.763,-442.527,-419.084,-393.655,-365.821,-336.351,-305.073,-272.154,-237.808,-202.35,-166.269,-129.972,-93.7874,-58.0552,-23.1155,10.6316,43.0451,73.7342,102.674,129.56,154.584,177.513,198.398,217.323,234.533,250.206,264.503,277.31,289.012,299.75,309.481,318.433,326.673,334.248,341.284,347.921,354.119,359.981,365.486,370.665,375.556,380.214,384.704,389.012,393.099,397.013,400.793,404.401,407.854,411.272,414.494,417.617,420.633,423.543,426.358,429.07,431.692,434.23,436.717,439.238,441.552,443.799,445.982,448.089,450.139,452.142,454.089,455.994,457.847,459.628,461.355,463.059,464.674,466.253,467.786,469.276,470.721,472.108,473.461,474.772,476.047,477.306,478.565,479.739,480.875,481.958,482.982,483.966,484.908,485.812,486.801,487.743,488.674,489.509,490.295,491.03,491.726,492.374,492.959,493.558,494.079,495.041,495.714,496.391,496.717,497.037,497.348,497.648,497.948,498.248,498.548,498.848,499.148,499.448,499.748,500.048,500.348,500.648,500.948,501.248,501.548,501.848,502.148,502.448,502.748,503.048,503.348,503.648,503.948,504.248,504.548,504.848,505.148,505.448,505.748,506.048,506.348,506.648,506.948,507.248,507.548,507.848,508.148,508.448,508.748,510.048,
-532.34,-518.306,-502.745,-485.52,-466.578,-445.746,-422.528,-397.328,-370.058,-340.87,-309.789,-277.046,-242.587,-207.227,-171.172,-134.874,-98.6531,-62.8478,-27.8023,6.08291,38.5424,69.4184,98.5966,125.881,151.115,174.454,195.567,214.711,232.131,247.971,262.388,275.525,287.451,298.332,307.964,317.05,325.406,333.066,340.125,346.83,353.088,358.943,364.455,369.652,374.682,379.377,383.845,388.189,392.307,396.256,400.073,403.712,407.186,410.53,413.759,416.86,420.015,422.938,425.766,428.492,431.133,433.688,436.157,438.545,440.894,443.187,445.405,447.601,449.658,451.668,453.617,455.496,457.32,459.112,460.852,462.535,464.19,465.83,467.368,468.863,470.313,471.705,473.042,474.339,475.605,476.87,478.107,479.302,480.452,481.591,482.619,483.606,484.551,485.459,486.409,487.351,488.257,489.099,489.903,490.703,491.399,492.007,492.607,493.196,493.73,494.688,495.368,496.031,496.415,496.734,497.048,497.348,497.648,497.948,498.248,498.548,498.848,499.148,499.448,499.748,500.048,500.348,500.648,500.948,501.248,501.548,501.848,502.148,502.448,502.748,503.048,503.348,503.648,503.948,504.248,504.548,504.848,505.148,505.448,505.748,506.048,506.348,506.648,506.948,507.248,507.548,507.848,508.148,508.448,508.748,510.048,
