NAME,Asset_0,Asset_1,Asset_2,Asset_3,Asset_4,Asset_5,Asset_6,Asset_7,Asset_8,Asset_9,Asset_10,Asset_11,Asset_12,Asset_13,Asset_14,Asset_15,Asset_16,Asset_17,Asset_18,Asset_19,Asset_20,Asset_21,Asset_22,Asset_23,Asset_24,Asset_25,Asset_26,Asset_27,Asset_28,Asset_29,Asset_30,Asset_31,Asset_32,Asset_33,Asset_34,Asset_35,Asset_36,Asset_37,Asset_38,Asset_39,Asset_40,Asset_41,Asset_42,Asset_43,Asset_44,Asset_45,Asset_46,Asset_47,Asset_48,Asset_49,Asset_50,Asset_51,Asset_52,Asset_53,Asset_54,Asset_55,Asset_56,Asset_57,Asset_58,Asset_59,Asset_60,Asset_61,Asset_62,Asset_63,Asset_64,Asset_65,Asset_66,Asset_67,Asset_68,Asset_69,Asset_70,Asset_71,Asset_72,Asset_73,Asset_74,Asset_75,Asset_76,Asset_77,Asset_78,Asset_79,Asset_80,Asset_81,Asset_82,Asset_83,Asset_84,Asset_85,Asset_86,Asset_87,Asset_88,Asset_89,Asset_90,Asset_91,Asset_92,Asset_93,Asset_94,Asset_95,Asset_96,Asset_97,Asset_98,Asset_99,Asset_100,Asset_101,Asset_102,Asset_103,Asset_104,Asset_105,Asset_106,Asset_107,Asset_108,Asset_109,Asset_110,Asset_111,Asset_112,Asset_113,Asset_114,Asset_115,Asset_116,Asset_117,Asset_118,Asset_119,Asset_120,Asset_121,Asset_122,Asset_123,Asset_124,Asset_125,Asset_126,Asset_127,Asset_128,Asset_129,Asset_130,Asset_131,Asset_132,Asset_133,Asset_134,Asset_135,Asset_136,Asset_137,Asset_138,Asset_139,Asset_140,Asset_141,Asset_142,Asset_143,Asset_144,Asset_145,Asset_146,Asset_147,Asset_148,Asset_149,Asset_150,Asset_151,Asset_152,Asset_153,Asset_154,Asset_155,Asset_156,Asset_157,Asset_158,Asset_159,Asset_160,Asset_161,Asset_162,Asset_163,Asset_164,Asset_165,Asset_166,Asset_167,Asset_168,Asset_169,Asset_170,Asset_171,Asset_172,Asset_173,Asset_174,Asset_175,Asset_176,Asset_177,Asset_178,Asset_179,Asset_180,Asset_181,Asset_182,Asset_183,Asset_184,Asset_185,Asset_186,Asset_187,Asset_188,Asset_189,Asset_190,Asset_191,Asset_192,Asset_193,Asset_194,Asset_195,Asset_196,Asset_197,Asset_198,Asset_199,Asset_200,Asset_201,Asset_202,Asset_203,Asset_204,Asset_205,Asset_206,Asset_207,Asset_208,Asset_209,Asset_210,Asset_211,Asset_212,Asset_213,Asset_214,Asset_215,Asset_216,Asset_217,Asset_218,Asset_219,Asset_220,Asset_221,Asset_222,Asset_223,Asset_224,Asset_225,Asset_226,Asset_227,Asset_228,Asset_229,Asset_230,Asset_231,Asset_232,Asset_233,Asset_234,Asset_235,Asset_236,Asset_237,Asset_238,Asset_239,Asset_240,Asset_241,Asset_242,Asset_243,Asset_244,Asset_245,Asset_246,Asset_247,Asset_248,Asset_249,Asset_250,Asset_251,Asset_252,Asset_253,Asset_254,Asset_255,Asset_256,Asset_257,Asset_258,Asset_259,Asset_260,Asset_261,Asset_262,Asset_263,Asset_264,Asset_265,Asset_266,Asset_267,Asset_268,Asset_269,Asset_270,Asset_271,Asset_272,Asset_273,Asset_274,Asset_275,Asset_276,Asset_277,Asset_278,Asset_279,Asset_280,Asset_281,Asset_282,Asset_283,Asset_284,Asset_285,Asset_286,Asset_287,Asset_288,Asset_289,Asset_290,Asset_291,Asset_292,Asset_293,Asset_294,Asset_295,Asset_296,Asset_297,Asset_298,Asset_299,Asset_300,
Cash_0,0,0,0,0,0,0,2,3,4,5,6,6,7,8,9,10,11,12,13,13,14,15,16,17,18,19,20,20,21,22,23,24,25,26,27,27,28,29,20,20,20,21,21,20,20,20,20,20,20,25,25,25,25,25,25,20,25,25,20,20,20,20,20,20,20,20,20,25,25,25,25,25,20,20,20,20,20,20,20,20,20,20,20,20,20,20,20,20,20,20,20,20,20,20,20,20,20,20,20,20,20,20,20,20,20,20,20,20,20,20,20,20,20,20,20,20,20,20,20,20,20,20,20,20,20,20,20,20,20,20,20,20,20,20,20,20,20,25,25,25,25,25,25,25,25,25,25,25,25,25,25,25,25,25,25,25,25,25,25,25,25,25,25,25,25,25,25,25,25,25,25,25,25,25,25,25,25,25,25,25,25,25,25,25,25,25,25,25,25,25,25,25,25,25,25,25,25,25,25,25,25,25,25,25,25,25,25,25,25,25,25,25,25,25,25,25,25,25,25,25,25,25,25,25,25,25,25,25,25,25,25,25,25,25,25,25,25,25,25,25,25,25,25,25,25,25,25,25,25,25,25,25,25,25,25,25,25,25,25,25,20,25,25,25,25,25,25,25,25,25,20,20,20,25,25,25,25,25,25,25,25,25,20,20,20,20,25,25,25,25,25,25,26,26,29,30,30,30,30,30,25,
Cash_1,0,0,0,0,0,0,2,3,4,5,6,6,7,8,9,10,11,12,13,13,14,15,16,17,18,19,20,20,21,22,23,24,25,26,27,15,19,19,19,19,20,20,19,19,19,19,19,19,24,24,24,24,24,24,19,24,24,19,19,19,19,19,19,19,19,19,24,24,24,24,24,19,19,19,19,19,19,19,19,19,19,19,19,19,19,19,19,19,19,19,19,19,19,19,19,19,19,19,19,19,19,19,19,19,19,19,19,19,19,19,19,19,19,19,19,19,19,19,19,19,19,19,19,19,19,19,19,19,19,19,19,19,19,19,19,19,24,24,24,24,24,24,24,24,24,24,24,24,24,24,24,24,24,24,24,24,24,24,24,24,24,24,24,24,24,24,24,24,24,24,24,24,24,24,24,24,24,24,24,24,24,24,24,24,24,24,24,24,24,24,24,24,24,24,24,24,24,24,24,24,24,24,24,24,24,24,24,24,24,24,24,24,24,24,24,24,24,24,24,24,24,24,24,24,24,24,24,24,24,24,24,24,24,24,24,24,24,24,24,24,24,24,24,24,24,24,24,24,24,24,24,24,24,24,24,24,24,24,24,24,24,24,24,24,24,24,24,24,24,19,19,19,24,24,24,24,24,24,24,24,24,19,19,19,20,24,24,24,24,24,24,25,25,28,29,29,29,29,29,24,24,
Cash_2,0,0,0,0,0,0,2,3,4,5,6,6,7,8,9,10,11,12,13,13,14,15,16,17,18,19,20,20,21,22,23,24,25,26,27,18,18,18,18,19,19,18,18,18,18,18,18,23,23,23,23,23,23,18,23,23,18,18,18,18,18,18,18,18,18,23,23,23,23,23,18,18,18,18,18,18,18,18,18,18,18,18,18,18,18,18,18,18,18,18,18,18,18,18,18,18,18,18,18,18,18,18,18,18,18,18,18,18,18,18,18,18,18,18,18,18,18,18,18,18,18,18,18,18,18,18,18,18,18,18,18,18,18,18,23,23,23,23,23,23,23,23,23,23,23,23,23,23,23,23,23,23,23,23,23,23,23,23,23,23,23,23,23,23,23,23,23,23,23,23,23,23,23,23,23,23,23,23,23,23,23,23,23,23,23,23,23,23,23,23,23,23,23,23,23,23,23,23,23,23,23,23,23,23,23,23,23,23,23,23,23,23,23,23,23,23,23,23,23,23,23,23,23,23,23,23,23,23,23,23,23,23,23,23,23,23,23,23,23,23,23,23,23,23,23,23,23,23,23,23,23,23,23,23,23,23,23,23,23,23,23,23,23,23,23,23,23,23,18,18,18,23,23,23,23,23,23,23,23,23,18,18,18,19,23,23,23,23,23,23,24,24,27,28,28,28,28,28,23,23,23,
Cash_3,0,0,0,0,0,0,2,3,4,5,6,6,7,8,9,10,11,12,13,13,14,15,16,17,18,19,20,20,21,22,23,24,25,26,27,17,17,17,18,18,17,17,17,17,17,18,22,22,22,22,22,22,17,22,22,17,17,17,17,17,17,17,17,17,22,22,22,22,22,17,17,17,17,17,17,17,17,17,17,17,17,17,17,17,17,17,17,17,17,17,17,17,17,17,17,17,17,17,17,17,17,17,17,17,17,17,17,17,17,17,17,17,17,17,17,17,17,17,17,17,17,17,17,17,17,17,17,17,17,17,17,17,17,22,22,22,22,22,22,22,22,22,22,22,22,22,22,22,22,22,22,22,22,22,22,22,22,22,22,22,22,22,22,22,22,22,22,22,22,22,22,22,22,22,22,22,22,22,22,22,22,22,22,22,22,22,22,22,22,22,22,22,22,22,22,22,22,22,22,22,22,22,22,22,22,22,22,22,22,22,22,22,22,22,22,22,22,22,22,22,22,22,22,22,22,22,22,22,22,22,22,22,22,22,22,22,22,22,22,22,22,22,22,22,22,22,22,22,22,22,22,22,22,22,22,22,22,22,22,22,22,22,22,22,22,22,22,17,17,17,22,22,22,22,22,22,22,22,22,17,17,17,18,22,22,22,22,22,22,23,23,26,27,27,27,27,27,22,22,22,23,
Cash_4,0,0,0,0,0,0,2,3,4,5,6,6,7,8,9,10,11,12,13,13,14,15,16,17,18,19,20,20,21,22,23,24,25,26,27,16,16,17,16,16,16,16,16,16,17,21,21,21,21,21,16,16,21,16,16,16,16,16,16,16,16,16,16,21,21,21,21,21,16,16,16,16,16,16,16,16,16,16,16,16,16,16,16,16,16,16,16,16,16,16,16,16,16,16,16,16,16,16,16,16,16,16,16,16,16,16,16,16,16,16,16,16,16,16,16,16,16,16,16,16,16,16,16,16,16,16,16,16,16,16,16,16,21,21,21,21,21,21,21,21,21,21,21,21,21,21,21,21,21,21,21,21,21,21,21,21,21,21,21,21,21,21,21,21,21,21,21,21,21,21,21,21,21,21,21,21,21,21,21,21,21,21,21,21,21,21,21,21,21,21,21,21,21,21,21,21,21,21,21,21,21,21,21,21,21,21,21,21,21,21,21,21,21,21,21,21,21,21,21,21,21,21,21,21,21,21,21,21,21,21,21,21,21,21,21,21,21,21,21,21,21,21,21,21,21,21,21,21,21,21,21,21,21,21,21,21,21,21,21,21,21,21,21,21,21,21,16,16,16,21,21,21,21,21,21,21,21,21,16,16,16,21,21,21,21,21,21,22,22,22,25,26,26,26,26,26,21,21,21,22,23,
Cash_5,0,0,0,0,0,0,0,3,4,5,6,6,7,8,9,10,11,12,13,13,14,15,16,17,18,19,20,20,21,22,23,24,25,15,15,15,16,15,15,15,15,15,15,16,20,20,20,20,20,15,15,20,15,15,15,15,15,15,15,15,15,20,20,20,20,20,20,15,15,15,15,15,15,15,15,15,15,15,15,15,15,15,15,15,15,15,15,15,15,15,15,15,15,15,15,15,15,15,15,15,15,15,15,15,15,15,15,15,15,15,15,15,15,15,15,15,15,15,15,15,15,15,15,15,15,15,15,15,15,15,15,20,20,20,20,20,20,20,20,20,20,20,20,20,20,20,20,20,20,20,20,20,20,20,20,20,20,20,20,20,20,20,20,20,20,20,20,20,20,20,20,20,20,20,20,20,20,20,20,20,20,20,20,20,20,20,20,20,20,20,20,20,20,20,20,20,20,20,20,20,20,20,20,20,20,20,20,20,20,20,20,20,20,20,20,20,20,20,20,20,20,20,20,20,20,20,20,20,20,20,20,20,20,20,20,20,20,20,20,20,20,20,20,20,20,20,20,20,20,20,20,20,20,20,20,20,20,20,20,20,20,20,20,20,15,15,15,15,20,20,20,20,20,20,20,20,20,15,15,15,20,20,20,20,20,20,21,21,21,24,25,25,25,25,20,20,20,20,21,22,23,
Cash_6,0,0,0,0,0,0,0,3,4,5,6,6,7,8,9,10,11,12,13,13,14,15,16,17,18,19,20,20,21,22,23,24,14,14,14,15,14,14,14,14,14,14,15,19,19,19,19,19,14,14,19,14,14,14,14,14,14,14,14,14,19,19,19,19,19,19,14,14,14,14,14,14,14,14,14,14,14,14,14,14,14,14,14,14,14,14,14,14,14,14,14,14,14,14,14,14,14,14,14,14,14,14,14,14,14,14,14,14,14,14,14,14,14,14,14,14,14,14,14,14,14,14,14,14,14,14,14,14,14,14,19,19,19,19,19,19,19,19,19,19,19,19,19,19,19,19,19,19,19,19,19,19,19,19,19,19,19,19,19,19,19,19,19,19,19,19,19,19,19,19,19,19,19,19,19,19,19,19,19,19,19,19,19,19,19,19,19,19,19,19,19,19,19,19,19,19,19,19,19,19,19,19,19,19,19,19,19,19,19,19,19,19,19,19,19,19,19,19,19,19,19,19,19,19,19,19,19,19,19,19,19,19,19,19,19,19,19,19,19,19,19,19,19,19,19,19,19,19,19,19,19,19,19,19,19,19,19,19,19,19,19,19,19,14,14,14,14,19,19,19,19,19,19,19,19,14,14,14,14,19,19,19,19,19,19,20,20,23,24,24,24,24,24,19,19,19,19,20,21,22,24,
Cash_7,0,0,0,0,0,0,0,3,4,5,6,6,7,8,9,10,11,12,13,13,14,15,16,17,18,19,20,20,21,22,13,13,13,14,14,13,13,13,13,13,13,18,18,18,18,18,18,13,18,18,13,13,13,13,13,13,13,13,13,18,18,18,18,18,13,13,13,13,13,13,13,13,13,13,13,13,13,13,13,13,13,13,13,13,13,13,13,13,13,13,13,13,13,13,13,13,13,13,13,13,13,13,13,13,13,13,13,13,13,13,13,13,13,13,13,13,13,13,13,13,13,13,13,13,13,13,13,13,13,18,18,18,18,18,18,18,18,18,18,18,18,18,18,18,18,18,18,18,18,18,18,18,18,18,18,18,18,18,18,18,18,18,18,18,18,18,18,18,18,18,18,18,18,18,18,18,18,18,18,18,18,18,18,18,18,18,18,18,18,18,18,18,18,18,18,18,18,18,18,18,18,18,18,18,18,18,18,18,18,18,18,18,18,18,18,18,18,18,18,18,18,18,18,18,18,18,18,18,18,18,18,18,18,18,18,18,18,18,18,18,18,18,18,18,18,18,18,18,18,18,18,18,13,18,18,18,18,18,18,18,18,18,13,13,13,18,18,18,18,18,18,18,18,18,13,13,13,13,18,18,18,18,18,18,19,19,22,23,23,23,23,23,18,18,18,18,19,20,21,23,23,
Cash_8,0,0,0,0,0,0,0,3,4,5,6,6,7,8,9,10,11,12,13,13,14,15,16,17,18,19,20,0,0,0,0,12,13,13,12,12,12,12,12,12,17,17,17,17,17,17,12,17,17,12,12,12,12,12,12,12,12,12,17,17,17,17,17,12,12,12,12,12,12,12,12,12,12,12,12,12,12,12,12,0,0,0,0,0,0,0,0,0,0,0,0,0,0,0,0,0,0,0,0,0,0,0,0,0,0,0,0,0,0,0,0,0,0,0,0,0,0,0,0,0,0,0,0,0,0,0,0,0,0,0,0,0,17,17,17,17,17,17,17,17,17,17,17,17,17,17,17,17,17,17,17,17,17,17,17,17,17,17,17,17,17,17,17,17,17,17,17,17,17,17,17,17,17,17,17,17,17,17,17,17,17,17,17,17,17,17,17,17,17,17,17,17,17,17,17,17,17,17,17,17,17,17,17,17,17,17,17,17,17,17,17,17,17,17,17,17,17,17,17,17,17,17,17,17,17,17,17,17,17,17,17,17,17,17,17,17,17,17,17,17,17,17,17,17,17,17,17,17,17,17,17,17,17,17,17,17,17,17,17,17,17,12,12,12,17,17,17,17,17,17,17,17,17,12,12,12,13,17,17,17,17,17,17,18,18,21,22,22,22,22,22,17,17,17,17,18,19,21,22,22,23,
Cash_9,0,0,0,0,0,0,0,3,4,5,6,0,0,0,0,0,0,0,13,0,0,0,0,0,0,0,0,0,0,0,0,0,0,0,0,0,0,0,0,0,0,0,0,0,0,0,0,0,0,0,0,0,0,0,0,0,0,0,0,0,0,0,0,0,0,0,0,0,0,0,0,0,0,0,0,0,0,0,0,0,0,0,0,0,0,0,0,0,0,0,0,0,0,0,0,0,0,0,0,0,0,0,0,0,0,0,0,0,0,0,0,0,0,0,0,0,0,0,0,0,0,0,0,0,0,0,0,0,0,0,0,0,0,0,0,0,0,0,0,0,0,0,0,0,0,0,0,0,0,0,0,0,0,0,0,0,0,0,0,16,16,16,16,16,16,16,16,16,16,16,16,16,16,16,16,16,16,16,16,16,16,16,16,16,16,16,16,16,16,16,0,0,0,0,0,0,0,0,0,0,0,0,0,0,0,0,0,0,0,0,0,0,0,0,0,0,0,0,0,0,0,0,0,0,0,0,0,0,0,0,0,0,0,0,0,0,0,0,0,0,0,0,0,0,0,0,0,0,0,0,0,0,0,0,0,0,0,0,0,0,0,0,0,0,0,0,0,0,0,0,0,0,0,0,0,0,0,0,0,0,0,0,0,0,0,0,0,0,0,0,0,0,16,17,17,18,20,21,21,22,23,
Cash_10,0,0,0,0,0,0,0,0,0,0,0,0,0,0,0,0,0,0,0,0,0,0,0,0,0,0,0,0,0,0,0,0,0,0,0,0,0,0,0,0,0,0,0,0,0,0,0,0,0,0,0,0,0,0,0,0,0,0,0,0,0,0,0,0,0,0,0,0,0,0,0,0,0,0,0,0,0,0,0,0,0,0,0,0,0,0,0,0,0,0,0,0,0,0,0,0,0,0,0,0,0,0,0,0,0,0,0,0,0,0,0,0,0,0,0,0,0,0,0,0,0,0,0,0,0,0,0,0,0,0,0,0,0,0,0,0,0,0,0,0,0,0,0,0,0,0,0,0,0,0,0,0,0,0,0,0,0,0,0,0,0,0,0,0,0,0,0,0,0,0,0,0,0,0,0,0,0,0,0,0,0,0,0,0,0,0,0,0,0,0,0,0,0,0,0,0,0,0,0,0,0,0,0,0,0,0,0,0,0,0,0,0,0,0,0,0,0,0,0,0,0,0,0,0,0,0,0,0,0,0,0,0,0,0,0,0,0,0,0,0,0,0,0,0,0,0,0,0,0,0,0,0,0,0,0,0,0,0,0,0,0,0,0,0,0,0,0,0,0,0,0,0,0,0,0,0,0,0,0,0,0,0,0,0,0,0,0,0,0,0,0,0,0,0,0,0,20,20,21,22,23,
Cash_11,0,0,0,0,0,0,0,0,0,0,0,0,0,0,0,0,0,0,0,0,0,0,0,0,0,0,0,0,0,0,0,0,0,0,0,0,0,0,0,0,0,0,0,0,0,0,0,0,0,0,0,0,0,0,0,0,0,0,0,0,0,0,0,0,0,0,0,0,0,0,0,0,0,0,0,0,0,0,0,0,0,0,0,0,0,0,0,0,0,0,0,0,0,0,0,0,0,0,0,0,0,0,0,0,0,0,0,0,0,0,0,0,0,0,0,0,0,0,0,0,0,0,0,0,0,0,0,0,0,0,0,0,0,0,0,0,0,0,0,0,0,0,0,0,0,0,0,0,0,0,0,0,0,0,0,0,0,0,0,0,0,0,0,0,0,0,0,0,0,0,0,0,0,0,0,0,0,0,0,0,0,0,0,0,0,0,0,0,0,0,0,0,0,0,0,0,0,0,0,0,0,0,0,0,0,0,0,0,0,0,0,0,0,0,0,0,0,0,0,0,0,0,0,0,0,0,0,0,0,0,0,0,0,0,0,0,0,0,0,0,0,0,0,0,0,0,0,0,0,0,0,0,0,0,0,0,0,0,0,0,0,0,0,0,0,0,0,0,0,0,0,0,0,0,0,0,0,0,0,0,0,0,0,0,0,0,0,0,0,0,0,0,0,0,0,0,0,0,21,22,24,
Cash_12,0,0,0,0,0,0,0,0,0,0,0,0,0,0,0,0,0,0,0,0,0,0,0,0,0,0,0,0,0,0,0,0,0,0,0,0,0,0,0,0,0,0,0,0,0,0,0,0,0,0,0,0,0,0,0,0,0,0,0,0,0,0,0,0,0,0,0,0,0,0,0,0,0,0,0,0,0,0,0,0,0,0,0,0,0,0,0,0,0,0,0,0,0,0,0,0,0,0,0,0,0,0,0,0,0,0,0,0,0,0,0,0,0,0,0,0,0,0,0,0,0,0,0,0,0,0,0,0,0,0,0,0,0,0,0,0,0,0,0,0,0,0,0,0,0,0,0,0,0,0,0,0,0,0,0,0,0,0,0,0,0,0,0,0,0,0,0,0,0,0,0,0,0,0,0,0,0,0,0,0,0,0,0,0,0,0,0,0,0,0,0,0,0,0,0,0,0,0,0,0,0,0,0,0,0,0,0,0,0,0,0,0,0,0,0,0,0,0,0,0,0,0,0,0,0,0,0,0,0,0,0,0,0,0,0,0,0,0,0,0,0,0,0,0,0,0,0,0,0,0,0,0,0,0,0,0,0,0,0,0,0,0,0,0,0,0,0,0,0,0,0,0,0,0,0,0,0,0,0,0,0,0,0,0,0,0,0,0,0,0,0,0,0,0,0,0,0,0,0,23,23,
Cash_13,0,0,0,0,0,0,0,0,0,0,0,0,0,0,0,0,0,0,0,0,0,0,0,0,0,0,0,0,0,0,0,0,0,0,0,0,0,0,0,0,0,0,0,0,0,0,0,0,0,0,0,0,0,0,0,0,0,0,0,0,0,0,0,0,0,0,0,0,0,0,0,0,0,0,0,0,0,0,0,0,0,0,0,0,0,0,0,0,0,0,0,0,0,0,0,0,0,0,0,0,0,0,0,0,0,0,0,0,0,0,0,0,0,0,0,0,0,0,0,0,0,0,0,0,0,0,0,0,0,0,0,0,0,0,0,0,0,0,0,0,0,0,0,0,0,0,0,0,0,0,0,0,0,0,0,0,0,0,0,0,0,0,0,0,0,0,0,0,0,0,0,0,0,0,0,0,0,0,0,0,0,0,0,0,0,0,0,0,0,0,0,0,0,0,0,0,0,0,0,0,0,0,0,0,0,0,0,0,0,0,0,0,0,0,0,0,0,0,0,0,0,0,0,0,0,0,0,0,0,0,0,0,0,0,0,0,0,0,0,0,0,0,0,0,0,0,0,0,0,0,0,0,0,0,0,0,0,0,0,0,0,0,0,0,0,0,0,0,0,0,0,0,0,0,0,0,0,0,0,0,0,0,0,0,0,0,0,0,0,0,0,0,0,0,0,0,0,0,0,0,23,
Cash_14,0,0,0,0,0,0,0,0,0,0,0,0,0,0,0,0,0,0,0,0,0,0,0,0,0,0,0,0,0,0,0,0,0,0,0,0,0,0,0,0,0,0,0,0,0,0,0,0,0,0,0,0,0,0,0,0,0,0,0,0,0,0,0,0,0,0,0,0,0,0,0,0,0,0,0,0,0,0,0,0,0,0,0,0,0,0,0,0,0,0,0,0,0,0,0,0,0,0,0,0,0,0,0,0,0,0,0,0,0,0,0,0,0,0,0,0,0,0,0,0,0,0,0,0,0,0,0,0,0,0,0,0,0,0,0,0,0,0,0,0,0,0,0,0,0,0,0,0,0,0,0,0,0,0,0,0,0,0,0,0,0,0,0,0,0,0,0,0,0,0,0,0,0,0,0,0,0,0,0,0,0,0,0,0,0,0,0,0,0,0,0,0,0,0,0,0,0,0,0,0,0,0,0,0,0,0,0,0,0,0,0,0,0,0,0,0,0,0,0,0,0,0,0,0,0,0,0,0,0,0,0,0,0,0,0,0,0,0,0,0,0,0,0,0,0,0,0,0,0,0,0,0,0,0,0,0,0,0,0,0,0,0,0,0,0,0,0,0,0,0,0,0,0,0,0,0,0,0,0,0,0,0,0,0,0,0,0,0,0,0,0,0,0,0,0,0,0,0,0,0,0,
Cash_15,0,0,0,0,0,0,0,0,0,0,0,0,0,0,0,0,0,0,0,0,0,0,0,0,0,0,0,0,0,0,0,0,0,0,0,0,0,0,0,0,0,0,0,0,0,0,0,0,0,0,0,0,0,0,0,0,0,0,0,0,0,0,0,0,0,0,0,0,0,0,0,0,0,0,0,0,0,0,0,0,0,0,0,0,0,0,0,0,0,0,0,0,0,0,0,0,0,0,0,0,0,0,0,0,0,0,0,0,0,0,0,0,0,0,0,0,0,0,0,0,0,0,0,0,0,0,0,0,0,0,0,0,0,0,0,0,0,0,0,0,0,0,0,0,0,0,0,0,0,0,0,0,0,0,0,0,0,0,0,0,0,0,0,0,0,0,0,0,0,0,0,0,0,0,0,0,0,0,0,0,0,0,0,0,0,0,0,0,0,0,0,0,0,0,0,0,0,0,0,0,0,0,0,0,0,0,0,0,0,0,0,0,0,0,0,0,0,0,0,0,0,0,0,0,0,0,0,0,0,0,0,0,0,0,0,0,0,0,0,0,0,0,0,0,0,0,0,0,0,0,0,0,0,0,0,0,0,0,0,0,0,0,0,0,0,0,0,0,0,0,0,0,0,0,0,0,0,0,0,0,0,0,0,0,0,0,0,0,0,0,0,0,0,0,0,0,0,0,0,0,0,
Cash_16,0,0,0,0,0,0,0,0,0,0,0,0,0,0,0,0,0,0,0,0,0,0,0,0,0,0,0,0,0,0,0,0,0,0,0,0,0,0,0,0,0,0,0,0,0,0,0,0,0,0,0,0,0,0,0,0,0,0,0,0,0,0,0,0,0,0,0,0,0,0,0,0,0,0,0,0,0,0,0,0,0,0,0,0,0,0,0,0,0,0,0,0,0,0,0,0,0,0,0,0,0,0,0,0,0,0,0,0,0,0,0,0,0,0,0,0,0,0,0,0,0,0,0,0,0,0,0,0,0,0,0,0,0,0,0,0,0,0,0,0,0,0,0,0,0,0,0,0,0,0,0,0,0,0,0,0,0,0,0,0,0,0,0,0,0,0,0,0,0,0,0,0,0,0,0,0,0,0,0,0,0,0,0,0,0,0,0,0,0,0,0,0,0,0,0,0,0,0,0,0,0,0,0,0,0,0,0,0,0,0,0,0,0,0,0,0,0,0,0,0,0,0,0,0,0,0,0,0,0,0,0,0,0,0,0,0,0,0,0,0,0,0,0,0,0,0,0,0,0,0,0,0,0,0,0,0,0,0,0,0,0,0,0,0,0,0,0,0,0,0,0,0,0,0,0,0,0,0,0,0,0,0,0,0,0,0,0,0,0,0,0,0,0,0,0,0,0,0,0,0,0,
Cash_17,0,0,0,0,0,0,0,0,0,0,0,0,0,0,0,0,0,0,0,0,0,0,0,0,0,0,0,0,0,0,0,0,0,0,0,0,0,0,0,0,0,0,0,0,0,0,0,0,0,0,0,0,0,0,0,0,0,0,0,0,0,0,0,0,0,0,0,0,0,0,0,0,0,0,0,0,0,0,0,0,0,0,0,0,0,0,0,0,0,0,0,0,0,0,0,0,0,0,0,0,0,0,0,0,0,0,0,0,0,0,0,0,0,0,0,0,0,0,0,0,0,0,0,0,0,0,0,0,0,0,0,0,0,0,0,0,0,0,0,0,0,0,0,0,0,0,0,0,0,0,0,0,0,0,0,0,0,0,0,0,0,0,0,0,0,0,0,0,0,0,0,0,0,0,0,0,0,0,0,0,0,0,0,0,0,0,0,0,0,0,0,0,0,0,0,0,0,0,0,0,0,0,0,0,0,0,0,0,0,0,0,0,0,0,0,0,0,0,0,0,0,0,0,0,0,0,0,0,0,0,0,0,0,0,0,0,0,0,0,0,0,0,0,0,0,0,0,0,0,0,0,0,0,0,0,0,0,0,0,0,0,0,0,0,0,0,0,0,0,0,0,0,0,0,0,0,0,0,0,0,0,0,0,0,0,0,0,0,0,0,0,0,0,0,0,0,0,0,0,0,0,
Cash_18,0,0,0,0,0,0,0,0,0,0,0,0,0,0,0,0,0,0,0,0,0,0,0,0,0,0,0,0,0,0,0,0,0,0,0,0,0,0,0,0,0,0,0,0,0,0,0,0,0,0,0,0,0,0,0,0,0,0,0,0,0,0,0,0,0,0,0,0,0,0,0,0,0,0,0,0,0,0,0,0,0,0,0,0,0,0,0,0,0,0,0,0,0,0,0,0,0,0,0,0,0,0,0,0,0,0,0,0,0,0,0,0,0,0,0,0,0,0,0,0,0,0,0,0,0,0,0,0,0,0,0,0,0,0,0,0,0,0,0,0,0,0,0,0,0,0,0,0,0,0,0,0,0,0,0,0,0,0,0,0,0,0,0,0,0,0,0,0,0,0,0,0,0,0,0,0,0,0,0,0,0,0,0,0,0,0,0,0,0,0,0,0,0,0,0,0,0,0,0,0,0,0,0,0,0,0,0,0,0,0,0,0,0,0,0,0,0,0,0,0,0,0,0,0,0,0,0,0,0,0,0,0,0,0,0,0,0,0,0,0,0,0,0,0,0,0,0,0,0,0,0,0,0,0,0,0,0,0,0,0,0,0,0,0,0,0,0,0,0,0,0,0,0,0,0,0,0,0,0,0,0,0,0,0,0,0,0,0,0,0,0,0,0,0,0,0,0,0,0,0,0,
Cash_19,0,0,0,0,0,0,0,0,0,0,0,0,0,0,0,0,0,0,0,0,0,0,0,0,0,0,0,0,0,0,0,0,0,0,0,0,0,0,0,0,0,0,0,0,0,0,0,0,0,0,0,0,0,0,0,0,0,0,0,0,0,0,0,0,0,0,0,0,0,0,0,0,0,0,0,0,0,0,0,0,0,0,0,0,0,0,0,0,0,0,0,0,0,0,0,0,0,0,0,0,0,0,0,0,0,0,0,0,0,0,0,0,0,0,0,0,0,0,0,0,0,0,0,0,0,0,0,0,0,0,0,0,0,0,0,0,0,0,0,0,0,0,0,0,0,0,0,0,0,0,0,0,0,0,0,0,0,0,0,0,0,0,0,0,0,0,0,0,0,0,0,0,0,0,0,0,0,0,0,0,0,0,0,0,0,0,0,0,0,0,0,0,0,0,0,0,0,0,0,0,0,0,0,0,0,0,0,0,0,0,0,0,0,0,0,0,0,0,0,0,0,0,0,0,0,0,0,0,0,0,0,0,0,0,0,0,0,0,0,0,0,0,0,0,0,0,0,0,0,0,0,0,0,0,0,0,0,0,0,0,0,0,0,0,0,0,0,0,0,0,0,0,0,0,0,0,0,0,0,0,0,0,0,0,0,0,0,0,0,0,0,0,0,0,0,0,0,0,0,0,0,
Cash_20,0,0,0,0,0,0,0,0,0,0,0,0,0,0,0,0,0,0,0,0,0,0,0,0,0,0,0,0,0,0,0,0,0,0,0,0,0,0,0,0,0,0,0,0,0,0,0,0,0,0,0,0,0,0,0,0,0,0,0,0,0,0,0,0,0,0,0,0,0,0,0,0,0,0,0,0,0,0,0,0,0,0,0,0,0,0,0,0,0,0,0,0,0,0,0,0,0,0,0,0,0,0,0,0,0,0,0,0,0,0,0,0,0,0,0,0,0,0,0,0,0,0,0,0,0,0,0,0,0,0,0,0,0,0,0,0,0,0,0,0,0,0,0,0,0,0,0,0,0,0,0,0,0,0,0,0,0,0,0,0,0,0,0,0,0,0,0,0,0,0,0,0,0,0,0,0,0,0,0,0,0,0,0,0,0,0,0,0,0,0,0,0,0,0,0,0,0,0,0,0,0,0,0,0,0,0,0,0,0,0,0,0,0,0,0,0,0,0,0,0,0,0,0,0,0,0,0,0,0,0,0,0,0,0,0,0,0,0,0,0,0,0,0,0,0,0,0,0,0,0,0,0,0,0,0,0,0,0,0,0,0,0,0,0,0,0,0,0,0,0,0,0,0,0,0,0,0,0,0,0,0,0,0,0,0,0,0,0,0,0,0,0,0,0,0,0,0,0,0,0,0,
Cash_21,0,0,0,0,0,0,0,0,0,0,0,0,0,0,0,0,0,0,0,0,0,0,0,0,0,0,0,0,0,0,0,0,0,0,0,0,0,0,0,0,0,0,0,0,0,0,0,0,0,0,0,0,0,0,0,0,0,0,0,0,0,0,0,0,0,0,0,0,0,0,0,0,0,0,0,0,0,0,0,0,0,0,0,0,0,0,0,0,0,0,0,0,0,0,0,0,0,0,0,0,0,0,0,0,0,0,0,0,0,0,0,0,0,0,0,0,0,0,0,0,0,0,0,0,0,0,0,0,0,0,0,0,0,0,0,0,0,0,0,0,0,0,0,0,0,0,0,0,0,0,0,0,0,0,0,0,0,0,0,0,0,0,0,0,0,0,0,0,0,0,0,0,0,0,0,0,0,0,0,0,0,0,0,0,0,0,0,0,0,0,0,0,0,0,0,0,0,0,0,0,0,0,0,0,0,0,0,0,0,0,0,0,0,0,0,0,0,0,0,0,0,0,0,0,0,0,0,0,0,0,0,0,0,0,0,0,0,0,0,0,0,0,0,0,0,0,0,0,0,0,0,0,0,0,0,0,0,0,0,0,0,0,0,0,0,0,0,0,0,0,0,0,0,0,0,0,0,0,0,0,0,0,0,0,0,0,0,0,0,0,0,0,0,0,0,0,0,0,0,0,0,
Cash_22,0,0,0,0,0,0,0,0,0,0,0,0,0,0,0,0,0,0,0,0,0,0,0,0,0,0,0,0,0,0,0,0,0,0,0,0,0,0,0,0,0,0,0,0,0,0,0,0,0,0,0,0,0,0,0,0,0,0,0,0,0,0,0,0,0,0,0,0,0,0,0,0,0,0,0,0,0,0,0,0,0,0,0,0,0,0,0,0,0,0,0,0,0,0,0,0,0,0,0,0,0,0,0,0,0,0,0,0,0,0,0,0,0,0,0,0,0,0,0,0,0,0,0,0,0,0,0,0,0,0,0,0,0,0,0,0,0,0,0,0,0,0,0,0,0,0,0,0,0,0,0,0,0,0,0,0,0,0,0,0,0,0,0,0,0,0,0,0,0,0,0,0,0,0,0,0,0,0,0,0,0,0,0,0,0,0,0,0,0,0,0,0,0,0,0,0,0,0,0,0,0,0,0,0,0,0,0,0,0,0,0,0,0,0,0,0,0,0,0,0,0,0,0,0,0,0,0,0,0,0,0,0,0,0,0,0,0,0,0,0,0,0,0,0,0,0,0,0,0,0,0,0,0,0,0,0,0,0,0,0,0,0,0,0,0,0,0,0,0,0,0,0,0,0,0,0,0,0,0,0,0,0,0,0,0,0,0,0,0,0,0,0,0,0,0,0,0,0,0,0,0,
Cash_23,0,0,0,0,0,0,0,0,0,0,0,0,0,0,0,0,0,0,0,0,0,0,0,0,0,0,0,0,0,0,0,0,0,0,0,0,0,0,0,0,0,0,0,0,0,0,0,0,0,0,0,0,0,0,0,0,0,0,0,0,0,0,0,0,0,0,0,0,0,0,0,0,0,0,0,0,0,0,0,0,0,0,0,0,0,0,0,0,0,0,0,0,0,0,0,0,0,0,0,0,0,0,0,0,0,0,0,0,0,0,0,0,0,0,0,0,0,0,0,0,0,0,0,0,0,0,0,0,0,0,0,0,0,0,0,0,0,0,0,0,0,0,0,0,0,0,0,0,0,0,0,0,0,0,0,0,0,0,0,0,0,0,0,0,0,0,0,0,0,0,0,0,0,0,0,0,0,0,0,0,0,0,0,0,0,0,0,0,0,0,0,0,0,0,0,0,0,0,0,0,0,0,0,0,0,0,0,0,0,0,0,0,0,0,0,0,0,0,0,0,0,0,0,0,0,0,0,0,0,0,0,0,0,0,0,0,0,0,0,0,0,0,0,0,0,0,0,0,0,0,0,0,0,0,0,0,0,0,0,0,0,0,0,0,0,0,0,0,0,0,0,0,0,0,0,0,0,0,0,0,0,0,0,0,0,0,0,0,0,0,0,0,0,0,0,0,0,0,0,0,0,
Cash_24,0,0,0,0,0,0,0,0,0,0,0,0,0,0,0,0,0,0,0,0,0,0,0,0,0,0,0,0,0,0,0,0,0,0,0,0,0,0,0,0,0,0,0,0,0,0,0,0,0,0,0,0,0,0,0,0,0,0,0,0,0,0,0,0,0,0,0,0,0,0,0,0,0,0,0,0,0,0,0,0,0,0,0,0,0,0,0,0,0,0,0,0,0,0,0,0,0,0,0,0,0,0,0,0,0,0,0,0,0,0,0,0,0,0,0,0,0,0,0,0,0,0,0,0,0,0,0,0,0,0,0,0,0,0,0,0,0,0,0,0,0,0,0,0,0,0,0,0,0,0,0,0,0,0,0,0,0,0,0,0,0,0,0,0,0,0,0,0,0,0,0,0,0,0,0,0,0,0,0,0,0,0,0,0,0,0,0,0,0,0,0,0,0,0,0,0,0,0,0,0,0,0,0,0,0,0,0,0,0,0,0,0,0,0,0,0,0,0,0,0,0,0,0,0,0,0,0,0,0,0,0,0,0,0,0,0,0,0,0,0,0,0,0,0,0,0,0,0,0,0,0,0,0,0,0,0,0,0,0,0,0,0,0,0,0,0,0,0,0,0,0,0,0,0,0,0,0,0,0,0,0,0,0,0,0,0,0,0,0,0,0,0,0,0,0,0,0,0,0,0,0,
Cash_25,0,0,0,0,0,0,0,0,0,0,0,0,0,0,0,0,0,0,0,0,0,0,0,0,0,0,0,0,0,0,0,0,0,0,0,0,0,0,0,0,0,0,0,0,0,0,0,0,0,0,0,0,0,0,0,0,0,0,0,0,0,0,0,0,0,0,0,0,0,0,0,0,0,0,0,0,0,0,0,0,0,0,0,0,0,0,0,0,0,0,0,0,0,0,0,0,0,0,0,0,0,0,0,0,0,0,0,0,0,0,0,0,0,0,0,0,0,0,0,0,0,0,0,0,0,0,0,0,0,0,0,0,0,0,0,0,0,0,0,0,0,0,0,0,0,0,0,0,0,0,0,0,0,0,0,0,0,0,0,0,0,0,0,0,0,0,0,0,0,0,0,0,0,0,0,0,0,0,0,0,0,0,0,0,0,0,0,0,0,0,0,0,0,0,0,0,0,0,0,0,0,0,0,0,0,0,0,0,0,0,0,0,0,0,0,0,0,0,0,0,0,0,0,0,0,0,0,0,0,0,0,0,0,0,0,0,0,0,0,0,0,0,0,0,0,0,0,0,0,0,0,0,0,0,0,0,0,0,0,0,0,0,0,0,0,0,0,0,0,0,0,0,0,0,0,0,0,0,0,0,0,0,0,0,0,0,0,0,0,0,0,0,0,0,0,0,0,0,0,0,0,
Cash_26,0,0,0,0,0,0,0,0,0,0,0,0,0,0,0,0,0,0,0,0,0,0,0,0,0,0,0,0,0,0,0,0,0,0,0,0,0,0,0,0,0,0,0,0,0,0,0,0,0,0,0,0,0,0,0,0,0,0,0,0,0,0,0,0,0,0,0,0,0,0,0,0,0,0,0,0,0,0,0,0,0,0,0,0,0,0,0,0,0,0,0,0,0,0,0,0,0,0,0,0,0,0,0,0,0,0,0,0,0,0,0,0,0,0,0,0,0,0,0,0,0,0,0,0,0,0,0,0,0,0,0,0,0,0,0,0,0,0,0,0,0,0,0,0,0,0,0,0,0,0,0,0,0,0,0,0,0,0,0,0,0,0,0,0,0,0,0,0,0,0,0,0,0,0,0,0,0,0,0,0,0,0,0,0,0,0,0,0,0,0,0,0,0,0,0,0,0,0,0,0,0,0,0,0,0,0,0,0,0,0,0,0,0,0,0,0,0,0,0,0,0,0,0,0,0,0,0,0,0,0,0,0,0,0,0,0,0,0,0,0,0,0,0,0,0,0,0,0,0,0,0,0,0,0,0,0,0,0,0,0,0,0,0,0,0,0,0,0,0,0,0,0,0,0,0,0,0,0,0,0,0,0,0,0,0,0,0,0,0,0,0,0,0,0,0,0,0,0,0,0,0,
Cash_27,0,0,0,0,0,0,0,0,0,0,0,0,0,0,0,0,0,0,0,0,0,0,0,0,0,0,0,0,0,0,0,0,0,0,0,0,0,0,0,0,0,0,0,0,0,0,0,0,0,0,0,0,0,0,0,0,0,0,0,0,0,0,0,0,0,0,0,0,0,0,0,0,0,0,0,0,0,0,0,0,0,0,0,0,0,0,0,0,0,0,0,0,0,0,0,0,0,0,0,0,0,0,0,0,0,0,0,0,0,0,0,0,0,0,0,0,0,0,0,0,0,0,0,0,0,0,0,0,0,0,0,0,0,0,0,0,0,0,0,0,0,0,0,0,0,0,0,0,0,0,0,0,0,0,0,0,0,0,0,0,0,0,0,0,0,0,0,0,0,0,0,0,0,0,0,0,0,0,0,0,0,0,0,0,0,0,0,0,0,0,0,0,0,0,0,0,0,0,0,0,0,0,0,0,0,0,0,0,0,0,0,0,0,0,0,0,0,0,0,0,0,0,0,0,0,0,0,0,0,0,0,0,0,0,0,0,0,0,0,0,0,0,0,0,0,0,0,0,0,0,0,0,0,0,0,0,0,0,0,0,0,0,0,0,0,0,0,0,0,0,0,0,0,0,0,0,0,0,0,0,0,0,0,0,0,0,0,0,0,0,0,0,0,0,0,0,0,0,0,0,0,
Cash_28,0,0,0,0,0,0,0,0,0,0,0,0,0,0,0,0,0,0,0,0,0,0,0,0,0,0,0,0,0,0,0,0,0,0,0,0,0,0,0,0,0,0,0,0,0,0,0,0,0,0,0,0,0,0,0,0,0,0,0,0,0,0,0,0,0,0,0,0,0,0,0,0,0,0,0,0,0,0,0,0,0,0,0,0,0,0,0,0,0,0,0,0,0,0,0,0,0,0,0,0,0,0,0,0,0,0,0,0,0,0,0,0,0,0,0,0,0,0,0,0,0,0,0,0,0,0,0,0,0,0,0,0,0,0,0,0,0,0,0,0,0,0,0,0,0,0,0,0,0,0,0,0,0,0,0,0,0,0,0,0,0,0,0,0,0,0,0,0,0,0,0,0,0,0,0,0,0,0,0,0,0,0,0,0,0,0,0,0,0,0,0,0,0,0,0,0,0,0,0,0,0,0,0,0,0,0,0,0,0,0,0,0,0,0,0,0,0,0,0,0,0,0,0,0,0,0,0,0,0,0,0,0,0,0,0,0,0,0,0,0,0,0,0,0,0,0,0,0,0,0,0,0,0,0,0,0,0,0,0,0,0,0,0,0,0,0,0,0,0,0,0,0,0,0,0,0,0,0,0,0,0,0,0,0,0,0,0,0,0,0,0,0,0,0,0,0,0,0,0,0,0,
Cash_29,0,0,0,0,0,0,0,0,0,0,0,0,0,0,0,0,0,0,0,0,0,0,0,0,0,0,0,0,0,0,0,0,0,0,0,0,0,0,0,0,0,0,0,0,0,0,0,0,0,0,0,0,0,0,0,0,0,0,0,0,0,0,0,0,0,0,0,0,0,0,0,0,0,0,0,0,0,0,0,0,0,0,0,0,0,0,0,0,0,0,0,0,0,0,0,0,0,0,0,0,0,0,0,0,0,0,0,0,0,0,0,0,0,0,0,0,0,0,0,0,0,0,0,0,0,0,0,0,0,0,0,0,0,0,0,0,0,0,0,0,0,0,0,0,0,0,0,0,0,0,0,0,0,0,0,0,0,0,0,0,0,0,0,0,0,0,0,0,0,0,0,0,0,0,0,0,0,0,0,0,0,0,0,0,0,0,0,0,0,0,0,0,0,0,0,0,0,0,0,0,0,0,0,0,0,0,0,0,0,0,0,0,0,0,0,0,0,0,0,0,0,0,0,0,0,0,0,0,0,0,0,0,0,0,0,0,0,0,0,0,0,0,0,0,0,0,0,0,0,0,0,0,0,0,0,0,0,0,0,0,0,0,0,0,0,0,0,0,0,0,0,0,0,0,0,0,0,0,0,0,0,0,0,0,0,0,0,0,0,0,0,0,0,0,0,0,0,0,0,0,0,
Cash_30,0,0,0,0,0,0,0,0,0,0,0,0,0,0,0,0,0,0,0,0,0,0,0,0,0,0,0,0,0,0,0,0,0,0,0,0,0,0,0,0,0,0,0,0,0,0,0,0,0,0,0,0,0,0,0,0,0,0,0,0,0,0,0,0,0,0,0,0,0,0,0,0,0,0,0,0,0,0,0,0,0,0,0,0,0,0,0,0,0,0,0,0,0,0,0,0,0,0,0,0,0,0,0,0,0,0,0,0,0,0,0,0,0,0,0,0,0,0,0,0,0,0,0,0,0,0,0,0,0,0,0,0,0,0,0,0,0,0,0,0,0,0,0,0,0,0,0,0,0,0,0,0,0,0,0,0,0,0,0,0,0,0,0,0,0,0,0,0,0,0,0,0,0,0,0,0,0,0,0,0,0,0,0,0,0,0,0,0,0,0,0,0,0,0,0,0,0,0,0,0,0,0,0,0,0,0,0,0,0,0,0,0,0,0,0,0,0,0,0,0,0,0,0,0,0,0,0,0,0,0,0,0,0,0,0,0,0,0,0,0,0,0,0,0,0,0,0,0,0,0,0,0,0,0,0,0,0,0,0,0,0,0,0,0,0,0,0,0,0,0,0,0,0,0,0,0,0,0,0,0,0,0,0,0,0,0,0,0,0,0,0,0,0,0,0,0,0,0,0,0,0,
Cash_31,0,0,0,0,0,0,0,0,0,0,0,0,0,0,0,0,0,0,0,0,0,0,0,0,0,0,0,0,0,0,0,0,0,0,0,0,0,0,0,0,0,0,0,0,0,0,0,0,0,0,0,0,0,0,0,0,0,0,0,0,0,0,0,0,0,0,0,0,0,0,0,0,0,0,0,0,0,0,0,0,0,0,0,0,0,0,0,0,0,0,0,0,0,0,0,0,0,0,0,0,0,0,0,0,0,0,0,0,0,0,0,0,0,0,0,0,0,0,0,0,0,0,0,0,0,0,0,0,0,0,0,0,0,0,0,0,0,0,0,0,0,0,0,0,0,0,0,0,0,0,0,0,0,0,0,0,0,0,0,0,0,0,0,0,0,0,0,0,0,0,0,0,0,0,0,0,0,0,0,0,0,0,0,0,0,0,0,0,0,0,0,0,0,0,0,0,0,0,0,0,0,0,0,0,0,0,0,0,0,0,0,0,0,0,0,0,0,0,0,0,0,0,0,0,0,0,0,0,0,0,0,0,0,0,0,0,0,0,0,0,0,0,0,0,0,0,0,0,0,0,0,0,0,0,0,0,0,0,0,0,0,0,0,0,0,0,0,0,0,0,0,0,0,0,0,0,0,0,0,0,0,0,0,0,0,0,0,0,0,0,0,0,0,0,0,0,0,0,0,0,0,
Cash_32,0,0,0,0,0,0,0,0,0,0,0,0,0,0,0,0,0,0,0,0,0,0,0,0,0,0,0,0,0,0,0,0,0,0,0,0,0,0,0,0,0,0,0,0,0,0,0,0,0,0,0,0,0,0,0,0,0,0,0,0,0,0,0,0,0,0,0,0,0,0,0,0,0,0,0,0,0,0,0,0,0,0,0,0,0,0,0,0,0,0,0,0,0,0,0,0,0,0,0,0,0,0,0,0,0,0,0,0,0,0,0,0,0,0,0,0,0,0,0,0,0,0,0,0,0,0,0,0,0,0,0,0,0,0,0,0,0,0,0,0,0,0,0,0,0,0,0,0,0,0,0,0,0,0,0,0,0,0,0,0,0,0,0,0,0,0,0,0,0,0,0,0,0,0,0,0,0,0,0,0,0,0,0,0,0,0,0,0,0,0,0,0,0,0,0,0,0,0,0,0,0,0,0,0,0,0,0,0,0,0,0,0,0,0,0,0,0,0,0,0,0,0,0,0,0,0,0,0,0,0,0,0,0,0,0,0,0,0,0,0,0,0,0,0,0,0,0,0,0,0,0,0,0,0,0,0,0,0,0,0,0,0,0,0,0,0,0,0,0,0,0,0,0,0,0,0,0,0,0,0,0,0,0,0,0,0,0,0,0,0,0,0,0,0,0,0,0,0,0,0,0,
Cash_33,0,0,0,0,0,0,0,0,0,0,0,0,0,0,0,0,0,0,0,0,0,0,0,0,0,0,0,0,0,0,0,0,0,0,0,0,0,0,0,0,0,0,0,0,0,0,0,0,0,0,0,0,0,0,0,0,0,0,0,0,0,0,0,0,0,0,0,0,0,0,0,0,0,0,0,0,0,0,0,0,0,0,0,0,0,0,0,0,0,0,0,0,0,0,0,0,0,0,0,0,0,0,0,0,0,0,0,0,0,0,0,0,0,0,0,0,0,0,0,0,0,0,0,0,0,0,0,0,0,0,0,0,0,0,0,0,0,0,0,0,0,0,0,0,0,0,0,0,0,0,0,0,0,0,0,0,0,0,0,0,0,0,0,0,0,0,0,0,0,0,0,0,0,0,0,0,0,0,0,0,0,0,0,0,0,0,0,0,0,0,0,0,0,0,0,0,0,0,0,0,0,0,0,0,0,0,0,0,0,0,0,0,0,0,0,0,0,0,0,0,0,0,0,0,0,0,0,0,0,0,0,0,0,0,0,0,0,0,0,0,0,0,0,0,0,0,0,0,0,0,0,0,0,0,0,0,0,0,0,0,0,0,0,0,0,0,0,0,0,0,0,0,0,0,0,0,0,0,0,0,0,0,0,0,0,0,0,0,0,0,0,0,0,0,0,0,0,0,0,0,0,
Cash_34,0,0,0,0,0,0,0,0,0,0,0,0,0,0,0,0,0,0,0,0,0,0,0,0,0,0,0,0,0,0,0,0,0,0,0,0,0,0,0,0,0,0,0,0,0,0,0,0,0,0,0,0,0,0,0,0,0,0,0,0,0,0,0,0,0,0,0,0,0,0,0,0,0,0,0,0,0,0,0,0,0,0,0,0,0,0,0,0,0,0,0,0,0,0,0,0,0,0,0,0,0,0,0,0,0,0,0,0,0,0,0,0,0,0,0,0,0,0,0,0,0,0,0,0,0,0,0,0,0,0,0,0,0,0,0,0,0,0,0,0,0,0,0,0,0,0,0,0,0,0,0,0,0,0,0,0,0,0,0,0,0,0,0,0,0,0,0,0,0,0,0,0,0,0,0,0,0,0,0,0,0,0,0,0,0,0,0,0,0,0,0,0,0,0,0,0,0,0,0,0,0,0,0,0,0,0,0,0,0,0,0,0,0,0,0,0,0,0,0,0,0,0,0,0,0,0,0,0,0,0,0,0,0,0,0,0,0,0,0,0,0,0,0,0,0,0,0,0,0,0,0,0,0,0,0,0,0,0,0,0,0,0,0,0,0,0,0,0,0,0,0,0,0,0,0,0,0,0,0,0,0,0,0,0,0,0,0,0,0,0,0,0,0,0,0,0,0,0,0,0,0,
Cash_35,0,0,0,0,0,0,0,0,0,0,0,0,0,0,0,0,0,0,0,0,0,0,0,0,0,0,0,0,0,0,0,0,0,0,0,0,0,0,0,0,0,0,0,0,0,0,0,0,0,0,0,0,0,0,0,0,0,0,0,0,0,0,0,0,0,0,0,0,0,0,0,0,0,0,0,0,0,0,0,0,0,0,0,0,0,0,0,0,0,0,0,0,0,0,0,0,0,0,0,0,0,0,0,0,0,0,0,0,0,0,0,0,0,0,0,0,0,0,0,0,0,0,0,0,0,0,0,0,0,0,0,0,0,0,0,0,0,0,0,0,0,0,0,0,0,0,0,0,0,0,0,0,0,0,0,0,0,0,0,0,0,0,0,0,0,0,0,0,0,0,0,0,0,0,0,0,0,0,0,0,0,0,0,0,0,0,0,0,0,0,0,0,0,0,0,0,0,0,0,0,0,0,0,0,0,0,0,0,0,0,0,0,0,0,0,0,0,0,0,0,0,0,0,0,0,0,0,0,0,0,0,0,0,0,0,0,0,0,0,0,0,0,0,0,0,0,0,0,0,0,0,0,0,0,0,0,0,0,0,0,0,0,0,0,0,0,0,0,0,0,0,0,0,0,0,0,0,0,0,0,0,0,0,0,0,0,0,0,0,0,0,0,0,0,0,0,0,0,0,0,0,
Cash_36,0,0,0,0,0,0,0,0,0,0,0,0,0,0,0,0,0,0,0,0,0,0,0,0,0,0,0,0,0,0,0,0,0,0,0,0,0,0,0,0,0,0,0,0,0,0,0,0,0,0,0,0,0,0,0,0,0,0,0,0,0,0,0,0,0,0,0,0,0,0,0,0,0,0,0,0,0,0,0,0,0,0,0,0,0,0,0,0,0,0,0,0,0,0,0,0,0,0,0,0,0,0,0,0,0,0,0,0,0,0,0,0,0,0,0,0,0,0,0,0,0,0,0,0,0,0,0,0,0,0,0,0,0,0,0,0,0,0,0,0,0,0,0,0,0,0,0,0,0,0,0,0,0,0,0,0,0,0,0,0,0,0,0,0,0,0,0,0,0,0,0,0,0,0,0,0,0,0,0,0,0,0,0,0,0,0,0,0,0,0,0,0,0,0,0,0,0,0,0,0,0,0,0,0,0,0,0,0,0,0,0,0,0,0,0,0,0,0,0,0,0,0,0,0,0,0,0,0,0,0,0,0,0,0,0,0,0,0,0,0,0,0,0,0,0,0,0,0,0,0,0,0,0,0,0,0,0,0,0,0,0,0,0,0,0,0,0,0,0,0,0,0,0,0,0,0,0,0,0,0,0,0,0,0,0,0,0,0,0,0,0,0,0,0,0,0,0,0,0,0,0,
Cash_37,0,0,0,0,0,0,0,0,0,0,0,0,0,0,0,0,0,0,0,0,0,0,0,0,0,0,0,0,0,0,0,0,0,0,0,0,0,0,0,0,0,0,0,0,0,0,0,0,0,0,0,0,0,0,0,0,0,0,0,0,0,0,0,0,0,0,0,0,0,0,0,0,0,0,0,0,0,0,0,0,0,0,0,0,0,0,0,0,0,0,0,0,0,0,0,0,0,0,0,0,0,0,0,0,0,0,0,0,0,0,0,0,0,0,0,0,0,0,0,0,0,0,0,0,0,0,0,0,0,0,0,0,0,0,0,0,0,0,0,0,0,0,0,0,0,0,0,0,0,0,0,0,0,0,0,0,0,0,0,0,0,0,0,0,0,0,0,0,0,0,0,0,0,0,0,0,0,0,0,0,0,0,0,0,0,0,0,0,0,0,0,0,0,0,0,0,0,0,0,0,0,0,0,0,0,0,0,0,0,0,0,0,0,0,0,0,0,0,0,0,0,0,0,0,0,0,0,0,0,0,0,0,0,0,0,0,0,0,0,0,0,0,0,0,0,0,0,0,0,0,0,0,0,0,0,0,0,0,0,0,0,0,0,0,0,0,0,0,0,0,0,0,0,0,0,0,0,0,0,0,0,0,0,0,0,0,0,0,0,0,0,0,0,0,0,0,0,0,0,0,0,
Cash_38,0,0,0,0,0,0,0,0,0,0,0,0,0,0,0,0,0,0,0,0,0,0,0,0,0,0,0,0,0,0,0,0,0,0,0,0,0,0,0,0,0,0,0,0,0,0,0,0,0,0,0,0,0,0,0,0,0,0,0,0,0,0,0,0,0,0,0,0,0,0,0,0,0,0,0,0,0,0,0,0,0,0,0,0,0,0,0,0,0,0,0,0,0,0,0,0,0,0,0,0,0,0,0,0,0,0,0,0,0,0,0,0,0,0,0,0,0,0,0,0,0,0,0,0,0,0,0,0,0,0,0,0,0,0,0,0,0,0,0,0,0,0,0,0,0,0,0,0,0,0,0,0,0,0,0,0,0,0,0,0,0,0,0,0,0,0,0,0,0,0,0,0,0,0,0,0,0,0,0,0,0,0,0,0,0,0,0,0,0,0,0,0,0,0,0,0,0,0,0,0,0,0,0,0,0,0,0,0,0,0,0,0,0,0,0,0,0,0,0,0,0,0,0,0,0,0,0,0,0,0,0,0,0,0,0,0,0,0,0,0,0,0,0,0,0,0,0,0,0,0,0,0,0,0,0,0,0,0,0,0,0,0,0,0,0,0,0,0,0,0,0,0,0,0,0,0,0,0,0,0,0,0,0,0,0,0,0,0,0,0,0,0,0,0,0,0,0,0,0,0,0,
Cash_39,0,0,0,0,0,0,0,0,0,0,0,0,0,0,0,0,0,0,0,0,0,0,0,0,0,0,0,0,0,0,0,0,0,0,0,0,0,0,0,0,0,0,0,0,0,0,0,0,0,0,0,0,0,0,0,0,0,0,0,0,0,0,0,0,0,0,0,0,0,0,0,0,0,0,0,0,0,0,0,0,0,0,0,0,0,0,0,0,0,0,0,0,0,0,0,0,0,0,0,0,0,0,0,0,0,0,0,0,0,0,0,0,0,0,0,0,0,0,0,0,0,0,0,0,0,0,0,0,0,0,0,0,0,0,0,0,0,0,0,0,0,0,0,0,0,0,0,0,0,0,0,0,0,0,0,0,0,0,0,0,0,0,0,0,0,0,0,0,0,0,0,0,0,0,0,0,0,0,0,0,0,0,0,0,0,0,0,0,0,0,0,0,0,0,0,0,0,0,0,0,0,0,0,0,0,0,0,0,0,0,0,0,0,0,0,0,0,0,0,0,0,0,0,0,0,0,0,0,0,0,0,0,0,0,0,0,0,0,0,0,0,0,0,0,0,0,0,0,0,0,0,0,0,0,0,0,0,0,0,0,0,0,0,0,0,0,0,0,0,0,0,0,0,0,0,0,0,0,0,0,0,0,0,0,0,0,0,0,0,0,0,0,0,0,0,0,0,0,0,0,0,
Cash_40,0,0,0,0,0,0,0,0,0,0,0,0,0,0,0,0,0,0,0,0,0,0,0,0,0,0,0,0,0,0,0,0,0,0,0,0,0,0,0,0,0,0,0,0,0,0,0,0,0,0,0,0,0,0,0,0,0,0,0,0,0,0,0,0,0,0,0,0,0,0,0,0,0,0,0,0,0,0,0,0,0,0,0,0,0,0,0,0,0,0,0,0,0,0,0,0,0,0,0,0,0,0,0,0,0,0,0,0,0,0,0,0,0,0,0,0,0,0,0,0,0,0,0,0,0,0,0,0,0,0,0,0,0,0,0,0,0,0,0,0,0,0,0,0,0,0,0,0,0,0,0,0,0,0,0,0,0,0,0,0,0,0,0,0,0,0,0,0,0,0,0,0,0,0,0,0,0,0,0,0,0,0,0,0,0,0,0,0,0,0,0,0,0,0,0,0,0,0,0,0,0,0,0,0,0,0,0,0,0,0,0,0,0,0,0,0,0,0,0,0,0,0,0,0,0,0,0,0,0,0,0,0,0,0,0,0,0,0,0,0,0,0,0,0,0,0,0,0,0,0,0,0,0,0,0,0,0,0,0,0,0,0,0,0,0,0,0,0,0,0,0,0,0,0,0,0,0,0,0,0,0,0,0,0,0,0,0,0,0,0,0,0,0,0,0,0,0,0,0,0,0,
Cash_41,0,0,0,0,0,0,0,0,0,0,0,0,0,0,0,0,0,0,0,0,0,0,0,0,0,0,0,0,0,0,0,0,0,0,0,0,0,0,0,0,0,0,0,0,0,0,0,0,0,0,0,0,0,0,0,0,0,0,0,0,0,0,0,0,0,0,0,0,0,0,0,0,0,0,0,0,0,0,0,0,0,0,0,0,0,0,0,0,0,0,0,0,0,0,0,0,0,0,0,0,0,0,0,0,0,0,0,0,0,0,0,0,0,0,0,0,0,0,0,0,0,0,0,0,0,0,0,0,0,0,0,0,0,0,0,0,0,0,0,0,0,0,0,0,0,0,0,0,0,0,0,0,0,0,0,0,0,0,0,0,0,0,0,0,0,0,0,0,0,0,0,0,0,0,0,0,0,0,0,0,0,0,0,0,0,0,0,0,0,0,0,0,0,0,0,0,0,0,0,0,0,0,0,0,0,0,0,0,0,0,0,0,0,0,0,0,0,0,0,0,0,0,0,0,0,0,0,0,0,0,0,0,0,0,0,0,0,0,0,0,0,0,0,0,0,0,0,0,0,0,0,0,0,0,0,0,0,0,0,0,0,0,0,0,0,0,0,0,0,0,0,0,0,0,0,0,0,0,0,0,0,0,0,0,0,0,0,0,0,0,0,0,0,0,0,0,0,0,0,0,0,
Cash_42,0,0,0,0,0,0,0,0,0,0,0,0,0,0,0,0,0,0,0,0,0,0,0,0,0,0,0,0,0,0,0,0,0,0,0,0,0,0,0,0,0,0,0,0,0,0,0,0,0,0,0,0,0,0,0,0,0,0,0,0,0,0,0,0,0,0,0,0,0,0,0,0,0,0,0,0,0,0,0,0,0,0,0,0,0,0,0,0,0,0,0,0,0,0,0,0,0,0,0,0,0,0,0,0,0,0,0,0,0,0,0,0,0,0,0,0,0,0,0,0,0,0,0,0,0,0,0,0,0,0,0,0,0,0,0,0,0,0,0,0,0,0,0,0,0,0,0,0,0,0,0,0,0,0,0,0,0,0,0,0,0,0,0,0,0,0,0,0,0,0,0,0,0,0,0,0,0,0,0,0,0,0,0,0,0,0,0,0,0,0,0,0,0,0,0,0,0,0,0,0,0,0,0,0,0,0,0,0,0,0,0,0,0,0,0,0,0,0,0,0,0,0,0,0,0,0,0,0,0,0,0,0,0,0,0,0,0,0,0,0,0,0,0,0,0,0,0,0,0,0,0,0,0,0,0,0,0,0,0,0,0,0,0,0,0,0,0,0,0,0,0,0,0,0,0,0,0,0,0,0,0,0,0,0,0,0,0,0,0,0,0,0,0,0,0,0,0,0,0,0,0,
Cash_43,0,0,0,0,0,0,0,0,0,0,0,0,0,0,0,0,0,0,0,0,0,0,0,0,0,0,0,0,0,0,0,0,0,0,0,0,0,0,0,0,0,0,0,0,0,0,0,0,0,0,0,0,0,0,0,0,0,0,0,0,0,0,0,0,0,0,0,0,0,0,0,0,0,0,0,0,0,0,0,0,0,0,0,0,0,0,0,0,0,0,0,0,0,0,0,0,0,0,0,0,0,0,0,0,0,0,0,0,0,0,0,0,0,0,0,0,0,0,0,0,0,0,0,0,0,0,0,0,0,0,0,0,0,0,0,0,0,0,0,0,0,0,0,0,0,0,0,0,0,0,0,0,0,0,0,0,0,0,0,0,0,0,0,0,0,0,0,0,0,0,0,0,0,0,0,0,0,0,0,0,0,0,0,0,0,0,0,0,0,0,0,0,0,0,0,0,0,0,0,0,0,0,0,0,0,0,0,0,0,0,0,0,0,0,0,0,0,0,0,0,0,0,0,0,0,0,0,0,0,0,0,0,0,0,0,0,0,0,0,0,0,0,0,0,0,0,0,0,0,0,0,0,0,0,0,0,0,0,0,0,0,0,0,0,0,0,0,0,0,0,0,0,0,0,0,0,0,0,0,0,0,0,0,0,0,0,0,0,0,0,0,0,0,0,0,0,0,0,0,0,0,
Cash_44,0,0,0,0,0,0,0,0,0,0,0,0,0,0,0,0,0,0,0,0,0,0,0,0,0,0,0,0,0,0,0,0,0,0,0,0,0,0,0,0,0,0,0,0,0,0,0,0,0,0,0,0,0,0,0,0,0,0,0,0,0,0,0,0,0,0,0,0,0,0,0,0,0,0,0,0,0,0,0,0,0,0,0,0,0,0,0,0,0,0,0,0,0,0,0,0,0,0,0,0,0,0,0,0,0,0,0,0,0,0,0,0,0,0,0,0,0,0,0,0,0,0,0,0,0,0,0,0,0,0,0,0,0,0,0,0,0,0,0,0,0,0,0,0,0,0,0,0,0,0,0,0,0,0,0,0,0,0,0,0,0,0,0,0,0,0,0,0,0,0,0,0,0,0,0,0,0,0,0,0,0,0,0,0,0,0,0,0,0,0,0,0,0,0,0,0,0,0,0,0,0,0,0,0,0,0,0,0,0,0,0,0,0,0,0,0,0,0,0,0,0,0,0,0,0,0,0,0,0,0,0,0,0,0,0,0,0,0,0,0,0,0,0,0,0,0,0,0,0,0,0,0,0,0,0,0,0,0,0,0,0,0,0,0,0,0,0,0,0,0,0,0,0,0,0,0,0,0,0,0,0,0,0,0,0,0,0,0,0,0,0,0,0,0,0,0,0,0,0,0,0,
Cash_45,0,0,0,0,0,0,0,0,0,0,0,0,0,0,0,0,0,0,0,0,0,0,0,0,0,0,0,0,0,0,0,0,0,0,0,0,0,0,0,0,0,0,0,0,0,0,0,0,0,0,0,0,0,0,0,0,0,0,0,0,0,0,0,0,0,0,0,0,0,0,0,0,0,0,0,0,0,0,0,0,0,0,0,0,0,0,0,0,0,0,0,0,0,0,0,0,0,0,0,0,0,0,0,0,0,0,0,0,0,0,0,0,0,0,0,0,0,0,0,0,0,0,0,0,0,0,0,0,0,0,0,0,0,0,0,0,0,0,0,0,0,0,0,0,0,0,0,0,0,0,0,0,0,0,0,0,0,0,0,0,0,0,0,0,0,0,0,0,0,0,0,0,0,0,0,0,0,0,0,0,0,0,0,0,0,0,0,0,0,0,0,0,0,0,0,0,0,0,0,0,0,0,0,0,0,0,0,0,0,0,0,0,0,0,0,0,0,0,0,0,0,0,0,0,0,0,0,0,0,0,0,0,0,0,0,0,0,0,0,0,0,0,0,0,0,0,0,0,0,0,0,0,0,0,0,0,0,0,0,0,0,0,0,0,0,0,0,0,0,0,0,0,0,0,0,0,0,0,0,0,0,0,0,0,0,0,0,0,0,0,0,0,0,0,0,0,0,0,0,0,0,
Cash_46,0,0,0,0,0,0,0,0,0,0,0,0,0,0,0,0,0,0,0,0,0,0,0,0,0,0,0,0,0,0,0,0,0,0,0,0,0,0,0,0,0,0,0,0,0,0,0,0,0,0,0,0,0,0,0,0,0,0,0,0,0,0,0,0,0,0,0,0,0,0,0,0,0,0,0,0,0,0,0,0,0,0,0,0,0,0,0,0,0,0,0,0,0,0,0,0,0,0,0,0,0,0,0,0,0,0,0,0,0,0,0,0,0,0,0,0,0,0,0,0,0,0,0,0,0,0,0,0,0,0,0,0,0,0,0,0,0,0,0,0,0,0,0,0,0,0,0,0,0,0,0,0,0,0,0,0,0,0,0,0,0,0,0,0,0,0,0,0,0,0,0,0,0,0,0,0,0,0,0,0,0,0,0,0,0,0,0,0,0,0,0,0,0,0,0,0,0,0,0,0,0,0,0,0,0,0,0,0,0,0,0,0,0,0,0,0,0,0,0,0,0,0,0,0,0,0,0,0,0,0,0,0,0,0,0,0,0,0,0,0,0,0,0,0,0,0,0,0,0,0,0,0,0,0,0,0,0,0,0,0,0,0,0,0,0,0,0,0,0,0,0,0,0,0,0,0,0,0,0,0,0,0,0,0,0,0,0,0,0,0,0,0,0,0,0,0,0,0,0,0,0,
Cash_47,0,0,0,0,0,0,0,0,0,0,0,0,0,0,0,0,0,0,0,0,0,0,0,0,0,0,0,0,0,0,0,0,0,0,0,0,0,0,0,0,0,0,0,0,0,0,0,0,0,0,0,0,0,0,0,0,0,0,0,0,0,0,0,0,0,0,0,0,0,0,0,0,0,0,0,0,0,0,0,0,0,0,0,0,0,0,0,0,0,0,0,0,0,0,0,0,0,0,0,0,0,0,0,0,0,0,0,0,0,0,0,0,0,0,0,0,0,0,0,0,0,0,0,0,0,0,0,0,0,0,0,0,0,0,0,0,0,0,0,0,0,0,0,0,0,0,0,0,0,0,0,0,0,0,0,0,0,0,0,0,0,0,0,0,0,0,0,0,0,0,0,0,0,0,0,0,0,0,0,0,0,0,0,0,0,0,0,0,0,0,0,0,0,0,0,0,0,0,0,0,0,0,0,0,0,0,0,0,0,0,0,0,0,0,0,0,0,0,0,0,0,0,0,0,0,0,0,0,0,0,0,0,0,0,0,0,0,0,0,0,0,0,0,0,0,0,0,0,0,0,0,0,0,0,0,0,0,0,0,0,0,0,0,0,0,0,0,0,0,0,0,0,0,0,0,0,0,0,0,0,0,0,0,0,0,0,0,0,0,0,0,0,0,0,0,0,0,0,0,0,0,
Cash_48,0,0,0,0,0,0,0,0,0,0,0,0,0,0,0,0,0,0,0,0,0,0,0,0,0,0,0,0,0,0,0,0,0,0,0,0,0,0,0,0,0,0,0,0,0,0,0,0,0,0,0,0,0,0,0,0,0,0,0,0,0,0,0,0,0,0,0,0,0,0,0,0,0,0,0,0,0,0,0,0,0,0,0,0,0,0,0,0,0,0,0,0,0,0,0,0,0,0,0,0,0,0,0,0,0,0,0,0,0,0,0,0,0,0,0,0,0,0,0,0,0,0,0,0,0,0,0,0,0,0,0,0,0,0,0,0,0,0,0,0,0,0,0,0,0,0,0,0,0,0,0,0,0,0,0,0,0,0,0,0,0,0,0,0,0,0,0,0,0,0,0,0,0,0,0,0,0,0,0,0,0,0,0,0,0,0,0,0,0,0,0,0,0,0,0,0,0,0,0,0,0,0,0,0,0,0,0,0,0,0,0,0,0,0,0,0,0,0,0,0,0,0,0,0,0,0,0,0,0,0,0,0,0,0,0,0,0,0,0,0,0,0,0,0,0,0,0,0,0,0,0,0,0,0,0,0,0,0,0,0,0,0,0,0,0,0,0,0,0,0,0,0,0,0,0,0,0,0,0,0,0,0,0,0,0,0,0,0,0,0,0,0,0,0,0,0,0,0,0,0,0,
Cash_49,0,0,0,0,0,0,0,0,0,0,0,0,0,0,0,0,0,0,0,0,0,0,0,0,0,0,0,0,0,0,0,0,0,0,0,0,0,0,0,0,0,0,0,0,0,0,0,0,0,0,0,0,0,0,0,0,0,0,0,0,0,0,0,0,0,0,0,0,0,0,0,0,0,0,0,0,0,0,0,0,0,0,0,0,0,0,0,0,0,0,0,0,0,0,0,0,0,0,0,0,0,0,0,0,0,0,0,0,0,0,0,0,0,0,0,0,0,0,0,0,0,0,0,0,0,0,0,0,0,0,0,0,0,0,0,0,0,0,0,0,0,0,0,0,0,0,0,0,0,0,0,0,0,0,0,0,0,0,0,0,0,0,0,0,0,0,0,0,0,0,0,0,0,0,0,0,0,0,0,0,0,0,0,0,0,0,0,0,0,0,0,0,0,0,0,0,0,0,0,0,0,0,0,0,0,0,0,0,0,0,0,0,0,0,0,0,0,0,0,0,0,0,0,0,0,0,0,0,0,0,0,0,0,0,0,0,0,0,0,0,0,0,0,0,0,0,0,0,0,0,0,0,0,0,0,0,0,0,0,0,0,0,0,0,0,0,0,0,0,0,0,0,0,0,0,0,0,0,0,0,0,0,0,0,0,0,0,0,0,0,0,0,0,0,0,0,0,0,0,0,0,
Cash_50,0,0,0,0,0,0,0,0,0,0,0,0,0,0,0,0,0,0,0,0,0,0,0,0,0,0,0,0,0,0,0,0,0,0,0,0,0,0,0,0,0,0,0,0,0,0,0,0,0,0,0,0,0,0,0,0,0,0,0,0,0,0,0,0,0,0,0,0,0,0,0,0,0,0,0,0,0,0,0,0,0,0,0,0,0,0,0,0,0,0,0,0,0,0,0,0,0,0,0,0,0,0,0,0,0,0,0,0,0,0,0,0,0,0,0,0,0,0,0,0,0,0,0,0,0,0,0,0,0,0,0,0,0,0,0,0,0,0,0,0,0,0,0,0,0,0,0,0,0,0,0,0,0,0,0,0,0,0,0,0,0,0,0,0,0,0,0,0,0,0,0,0,0,0,0,0,0,0,0,0,0,0,0,0,0,0,0,0,0,0,0,0,0,0,0,0,0,0,0,0,0,0,0,0,0,0,0,0,0,0,0,0,0,0,0,0,0,0,0,0,0,0,0,0,0,0,0,0,0,0,0,0,0,0,0,0,0,0,0,0,0,0,0,0,0,0,0,0,0,0,0,0,0,0,0,0,0,0,0,0,0,0,0,0,0,0,0,0,0,0,0,0,0,0,0,0,0,0,0,0,0,0,0,0,0,0,0,0,0,0,0,0,0,0,0,0,0,0,0,0,0,
Cash_51,0,0,0,0,0,0,0,0,0,0,0,0,0,0,0,0,0,0,0,0,0,0,0,0,0,0,0,0,0,0,0,0,0,0,0,0,0,0,0,0,0,0,0,0,0,0,0,0,0,0,0,0,0,0,0,0,0,0,0,0,0,0,0,0,0,0,0,0,0,0,0,0,0,0,0,0,0,0,0,0,0,0,0,0,0,0,0,0,0,0,0,0,0,0,0,0,0,0,0,0,0,0,0,0,0,0,0,0,0,0,0,0,0,0,0,0,0,0,0,0,0,0,0,0,0,0,0,0,0,0,0,0,0,0,0,0,0,0,0,0,0,0,0,0,0,0,0,0,0,0,0,0,0,0,0,0,0,0,0,0,0,0,0,0,0,0,0,0,0,0,0,0,0,0,0,0,0,0,0,0,0,0,0,0,0,0,0,0,0,0,0,0,0,0,0,0,0,0,0,0,0,0,0,0,0,0,0,0,0,0,0,0,0,0,0,0,0,0,0,0,0,0,0,0,0,0,0,0,0,0,0,0,0,0,0,0,0,0,0,0,0,0,0,0,0,0,0,0,0,0,0,0,0,0,0,0,0,0,0,0,0,0,0,0,0,0,0,0,0,0,0,0,0,0,0,0,0,0,0,0,0,0,0,0,0,0,0,0,0,0,0,0,0,0,0,0,0,0,0,0,0,
Cash_52,0,0,0,0,0,0,0,0,0,0,0,0,0,0,0,0,0,0,0,0,0,0,0,0,0,0,0,0,0,0,0,0,0,0,0,0,0,0,0,0,0,0,0,0,0,0,0,0,0,0,0,0,0,0,0,0,0,0,0,0,0,0,0,0,0,0,0,0,0,0,0,0,0,0,0,0,0,0,0,0,0,0,0,0,0,0,0,0,0,0,0,0,0,0,0,0,0,0,0,0,0,0,0,0,0,0,0,0,0,0,0,0,0,0,0,0,0,0,0,0,0,0,0,0,0,0,0,0,0,0,0,0,0,0,0,0,0,0,0,0,0,0,0,0,0,0,0,0,0,0,0,0,0,0,0,0,0,0,0,0,0,0,0,0,0,0,0,0,0,0,0,0,0,0,0,0,0,0,0,0,0,0,0,0,0,0,0,0,0,0,0,0,0,0,0,0,0,0,0,0,0,0,0,0,0,0,0,0,0,0,0,0,0,0,0,0,0,0,0,0,0,0,0,0,0,0,0,0,0,0,0,0,0,0,0,0,0,0,0,0,0,0,0,0,0,0,0,0,0,0,0,0,0,0,0,0,0,0,0,0,0,0,0,0,0,0,0,0,0,0,0,0,0,0,0,0,0,0,0,0,0,0,0,0,0,0,0,0,0,0,0,0,0,0,0,0,0,0,0,0,0,
Cash_53,0,0,0,0,0,0,0,0,0,0,0,0,0,0,0,0,0,0,0,0,0,0,0,0,0,0,0,0,0,0,0,0,0,0,0,0,0,0,0,0,0,0,0,0,0,0,0,0,0,0,0,0,0,0,0,0,0,0,0,0,0,0,0,0,0,0,0,0,0,0,0,0,0,0,0,0,0,0,0,0,0,0,0,0,0,0,0,0,0,0,0,0,0,0,0,0,0,0,0,0,0,0,0,0,0,0,0,0,0,0,0,0,0,0,0,0,0,0,0,0,0,0,0,0,0,0,0,0,0,0,0,0,0,0,0,0,0,0,0,0,0,0,0,0,0,0,0,0,0,0,0,0,0,0,0,0,0,0,0,0,0,0,0,0,0,0,0,0,0,0,0,0,0,0,0,0,0,0,0,0,0,0,0,0,0,0,0,0,0,0,0,0,0,0,0,0,0,0,0,0,0,0,0,0,0,0,0,0,0,0,0,0,0,0,0,0,0,0,0,0,0,0,0,0,0,0,0,0,0,0,0,0,0,0,0,0,0,0,0,0,0,0,0,0,0,0,0,0,0,0,0,0,0,0,0,0,0,0,0,0,0,0,0,0,0,0,0,0,0,0,0,0,0,0,0,0,0,0,0,0,0,0,0,0,0,0,0,0,0,0,0,0,0,0,0,0,0,0,0,0,0,
Cash_54,0,0,0,0,0,0,0,0,0,0,0,0,0,0,0,0,0,0,0,0,0,0,0,0,0,0,0,0,0,0,0,0,0,0,0,0,0,0,0,0,0,0,0,0,0,0,0,0,0,0,0,0,0,0,0,0,0,0,0,0,0,0,0,0,0,0,0,0,0,0,0,0,0,0,0,0,0,0,0,0,0,0,0,0,0,0,0,0,0,0,0,0,0,0,0,0,0,0,0,0,0,0,0,0,0,0,0,0,0,0,0,0,0,0,0,0,0,0,0,0,0,0,0,0,0,0,0,0,0,0,0,0,0,0,0,0,0,0,0,0,0,0,0,0,0,0,0,0,0,0,0,0,0,0,0,0,0,0,0,0,0,0,0,0,0,0,0,0,0,0,0,0,0,0,0,0,0,0,0,0,0,0,0,0,0,0,0,0,0,0,0,0,0,0,0,0,0,0,0,0,0,0,0,0,0,0,0,0,0,0,0,0,0,0,0,0,0,0,0,0,0,0,0,0,0,0,0,0,0,0,0,0,0,0,0,0,0,0,0,0,0,0,0,0,0,0,0,0,0,0,0,0,0,0,0,0,0,0,0,0,0,0,0,0,0,0,0,0,0,0,0,0,0,0,0,0,0,0,0,0,0,0,0,0,0,0,0,0,0,0,0,0,0,0,0,0,0,0,0,0,0,
Cash_55,0,0,0,0,0,0,0,0,0,0,0,0,0,0,0,0,0,0,0,0,0,0,0,0,0,0,0,0,0,0,0,0,0,0,0,0,0,0,0,0,0,0,0,0,0,0,0,0,0,0,0,0,0,0,0,0,0,0,0,0,0,0,0,0,0,0,0,0,0,0,0,0,0,0,0,0,0,0,0,0,0,0,0,0,0,0,0,0,0,0,0,0,0,0,0,0,0,0,0,0,0,0,0,0,0,0,0,0,0,0,0,0,0,0,0,0,0,0,0,0,0,0,0,0,0,0,0,0,0,0,0,0,0,0,0,0,0,0,0,0,0,0,0,0,0,0,0,0,0,0,0,0,0,0,0,0,0,0,0,0,0,0,0,0,0,0,0,0,0,0,0,0,0,0,0,0,0,0,0,0,0,0,0,0,0,0,0,0,0,0,0,0,0,0,0,0,0,0,0,0,0,0,0,0,0,0,0,0,0,0,0,0,0,0,0,0,0,0,0,0,0,0,0,0,0,0,0,0,0,0,0,0,0,0,0,0,0,0,0,0,0,0,0,0,0,0,0,0,0,0,0,0,0,0,0,0,0,0,0,0,0,0,0,0,0,0,0,0,0,0,0,0,0,0,0,0,0,0,0,0,0,0,0,0,0,0,0,0,0,0,0,0,0,0,0,0,0,0,0,0,0,
Cash_56,0,0,0,0,0,0,0,0,0,0,0,0,0,0,0,0,0,0,0,0,0,0,0,0,0,0,0,0,0,0,0,0,0,0,0,0,0,0,0,0,0,0,0,0,0,0,0,0,0,0,0,0,0,0,0,0,0,0,0,0,0,0,0,0,0,0,0,0,0,0,0,0,0,0,0,0,0,0,0,0,0,0,0,0,0,0,0,0,0,0,0,0,0,0,0,0,0,0,0,0,0,0,0,0,0,0,0,0,0,0,0,0,0,0,0,0,0,0,0,0,0,0,0,0,0,0,0,0,0,0,0,0,0,0,0,0,0,0,0,0,0,0,0,0,0,0,0,0,0,0,0,0,0,0,0,0,0,0,0,0,0,0,0,0,0,0,0,0,0,0,0,0,0,0,0,0,0,0,0,0,0,0,0,0,0,0,0,0,0,0,0,0,0,0,0,0,0,0,0,0,0,0,0,0,0,0,0,0,0,0,0,0,0,0,0,0,0,0,0,0,0,0,0,0,0,0,0,0,0,0,0,0,0,0,0,0,0,0,0,0,0,0,0,0,0,0,0,0,0,0,0,0,0,0,0,0,0,0,0,0,0,0,0,0,0,0,0,0,0,0,0,0,0,0,0,0,0,0,0,0,0,0,0,0,0,0,0,0,0,0,0,0,0,0,0,0,0,0,0,0,0,
Cash_57,0,0,0,0,0,0,0,0,0,0,0,0,0,0,0,0,0,0,0,0,0,0,0,0,0,0,0,0,0,0,0,0,0,0,0,0,0,0,0,0,0,0,0,0,0,0,0,0,0,0,0,0,0,0,0,0,0,0,0,0,0,0,0,0,0,0,0,0,0,0,0,0,0,0,0,0,0,0,0,0,0,0,0,0,0,0,0,0,0,0,0,0,0,0,0,0,0,0,0,0,0,0,0,0,0,0,0,0,0,0,0,0,0,0,0,0,0,0,0,0,0,0,0,0,0,0,0,0,0,0,0,0,0,0,0,0,0,0,0,0,0,0,0,0,0,0,0,0,0,0,0,0,0,0,0,0,0,0,0,0,0,0,0,0,0,0,0,0,0,0,0,0,0,0,0,0,0,0,0,0,0,0,0,0,0,0,0,0,0,0,0,0,0,0,0,0,0,0,0,0,0,0,0,0,0,0,0,0,0,0,0,0,0,0,0,0,0,0,0,0,0,0,0,0,0,0,0,0,0,0,0,0,0,0,0,0,0,0,0,0,0,0,0,0,0,0,0,0,0,0,0,0,0,0,0,0,0,0,0,0,0,0,0,0,0,0,0,0,0,0,0,0,0,0,0,0,0,0,0,0,0,0,0,0,0,0,0,0,0,0,0,0,0,0,0,0,0,0,0,0,0,
Cash_58,0,0,0,0,0,0,0,0,0,0,0,0,0,0,0,0,0,0,0,0,0,0,0,0,0,0,0,0,0,0,0,0,0,0,0,0,0,0,0,0,0,0,0,0,0,0,0,0,0,0,0,0,0,0,0,0,0,0,0,0,0,0,0,0,0,0,0,0,0,0,0,0,0,0,0,0,0,0,0,0,0,0,0,0,0,0,0,0,0,0,0,0,0,0,0,0,0,0,0,0,0,0,0,0,0,0,0,0,0,0,0,0,0,0,0,0,0,0,0,0,0,0,0,0,0,0,0,0,0,0,0,0,0,0,0,0,0,0,0,0,0,0,0,0,0,0,0,0,0,0,0,0,0,0,0,0,0,0,0,0,0,0,0,0,0,0,0,0,0,0,0,0,0,0,0,0,0,0,0,0,0,0,0,0,0,0,0,0,0,0,0,0,0,0,0,0,0,0,0,0,0,0,0,0,0,0,0,0,0,0,0,0,0,0,0,0,0,0,0,0,0,0,0,0,0,0,0,0,0,0,0,0,0,0,0,0,0,0,0,0,0,0,0,0,0,0,0,0,0,0,0,0,0,0,0,0,0,0,0,0,0,0,0,0,0,0,0,0,0,0,0,0,0,0,0,0,0,0,0,0,0,0,0,0,0,0,0,0,0,0,0,0,0,0,0,0,0,0,0,0,0,
Cash_59,0,0,0,0,0,0,0,0,0,0,0,0,0,0,0,0,0,0,0,0,0,0,0,0,0,0,0,0,0,0,0,0,0,0,0,0,0,0,0,0,0,0,0,0,0,0,0,0,0,0,0,0,0,0,0,0,0,0,0,0,0,0,0,0,0,0,0,0,0,0,0,0,0,0,0,0,0,0,0,0,0,0,0,0,0,0,0,0,0,0,0,0,0,0,0,0,0,0,0,0,0,0,0,0,0,0,0,0,0,0,0,0,0,0,0,0,0,0,0,0,0,0,0,0,0,0,0,0,0,0,0,0,0,0,0,0,0,0,0,0,0,0,0,0,0,0,0,0,0,0,0,0,0,0,0,0,0,0,0,0,0,0,0,0,0,0,0,0,0,0,0,0,0,0,0,0,0,0,0,0,0,0,0,0,0,0,0,0,0,0,0,0,0,0,0,0,0,0,0,0,0,0,0,0,0,0,0,0,0,0,0,0,0,0,0,0,0,0,0,0,0,0,0,0,0,0,0,0,0,0,0,0,0,0,0,0,0,0,0,0,0,0,0,0,0,0,0,0,0,0,0,0,0,0,0,0,0,0,0,0,0,0,0,0,0,0,0,0,0,0,0,0,0,0,0,0,0,0,0,0,0,0,0,0,0,0,0,0,0,0,0,0,0,0,0,0,0,0,0,0,0,
Cash_60,0,0,0,0,0,0,0,0,0,0,0,0,0,0,0,0,0,0,0,0,0,0,0,0,0,0,0,0,0,0,0,0,0,0,0,0,0,0,0,0,0,0,0,0,0,0,0,0,0,0,0,0,0,0,0,0,0,0,0,0,0,0,0,0,0,0,0,0,0,0,0,0,0,0,0,0,0,0,0,0,0,0,0,0,0,0,0,0,0,0,0,0,0,0,0,0,0,0,0,0,0,0,0,0,0,0,0,0,0,0,0,0,0,0,0,0,0,0,0,0,0,0,0,0,0,0,0,0,0,0,0,0,0,0,0,0,0,0,0,0,0,0,0,0,0,0,0,0,0,0,0,0,0,0,0,0,0,0,0,0,0,0,0,0,0,0,0,0,0,0,0,0,0,0,0,0,0,0,0,0,0,0,0,0,0,0,0,0,0,0,0,0,0,0,0,0,0,0,0,0,0,0,0,0,0,0,0,0,0,0,0,0,0,0,0,0,0,0,0,0,0,0,0,0,0,0,0,0,0,0,0,0,0,0,0,0,0,0,0,0,0,0,0,0,0,0,0,0,0,0,0,0,0,0,0,0,0,0,0,0,0,0,0,0,0,0,0,0,0,0,0,0,0,0,0,0,0,0,0,0,0,0,0,0,0,0,0,0,0,0,0,0,0,0,0,0,0,0,0,0,0,
Cash_61,0,0,0,0,0,0,0,0,0,0,0,0,0,0,0,0,0,0,0,0,0,0,0,0,0,0,0,0,0,0,0,0,0,0,0,0,0,0,0,0,0,0,0,0,0,0,0,0,0,0,0,0,0,0,0,0,0,0,0,0,0,0,0,0,0,0,0,0,0,0,0,0,0,0,0,0,0,0,0,0,0,0,0,0,0,0,0,0,0,0,0,0,0,0,0,0,0,0,0,0,0,0,0,0,0,0,0,0,0,0,0,0,0,0,0,0,0,0,0,0,0,0,0,0,0,0,0,0,0,0,0,0,0,0,0,0,0,0,0,0,0,0,0,0,0,0,0,0,0,0,0,0,0,0,0,0,0,0,0,0,0,0,0,0,0,0,0,0,0,0,0,0,0,0,0,0,0,0,0,0,0,0,0,0,0,0,0,0,0,0,0,0,0,0,0,0,0,0,0,0,0,0,0,0,0,0,0,0,0,0,0,0,0,0,0,0,0,0,0,0,0,0,0,0,0,0,0,0,0,0,0,0,0,0,0,0,0,0,0,0,0,0,0,0,0,0,0,0,0,0,0,0,0,0,0,0,0,0,0,0,0,0,0,0,0,0,0,0,0,0,0,0,0,0,0,0,0,0,0,0,0,0,0,0,0,0,0,0,0,0,0,0,0,0,0,0,0,0,0,0,0,
Cash_62,0,0,0,-12,-12,-12,-12,0,0,0,0,0,0,0,0,0,0,0,0,0,0,0,0,0,0,0,0,0,0,0,0,0,0,0,0,0,0,0,0,0,0,0,0,0,0,-16.4,-16.4,-16.4,-16.4,-16.4,-16.4,-16.4,-16.4,-16.4,-16.4,-16.4,-16.4,-16.4,-16.4,-16.4,-12,-12,-12,-12,0,0,0,0,0,0,0,0,0,0,0,0,0,0,0,0,0,0,0,0,0,0,0,0,0,0,0,0,0,0,0,0,0,0,0,0,0,0,0,0,0,0,0,0,0,0,0,0,0,0,0,0,0,0,0,0,0,0,0,0,0,0,0,0,0,0,0,0,0,0,0,0,0,0,0,0,0,0,0,0,0,0,0,0,0,0,0,0,0,0,0,0,0,0,0,0,0,0,0,0,0,0,0,0,0,0,0,0,0,0,0,0,0,0,0,0,0,0,0,0,0,0,0,0,0,0,0,0,0,0,0,0,0,0,0,0,0,0,0,0,0,0,0,0,0,0,0,0,0,0,0,0,0,0,0,0,0,0,0,0,0,0,0,0,0,0,0,0,0,0,0,0,0,0,0,0,0,0,0,0,0,0,0,0,0,0,0,0,0,0,0,0,0,0,0,0,0,0,0,0,0,0,0,0,0,0,0,0,0,0,0,0,0,0,0,0,0,0,0,0,0,0,0,0,0,0,0,0,0,0,0,0,0,0,0,0,0,
Cash_63,0,0,0,-13.1,-13.1,-13.1,-13.1,-13.1,-13.1,0,0,0,0,0,0,0,0,0,0,0,0,0,0,0,0,0,0,0,0,0,0,0,0,0,0,0,0,-13.1,-13.1,-13.1,-13.1,-13.1,-17.5,-17.5,-17.5,-17.5,-17.5,-17.5,-17.5,-17.5,-17.5,-17.5,-17.5,-17.5,-17.5,-17.5,-17.5,-17.5,-17.5,-17.5,-13.1,-13.1,-13.1,-13.1,-13.1,-13.1,-13.1,-13.1,0,0,0,0,0,0,0,0,0,0,0,0,0,0,0,0,0,0,0,0,0,0,0,0,0,0,0,0,0,0,0,0,0,0,0,0,0,0,0,0,0,0,0,0,0,0,0,0,0,0,0,0,0,0,0,0,0,0,0,0,0,0,0,0,0,0,0,0,0,0,0,0,0,0,0,0,0,0,0,0,0,0,0,0,0,0,0,0,0,0,0,0,0,0,0,0,0,0,0,0,0,0,0,0,0,0,0,0,0,0,0,0,0,0,0,0,0,0,0,0,0,0,0,0,0,0,0,0,0,0,0,0,0,0,0,0,0,0,0,0,0,0,0,0,0,0,0,0,0,0,0,0,0,0,0,0,0,0,0,0,0,0,0,0,0,0,0,0,0,0,0,0,0,0,0,0,0,0,0,0,0,0,0,0,0,0,0,0,0,0,0,0,0,0,0,0,0,0,0,0,0,0,0,0,0,0,0,0,0,0,0,0,0,0,0,0,0,0,0,0,0,0,0,0,0,0,0,0,0,0,0,0,0,
Cash_64,0,0,0,-14.2,-14.2,-14.2,-14.2,-14.2,-14.2,0,0,0,0,0,0,0,0,0,0,0,0,0,0,0,0,0,0,0,0,0,0,-14.2,-14.2,-14.2,-14.2,-14.2,-14.2,-14.2,-14.2,-14.2,-14.2,-18.6,-18.6,-18.6,-18.6,-18.6,-18.6,-18.6,-18.6,-18.6,-18.6,-18.6,-18.6,-18.6,-18.6,-18.6,-18.6,-18.6,-18.6,-14.2,-14.2,-14.2,-14.2,-14.2,-14.2,-14.2,-14.2,-14.2,-14.2,0,0,0,0,0,0,0,0,0,0,0,0,0,0,0,0,0,0,0,0,0,0,0,0,0,0,0,0,0,0,0,0,0,0,0,0,0,0,0,0,0,0,0,0,0,0,0,0,0,0,0,0,0,0,0,0,0,0,0,0,0,0,0,0,0,0,0,0,0,0,0,0,0,0,0,0,0,0,0,0,0,0,0,0,0,0,0,0,0,0,0,0,0,0,0,0,0,0,0,0,0,0,0,0,0,0,0,0,0,0,0,0,0,0,0,0,0,0,0,0,0,0,0,0,0,0,0,0,0,0,0,0,0,0,0,0,0,0,0,0,0,0,0,0,0,0,0,0,0,0,0,0,0,0,0,0,0,0,0,0,0,0,0,0,0,0,0,0,0,0,0,0,0,0,0,0,0,0,0,0,0,0,0,0,0,0,0,0,0,0,0,0,0,0,0,0,0,0,0,0,0,0,0,0,0,0,0,0,0,0,0,0,0,0,0,0,0,0,0,0,0,0,0,0,0,0,0,0,0,0,0,0,
Cash_65,0,0,-15.3,-15.3,-15.3,-15.3,-14.2,-14.2,-15.3,-15.3,-15.3,0,0,0,0,0,0,0,-15.3,-15.3,-15.3,-15.3,-15.3,-15.3,-15.3,-15.3,-15.3,-15.3,-15.3,-15.3,-15.3,-15.3,-15.3,-15.3,-15.3,-15.3,-15.3,-15.3,-15.3,-19.7,-19.7,-19.7,-19.7,-19.7,-19.7,-19.7,-19.7,-19.7,-19.7,-19.7,-19.7,-19.7,-19.7,-19.7,-19.7,-19.7,-19.7,-19.7,-19.7,-15.3,-15.3,-15.3,-15.3,-15.3,-15.3,-15.3,-15.3,-15.3,-15.3,-15.3,-15.3,0,0,0,0,0,0,0,0,0,0,0,0,0,0,0,0,0,0,0,0,0,0,0,0,0,0,0,0,0,0,0,0,0,0,0,0,0,0,0,0,0,0,0,0,0,0,0,0,0,0,0,0,0,0,0,0,0,0,0,0,0,0,0,0,0,0,0,0,0,0,0,0,0,0,0,0,0,0,0,0,0,0,0,0,0,0,0,0,0,0,0,0,0,0,0,0,0,0,0,0,0,0,0,0,0,0,0,0,0,0,0,0,0,0,0,0,0,0,0,0,0,0,0,0,0,0,0,0,0,0,0,0,0,0,0,0,0,0,0,0,0,0,0,0,0,0,0,0,0,0,0,0,0,0,0,0,0,0,0,0,0,0,0,0,0,0,0,0,0,0,0,0,0,0,0,0,0,0,0,0,0,0,0,0,0,0,0,0,0,0,0,0,0,0,0,0,0,0,0,0,0,0,0,0,0,0,0,0,0,0,0,0,0,0,0,0,0,0,0,0,0,0,0,0,0,0,0,0,0,0,
Cash_66,0,0,-16.4,-16.4,-15.3,-15.3,-15.3,-15.3,-16.4,-16.4,-16.4,-16.4,-16.4,-15.3,-15.3,-15.3,-15.3,-15.3,-16.4,-16.4,-16.4,-16.4,-16.4,-16.4,-16.4,-16.4,-16.4,-16.4,-16.4,-16.4,-16.4,-16.4,-16.4,-16.4,-16.4,-16.4,-16.4,-20.8,-20.8,-20.8,-20.8,-20.8,-20.8,-20.8,-20.8,-20.8,-20.8,-20.8,-20.8,-20.8,-20.8,-20.8,-20.8,-20.8,-20.8,-20.8,-20.8,-20.8,-20.8,-16.4,-16.4,-16.4,-16.4,-16.4,-16.4,-16.4,-16.4,-16.4,-16.4,-16.4,-15.3,-15.3,-15.3,0,0,0,0,0,0,0,0,0,0,0,0,0,0,0,0,0,0,0,0,0,0,0,0,0,0,0,0,0,0,0,0,0,0,0,0,0,0,0,0,0,0,0,0,0,0,0,0,0,0,0,0,0,0,0,0,0,0,0,0,0,0,0,0,0,0,0,0,0,0,0,0,0,0,0,0,0,0,0,0,0,0,0,0,0,0,0,0,0,0,0,0,0,0,0,0,0,0,0,0,0,0,0,0,0,0,0,0,0,0,0,0,0,0,0,0,0,0,0,0,0,0,0,0,0,0,0,0,0,0,0,0,0,0,0,0,0,0,0,0,0,0,0,0,0,0,0,0,0,0,0,0,0,0,0,0,0,0,0,0,0,0,0,0,0,0,0,0,0,0,0,0,0,0,0,0,0,0,0,0,0,0,0,0,0,0,0,0,0,0,0,0,0,0,0,0,0,0,0,0,0,0,0,0,0,0,0,0,0,0,0,0,0,0,0,0,0,0,0,0,0,0,0,0,0,0,0,0,
Cash_67,0,0,-16.4,-16.4,-16.4,-16.4,-16.4,-16.4,-16.4,-16.4,-16.4,-16.4,-16.4,-16.4,-16.4,-16.4,-16.4,-16.4,-16.4,-16.4,-16.4,-16.4,-16.4,-16.4,-16.4,-16.4,-16.4,-16.4,-16.4,-16.4,-17.5,-17.5,-17.5,-17.5,-17.5,-21.9,-21.9,-21.9,-21.9,-21.9,-21.9,-21.9,-21.9,-21.9,-21.9,-21.9,-21.9,-21.9,-21.9,-21.9,-21.9,-21.9,-21.9,-21.9,-21.9,-21.9,-21.9,-21.9,-21.9,-17.5,-17.5,-17.5,-17.5,-17.5,-17.5,-17.5,-16.4,-16.4,-16.4,-16.4,-16.4,-16.4,-16.4,-16.4,-16.4,-16.4,0,0,0,0,0,0,0,0,0,0,0,0,0,0,0,0,0,0,0,0,0,0,0,0,0,0,0,0,0,0,0,0,0,0,0,0,0,0,0,0,0,0,0,0,0,0,0,0,0,0,0,0,0,0,0,0,0,0,0,0,0,0,0,0,0,0,0,0,0,0,0,0,0,0,0,0,0,0,0,0,0,0,0,0,0,0,0,0,0,0,0,0,0,0,0,0,0,0,0,0,0,0,0,0,0,0,0,0,0,0,0,0,0,0,0,0,0,0,0,0,0,0,0,0,0,0,0,0,0,0,0,0,0,0,0,0,0,0,0,0,0,0,0,0,0,0,0,0,0,0,0,0,0,0,0,0,0,0,0,0,0,0,0,0,0,0,0,0,0,0,0,0,0,0,0,0,0,0,0,0,0,0,0,0,0,0,0,0,0,0,0,0,0,0,0,0,0,0,0,0,0,0,0,0,0,0,0,0,0,0,0,0,0,0,0,0,0,0,0,0,0,0,0,0,0,
Cash_68,0,-17.5,-17.5,-17.5,-17.5,-17.5,-17.5,-17.5,-17.5,-17.5,-17.5,-17.5,-17.5,-17.5,-17.5,-17.5,-17.5,-17.5,-17.5,-17.5,-17.5,-17.5,-17.5,-17.5,-17.5,-17.5,-17.5,-17.5,-17.5,-17.5,-17.5,-17.5,-17.5,-17.5,-23,-23,-23,-23,-23,-23,-23,-23,-23,-23,-23,-23,-23,-23,-23,-23,-23,-23,-23,-23,-23,-23,-23,-23,-18.6,-18.6,-18.6,-17.5,-17.5,-17.5,-17.5,-17.5,-17.5,-17.5,-17.5,-17.5,-17.5,-17.5,-17.5,-17.5,-17.5,-13.1,-13.1,-13.1,0,0,0,0,0,0,0,0,0,0,0,0,0,0,0,0,0,0,0,0,0,0,0,0,0,0,0,0,0,0,0,0,0,0,0,0,0,0,0,0,0,0,0,0,0,0,0,0,0,0,0,0,0,0,0,0,0,0,0,0,0,0,0,0,0,0,0,0,0,0,0,0,0,0,0,0,0,0,0,0,0,0,0,0,0,0,0,0,0,0,0,0,0,0,0,0,0,0,0,0,0,0,0,0,0,0,0,0,0,0,0,0,0,0,0,0,0,0,0,0,0,0,0,0,0,0,0,0,0,0,0,0,0,0,0,0,0,0,0,0,0,0,0,0,0,0,0,0,0,0,0,0,0,0,0,0,0,0,0,0,0,0,0,0,0,0,0,0,0,0,0,0,0,0,0,0,0,0,0,0,0,0,0,0,0,0,0,0,0,0,0,0,0,0,0,0,0,0,0,0,0,0,0,0,0,0,0,0,0,0,0,0,0,0,0,0,0,0,0,0,0,0,0,
Cash_69,0,-18.6,-18.6,-18.6,-18.6,-18.6,-18.6,-18.6,-18.6,-18.6,-18.6,-18.6,-18.6,-18.6,-18.6,-18.6,-18.6,-18.6,-18.6,-18.6,-18.6,-18.6,-18.6,-18.6,-18.6,-18.6,-18.6,-18.6,-18.6,-18.6,-18.6,-18.6,-18.6,-18.6,-18.6,-24.1,-24.1,-24.1,-24.1,-24.1,-24.1,-24.1,-24.1,-24.1,-24.1,-24.1,-24.1,-24.1,-24.1,-24.1,-24.1,-24.1,-24.1,-24.1,-24.1,-24.1,-18.6,-18.6,-18.6,-18.6,-18.6,-18.6,-18.6,-18.6,-18.6,-18.6,-18.6,-18.6,-18.6,-18.6,-18.6,-18.6,-18.6,-18.6,-14.2,-14.2,-14.2,-14.2,-14.2,0,0,0,0,0,0,0,0,0,0,0,0,0,0,0,0,0,0,0,0,0,0,0,0,0,0,0,0,0,0,0,0,0,0,0,0,0,0,0,0,0,0,0,0,0,0,0,0,0,0,0,0,0,0,0,0,0,0,0,0,0,0,0,0,0,0,0,-14.2,-14.2,-14.2,-14.2,-14.2,-14.2,-14.2,-14.2,-14.2,-14.2,-14.2,-14.2,0,0,0,0,0,0,0,0,0,0,0,0,0,0,0,0,0,0,0,0,0,0,0,0,0,0,0,0,0,0,0,0,0,0,0,0,0,0,0,0,0,0,0,0,0,0,0,0,0,0,0,0,0,0,0,0,0,0,0,0,0,0,0,0,0,0,0,0,0,0,0,0,0,0,0,0,0,0,0,0,0,0,0,0,0,0,0,0,0,0,0,0,0,0,0,0,0,0,0,0,0,0,0,0,0,0,0,0,0,0,0,0,0,0,0,0,0,0,0,0,0,0,0,0,0,0,0,0,0,0,0,0,0,0,0,0,0,0,0,0,0,0,0,
Cash_70,-19.7,-19.7,-19.7,-19.7,-19.7,-19.7,-19.7,-19.7,-19.7,-19.7,-19.7,-19.7,-19.7,-19.7,-19.7,-19.7,-19.7,-19.7,-19.7,-19.7,-19.7,-19.7,-19.7,-19.7,-19.7,-19.7,-19.7,-19.7,-19.7,-19.7,-19.7,-19.7,-19.7,-19.7,-19.7,-19.7,-25.2,-25.2,-25.2,-25.2,-25.2,-25.2,-25.2,-25.2,-25.2,-25.2,-25.2,-25.2,-25.2,-25.2,-25.2,-25.2,-25.2,-25.2,-19.7,-19.7,-19.7,-19.7,-19.7,-19.7,-19.7,-19.7,-19.7,-19.7,-19.7,-19.7,-19.7,-19.7,-19.7,-19.7,-19.7,-19.7,-19.7,-19.7,-15.3,-15.3,-15.3,-15.3,-15.3,-15.3,0,0,0,0,0,0,0,0,0,0,0,0,0,0,0,0,0,0,0,0,0,0,0,0,0,0,0,0,0,0,0,0,0,0,0,0,0,0,0,0,0,0,0,0,0,0,0,0,0,0,0,0,0,0,0,0,-15.3,-15.3,-15.3,-15.3,-15.3,-15.3,-15.3,-15.3,-15.3,-15.3,-15.3,-15.3,-15.3,-15.3,-15.3,-15.3,-15.3,-15.3,-15.3,-15.3,-15.3,-15.3,-15.3,-15.3,-15.3,-15.3,-15.3,-15.3,-15.3,-15.3,-15.3,0,0,0,0,0,0,0,0,0,0,0,0,0,0,0,0,0,0,0,0,0,0,0,0,0,0,0,0,0,0,0,0,0,0,0,0,0,0,0,0,0,0,0,0,0,0,0,0,0,0,0,0,0,0,0,0,0,0,0,0,0,0,0,0,0,0,0,0,0,0,0,0,0,0,0,0,0,0,0,0,0,0,0,0,0,0,0,0,0,0,0,0,0,0,0,0,0,0,0,0,0,0,0,0,0,0,0,0,0,0,0,0,0,0,0,0,0,0,0,0,0,0,0,0,0,0,0,0,0,0,0,0,0,0,
Cash_71,-20.8,-20.8,-20.8,-20.8,-20.8,-20.8,-20.8,-20.8,-20.8,-20.8,-20.8,-20.8,-20.8,-20.8,-20.8,-20.8,-20.8,-20.8,-20.8,-20.8,-20.8,-20.8,-20.8,-20.8,-20.8,-20.8,-20.8,-20.8,-20.8,-20.8,-20.8,-20.8,-20.8,-20.8,-20.8,-20.8,-25.2,-25.2,-25.2,-25.2,-25.2,-25.2,-25.2,-25.2,-25.2,-25.2,-25.2,-25.2,-25.2,-25.2,-25.2,-25.2,-20.8,-20.8,-20.8,-20.8,-20.8,-20.8,-20.8,-20.8,-20.8,-20.8,-20.8,-20.8,-20.8,-20.8,-20.8,-20.8,-20.8,-20.8,-20.8,-20.8,-20.8,-20.8,-16.4,-16.4,-16.4,-16.4,-16.4,-16.4,-16.4,-15.3,-15.3,0,0,0,0,0,0,0,0,0,0,0,0,0,0,0,0,0,0,0,0,0,0,0,0,0,0,0,0,0,0,0,0,0,0,0,0,0,0,0,0,0,0,0,0,-15.3,-15.3,-15.3,-15.3,-15.3,-15.3,-15.3,-15.3,-15.3,-16.4,-16.4,-16.4,-16.4,-16.4,-16.4,-16.4,-16.4,-16.4,-16.4,-16.4,-16.4,-16.4,-16.4,-16.4,-16.4,-16.4,-16.4,-16.4,-16.4,-16.4,-16.4,-20.8,-16.4,-16.4,-16.4,-16.4,-16.4,-16.4,-16.4,-16.4,-16.4,-16.4,-16.4,-16.4,-16.4,-16.4,-15.3,0,0,0,0,0,0,0,0,0,0,0,0,0,0,0,0,0,0,0,0,0,0,0,0,0,0,0,0,0,0,0,0,0,0,0,0,0,0,0,0,0,0,0,0,0,0,0,0,0,0,0,0,0,0,0,0,0,0,0,0,0,0,0,0,0,0,0,0,0,0,0,0,0,0,0,0,0,0,0,0,0,0,0,0,0,0,0,0,0,0,0,0,0,0,0,0,0,0,0,0,0,0,0,0,0,0,0,0,0,0,0,0,0,0,0,0,0,0,0,0,0,0,0,0,0,0,0,
Cash_72,-21.9,-21.9,-21.9,-21.9,-21.9,-21.9,-21.9,-21.9,-21.9,-21.9,-21.9,-21.9,-21.9,-21.9,-21.9,-21.9,-21.9,-21.9,-21.9,-21.9,-21.9,-21.9,-21.9,-21.9,-21.9,-21.9,-21.9,-21.9,-21.9,-21.9,-21.9,-21.9,-21.9,-21.9,-21.9,-26.3,-26.3,-26.3,-26.3,-26.3,-26.3,-26.3,-26.3,-26.3,-26.3,-26.3,-26.3,-26.3,-26.3,-26.3,-26.3,-21.9,-21.9,-21.9,-21.9,-21.9,-21.9,-21.9,-21.9,-21.9,-21.9,-21.9,-21.9,-21.9,-21.9,-21.9,-21.9,-21.9,-21.9,-21.9,-21.9,-21.9,-21.9,-17.5,-17.5,-17.5,-17.5,-16.4,-16.4,-16.4,-16.4,-16.4,-16.4,-16.4,-16.4,-16.4,0,0,0,0,0,0,0,0,0,0,0,0,0,0,0,0,0,0,0,0,0,0,0,0,0,0,0,0,0,0,0,0,0,0,-16.4,-16.4,-16.4,-16.4,-16.4,-16.4,-16.4,-16.4,-16.4,-16.4,-16.4,-16.4,-16.4,-16.4,-16.4,-16.4,-16.4,-16.4,-16.4,-16.4,-16.4,-16.4,-16.4,-17.5,-17.5,-16.4,-16.4,-16.4,-16.4,-17.5,-17.5,-17.5,-17.5,-17.5,-16.4,-16.4,-21.9,-21.9,-21.9,-17.5,-17.5,-17.5,-17.5,-16.4,-16.4,-21.9,-21.9,-17.5,-17.5,-17.5,-17.5,-16.4,-16.4,-16.4,-16.4,-16.4,-17.5,-17.5,-17.5,0,0,0,0,0,0,0,0,0,0,0,0,0,0,0,0,0,0,0,0,0,0,0,0,0,0,0,0,0,0,0,0,0,0,0,0,0,0,0,0,0,0,0,0,0,0,0,0,0,0,0,0,0,0,0,0,0,0,0,0,0,0,0,0,0,0,0,0,0,0,0,0,0,0,0,0,0,0,0,0,0,0,0,0,0,0,0,0,0,0,0,0,0,0,0,0,0,0,0,0,0,0,0,0,0,0,0,0,0,0,0,0,0,0,0,0,0,0,0,0,0,0,
Cash_73,-23,-23,-23,-23,-23,-23,-23,-23,-23,-23,-23,-23,-23,-23,-23,-23,-23,-23,-23,-23,-23,-23,-23,-23,-23,-23,-23,-23,-23,-23,-23,-23,-23,-23,-27.4,-27.4,-27.4,-27.4,-27.4,-27.4,-27.4,-27.4,-27.4,-27.4,-27.4,-27.4,-27.4,-27.4,-27.4,-27.4,-23,-23,-23,-23,-23,-23,-23,-23,-23,-23,-23,-23,-23,-23,-23,-23,-23,-23,-23,-23,-23,-23,-18.6,-17.5,-17.5,-17.5,-17.5,-17.5,-17.5,-17.5,-17.5,-17.5,-17.5,-17.5,-17.5,-17.5,-17.5,-17.5,-13.1,0,0,0,0,0,0,0,0,0,0,0,0,0,0,0,0,0,0,0,0,0,0,0,0,0,-17.5,-17.5,-17.5,-17.5,-17.5,-17.5,-17.5,-17.5,-17.5,-17.5,-17.5,-17.5,-17.5,-17.5,-17.5,-17.5,-17.5,-17.5,-17.5,-17.5,-17.5,-17.5,-17.5,-17.5,-17.5,-17.5,-17.5,-17.5,-17.5,-17.5,-17.5,-17.5,-17.5,-17.5,-17.5,-17.5,-17.5,-17.5,-17.5,-17.5,-17.5,-17.5,-23,-23,-18.6,-18.6,-18.6,-17.5,-17.5,-17.5,-17.5,-23,-18.6,-18.6,-18.6,-18.6,-17.5,-17.5,-17.5,-17.5,-17.5,-17.5,-18.6,-18.6,-17.5,-17.5,-17.5,0,0,0,0,0,0,0,0,0,0,0,0,0,0,0,0,0,0,0,0,0,0,0,0,0,0,0,0,0,0,0,0,0,0,0,0,0,0,0,0,0,0,0,0,0,0,0,0,0,0,0,0,0,0,0,0,0,0,0,0,0,0,0,0,0,0,0,0,0,0,0,0,0,0,0,0,0,0,0,0,0,0,0,0,0,0,0,0,0,0,0,0,0,0,0,0,0,0,0,0,0,0,0,0,0,0,0,0,0,0,0,0,0,0,0,0,0,0,0,0,
Cash_74,-24.1,-24.1,-24.1,-24.1,-24.1,-24.1,-24.1,-24.1,-24.1,-24.1,-24.1,-24.1,-24.1,-24.1,-24.1,-24.1,-24.1,-24.1,-24.1,-24.1,-24.1,-24.1,-24.1,-24.1,-24.1,-24.1,-24.1,-24.1,-24.1,-24.1,-24.1,-24.1,-24.1,-28.5,-28.5,-28.5,-28.5,-28.5,-28.5,-28.5,-28.5,-28.5,-28.5,-28.5,-28.5,-28.5,-28.5,-28.5,-28.5,-28.5,-24.1,-24.1,-24.1,-24.1,-24.1,-24.1,-24.1,-24.1,-24.1,-24.1,-24.1,-24.1,-24.1,-24.1,-24.1,-24.1,-24.1,-24.1,-24.1,-24.1,-24.1,-18.6,-18.6,-18.6,-18.6,-18.6,-18.6,-18.6,-18.6,-18.6,-18.6,-18.6,-18.6,-18.6,-18.6,-18.6,-18.6,-18.6,-14.2,-14.2,-14.2,-14.2,0,0,0,0,0,0,0,0,0,0,0,0,0,0,0,0,0,0,-18.6,-18.6,-18.6,-18.6,-18.6,-18.6,-18.6,-18.6,-18.6,-18.6,-18.6,-18.6,-18.6,-18.6,-18.6,-18.6,-18.6,-18.6,-18.6,-18.6,-18.6,-18.6,-18.6,-18.6,-18.6,-18.6,-18.6,-18.6,-18.6,-18.6,-18.6,-18.6,-18.6,-18.6,-18.6,-18.6,-18.6,-18.6,-18.6,-18.6,-18.6,-18.6,-18.6,-18.6,-18.6,-18.6,-18.6,-18.6,-18.6,-18.6,-18.6,-18.6,-18.6,-18.6,-18.6,-18.6,-18.6,-18.6,-18.6,-18.6,-18.6,-18.6,-18.6,-18.6,-18.6,-18.6,-18.6,-18.6,-18.6,-18.6,-18.6,-18.6,0,0,0,0,0,0,0,0,0,0,0,0,0,0,0,0,0,0,0,0,0,0,0,0,0,0,0,0,0,0,0,0,0,0,0,0,0,0,0,0,0,0,0,0,0,0,0,0,0,0,0,0,0,0,0,0,0,0,0,0,0,0,0,0,0,0,0,0,0,0,0,0,0,0,0,0,0,0,0,0,0,0,0,0,0,0,0,0,0,0,0,0,0,0,0,0,0,0,0,0,0,0,0,0,0,0,0,0,0,0,0,0,0,0,0,0,0,0,0,
Cash_75,-25.2,-25.2,-25.2,-25.2,-25.2,-25.2,-25.2,-25.2,-25.2,-25.2,-25.2,-25.2,-25.2,-25.2,-25.2,-25.2,-25.2,-25.2,-25.2,-25.2,-25.2,-25.2,-25.2,-25.2,-25.2,-25.2,-25.2,-25.2,-25.2,-25.2,-25.2,-29.6,-29.6,-29.6,-29.6,-29.6,-29.6,-29.6,-29.6,-29.6,-29.6,-29.6,-29.6,-29.6,-29.6,-29.6,-29.6,-29.6,-29.6,-29.6,-25.2,-25.2,-25.2,-25.2,-25.2,-25.2,-25.2,-25.2,-25.2,-25.2,-25.2,-25.2,-25.2,-25.2,-25.2,-25.2,-25.2,-25.2,-25.2,-19.7,-19.7,-19.7,-19.7,-19.7,-19.7,-19.7,-19.7,-19.7,-19.7,-19.7,-19.7,-19.7,-19.7,-19.7,-19.7,-19.7,-19.7,-19.7,-15.3,-15.3,-15.3,-15.3,-15.3,-15.3,-15.3,-15.3,-15.3,0,0,0,0,0,-15.3,-15.3,-15.3,-15.3,-15.3,-15.3,-15.3,-19.7,-19.7,-19.7,-19.7,-19.7,-19.7,-19.7,-19.7,-19.7,-19.7,-19.7,-19.7,-19.7,-19.7,-19.7,-19.7,-19.7,-19.7,-19.7,-19.7,-19.7,-19.7,-19.7,-19.7,-19.7,-19.7,-19.7,-19.7,-19.7,-19.7,-19.7,-19.7,-19.7,-19.7,-19.7,-19.7,-19.7,-19.7,-19.7,-19.7,-19.7,-19.7,-19.7,-19.7,-19.7,-19.7,-19.7,-19.7,-19.7,-19.7,-19.7,-19.7,-19.7,-19.7,-19.7,-19.7,-19.7,-19.7,-19.7,-19.7,-19.7,-19.7,-19.7,-19.7,-19.7,-19.7,-19.7,-19.7,-19.7,-19.7,-19.7,-19.7,-15.3,-15.3,0,0,0,0,0,0,0,0,0,0,0,0,0,0,0,0,0,0,0,0,0,0,0,0,0,0,0,0,0,0,0,0,0,0,0,0,0,0,0,0,0,0,0,0,0,0,0,0,0,0,0,0,0,0,0,0,0,0,0,0,0,0,0,0,0,0,0,0,0,0,0,0,0,0,0,0,0,0,0,0,0,0,0,0,0,0,0,0,0,0,0,0,0,0,0,0,0,0,0,0,0,0,0,0,0,0,0,0,0,0,0,0,0,0,0,0,0,0,
Cash_76,-26.3,-26.3,-26.3,-26.3,-26.3,-26.3,-26.3,-26.3,-26.3,-26.3,-26.3,-26.3,-26.3,-26.3,-26.3,-26.3,-26.3,-26.3,-26.3,-26.3,-26.3,-26.3,-26.3,-26.3,-26.3,-26.3,-26.3,-26.3,-26.3,-30.7,-30.7,-30.7,-30.7,-30.7,-30.7,-30.7,-30.7,-30.7,-30.7,-30.7,-30.7,-30.7,-30.7,-30.7,-30.7,-30.7,-30.7,-30.7,-30.7,-30.7,-26.3,-26.3,-26.3,-26.3,-26.3,-26.3,-26.3,-26.3,-26.3,-26.3,-26.3,-26.3,-26.3,-26.3,-26.3,-25.2,-25.2,-25.2,-20.8,-20.8,-20.8,-20.8,-20.8,-20.8,-20.8,-20.8,-20.8,-20.8,-20.8,-20.8,-20.8,-20.8,-20.8,-20.8,-20.8,-20.8,-20.8,-20.8,-16.4,-16.4,-16.4,-16.4,-16.4,-16.4,-16.4,-16.4,-15.3,-15.3,-15.3,-15.3,-15.3,-15.3,-15.3,-15.3,-15.3,-16.4,-16.4,-20.8,-20.8,-20.8,-20.8,-20.8,-20.8,-20.8,-20.8,-20.8,-20.8,-20.8,-20.8,-20.8,-20.8,-20.8,-20.8,-20.8,-20.8,-20.8,-20.8,-20.8,-20.8,-20.8,-20.8,-20.8,-20.8,-20.8,-20.8,-20.8,-20.8,-20.8,-20.8,-20.8,-20.8,-20.8,-20.8,-20.8,-20.8,-20.8,-20.8,-20.8,-20.8,-20.8,-20.8,-20.8,-20.8,-20.8,-20.8,-20.8,-20.8,-20.8,-20.8,-20.8,-20.8,-20.8,-20.8,-20.8,-20.8,-20.8,-20.8,-20.8,-20.8,-20.8,-20.8,-20.8,-20.8,-20.8,-20.8,-20.8,-20.8,-20.8,-20.8,-20.8,-16.4,-16.4,-16.4,-20.8,0,0,0,0,0,0,0,0,0,0,0,0,0,0,0,0,0,0,0,0,0,0,0,0,0,0,0,0,0,0,0,0,0,0,0,0,0,0,0,0,0,0,0,0,0,0,0,0,0,0,0,0,0,0,0,0,0,0,0,0,0,0,0,0,0,0,0,0,0,0,0,0,0,0,0,0,0,0,0,0,0,0,0,0,0,0,0,0,0,0,0,0,0,0,0,0,0,0,0,0,0,0,0,0,0,0,0,0,0,0,0,0,0,0,0,0,0,
Cash_77,-27.4,-27.4,-27.4,-27.4,-26.3,-26.3,-26.3,-26.3,-26.3,-27.4,-27.4,-27.4,-27.4,-27.4,-27.4,-27.4,-27.4,-27.4,-27.4,-27.4,-27.4,-27.4,-27.4,-27.4,-27.4,-27.4,-27.4,-31.8,-31.8,-31.8,-31.8,-31.8,-31.8,-31.8,-31.8,-31.8,-31.8,-31.8,-31.8,-31.8,-31.8,-31.8,-31.8,-31.8,-31.8,-31.8,-31.8,-31.8,-31.8,-27.4,-27.4,-27.4,-27.4,-27.4,-27.4,-27.4,-27.4,-27.4,-27.4,-27.4,-27.4,-26.3,-26.3,-26.3,-26.3,-26.3,-26.3,-21.9,-21.9,-21.9,-21.9,-21.9,-21.9,-21.9,-21.9,-21.9,-21.9,-21.9,-21.9,-21.9,-21.9,-21.9,-21.9,-21.9,-21.9,-21.9,-21.9,-21.9,-17.5,-16.4,-16.4,-16.4,-16.4,-16.4,-16.4,-16.4,-16.4,-16.4,-16.4,-16.4,-16.4,-16.4,-16.4,-16.4,-16.4,-16.4,-21.9,-21.9,-21.9,-21.9,-21.9,-21.9,-21.9,-21.9,-21.9,-21.9,-21.9,-21.9,-21.9,-21.9,-21.9,-21.9,-21.9,-21.9,-21.9,-21.9,-21.9,-21.9,-21.9,-21.9,-21.9,-21.9,-21.9,-21.9,-21.9,-21.9,-21.9,-21.9,-21.9,-21.9,-21.9,-21.9,-21.9,-21.9,-21.9,-21.9,-21.9,-21.9,-21.9,-21.9,-21.9,-21.9,-21.9,-21.9,-21.9,-21.9,-21.9,-21.9,-21.9,-21.9,-21.9,-21.9,-21.9,-21.9,-21.9,-21.9,-21.9,-21.9,-21.9,-21.9,-21.9,-21.9,-21.9,-21.9,-21.9,-21.9,-21.9,-21.9,-21.9,-17.5,-17.5,-17.5,-21.9,-21.9,-21.9,0,0,0,0,0,0,0,0,0,0,0,0,0,0,0,0,0,0,0,0,0,0,0,0,0,0,0,0,0,0,0,0,0,0,0,0,0,0,0,0,0,0,0,0,0,0,0,0,0,0,0,0,0,0,0,0,0,0,0,0,0,0,0,0,0,0,0,0,0,0,0,0,0,0,0,0,0,0,0,0,0,0,0,0,0,0,0,0,0,0,0,0,0,0,0,0,0,0,0,0,0,0,0,0,0,0,0,0,0,0,0,0,0,0,0,0,
Cash_78,-27.4,-27.4,-27.4,-27.4,-27.4,-27.4,-27.4,-27.4,-27.4,-27.4,-27.4,-27.4,-27.4,-27.4,-27.4,-27.4,-27.4,-27.4,-27.4,-27.4,-27.4,-28.5,-28.5,-28.5,-28.5,-28.5,-32.9,-32.9,-32.9,-32.9,-32.9,-32.9,-32.9,-32.9,-32.9,-32.9,-32.9,-32.9,-32.9,-32.9,-32.9,-32.9,-32.9,-32.9,-32.9,-32.9,-32.9,-32.9,-32.9,-28.5,-28.5,-28.5,-28.5,-28.5,-28.5,-28.5,-27.4,-27.4,-27.4,-27.4,-27.4,-27.4,-27.4,-27.4,-27.4,-27.4,-23,-23,-23,-23,-23,-23,-23,-23,-23,-23,-23,-23,-23,-23,-23,-23,-23,-23,-23,-23,-23,-17.5,-17.5,-17.5,-17.5,-17.5,-17.5,-17.5,-17.5,-17.5,-17.5,-17.5,-17.5,-17.5,-17.5,-17.5,-17.5,-17.5,-17.5,-21.9,-21.9,-21.9,-21.9,-23,-23,-23,-23,-23,-23,-23,-23,-23,-23,-23,-23,-23,-23,-23,-23,-23,-23,-23,-23,-23,-23,-23,-23,-23,-23,-23,-23,-23,-23,-23,-23,-23,-23,-23,-23,-23,-23,-23,-23,-23,-23,-23,-23,-23,-23,-23,-23,-23,-23,-23,-23,-23,-23,-23,-23,-23,-23,-23,-23,-23,-23,-23,-23,-23,-23,-23,-23,-23,-18.6,-18.6,-18.6,-23,-23,-23,-23,-21.9,0,0,0,0,0,0,0,0,0,0,0,0,0,0,0,0,0,0,0,0,0,0,0,0,0,0,0,0,0,0,0,0,0,0,0,0,0,0,0,0,0,0,0,0,0,0,0,0,0,0,0,0,0,0,0,0,0,0,0,0,0,0,0,0,0,0,0,0,0,0,0,0,0,0,0,0,0,0,0,0,0,0,0,0,0,0,0,0,0,0,0,0,0,0,0,0,0,0,0,0,0,0,0,0,0,0,0,0,0,0,0,0,0,0,0,
Cash_79,-28.5,-28.5,-28.5,-28.5,-28.5,-28.5,-28.5,-28.5,-28.5,-28.5,-28.5,-28.5,-28.5,-28.5,-28.5,-28.5,-28.5,-28.5,-28.5,-28.5,-28.5,-28.5,-28.5,-28.5,-28.5,-34,-34,-34,-34,-34,-34,-34,-34,-34,-34,-34,-34,-34,-34,-34,-34,-34,-34,-34,-34,-34,-34,-34,-29.6,-29.6,-29.6,-28.5,-28.5,-28.5,-28.5,-28.5,-28.5,-28.5,-28.5,-28.5,-28.5,-28.5,-28.5,-28.5,-28.5,-24.1,-24.1,-24.1,-24.1,-24.1,-24.1,-24.1,-24.1,-24.1,-24.1,-24.1,-24.1,-24.1,-24.1,-24.1,-24.1,-24.1,-24.1,-24.1,-18.6,-18.6,-18.6,-18.6,-18.6,-18.6,-18.6,-18.6,-18.6,-18.6,-18.6,-18.6,-18.6,-18.6,-18.6,-18.6,-18.6,-18.6,-18.6,-18.6,-18.6,-23,-23,-23,-23,-23,-23,-23,-23,-24.1,-24.1,-24.1,-24.1,-24.1,-24.1,-24.1,-24.1,-24.1,-24.1,-24.1,-24.1,-24.1,-24.1,-24.1,-24.1,-24.1,-24.1,-24.1,-24.1,-24.1,-24.1,-24.1,-24.1,-24.1,-24.1,-24.1,-24.1,-24.1,-24.1,-24.1,-24.1,-24.1,-24.1,-24.1,-24.1,-24.1,-24.1,-24.1,-24.1,-24.1,-24.1,-24.1,-24.1,-24.1,-24.1,-24.1,-24.1,-24.1,-24.1,-24.1,-24.1,-24.1,-24.1,-24.1,-24.1,-24.1,-24.1,-24.1,-24.1,-24.1,-24.1,-24.1,-24.1,-19.7,-19.7,-18.6,-24.1,-24.1,-24.1,-24.1,-23,-19.7,-19.7,0,0,0,0,0,0,0,0,0,0,0,0,0,0,0,0,0,0,0,0,0,0,0,0,0,0,0,0,0,0,0,0,0,0,0,0,0,0,0,0,0,0,0,0,0,0,0,0,0,0,0,0,0,0,0,0,0,0,0,0,0,0,0,0,0,0,0,0,0,0,0,0,0,0,0,0,0,0,0,0,0,0,0,0,0,0,0,0,0,0,0,0,0,0,0,0,0,0,0,0,0,0,0,0,0,0,0,0,0,0,0,0,0,0,
Cash_80,-29.6,-29.6,-29.6,-29.6,-29.6,-29.6,-29.6,-29.6,-29.6,-29.6,-29.6,-29.6,-29.6,-29.6,-29.6,-29.6,-29.6,-29.6,-29.6,-29.6,-29.6,-29.6,-29.6,-29.6,-29.6,-29.6,-35.1,-35.1,-35.1,-35.1,-35.1,-35.1,-35.1,-35.1,-35.1,-35.1,-35.1,-35.1,-35.1,-35.1,-35.1,-35.1,-35.1,-35.1,-35.1,-35.1,-35.1,-29.6,-29.6,-29.6,-29.6,-29.6,-29.6,-29.6,-29.6,-29.6,-29.6,-29.6,-29.6,-29.6,-29.6,-29.6,-29.6,-29.6,-29.6,-25.2,-25.2,-25.2,-25.2,-25.2,-25.2,-25.2,-25.2,-25.2,-25.2,-25.2,-25.2,-25.2,-25.2,-25.2,-25.2,-24.1,-24.1,-19.7,-19.7,-19.7,-19.7,-19.7,-19.7,-19.7,-19.7,-19.7,-19.7,-19.7,-19.7,-19.7,-19.7,-19.7,-19.7,-19.7,-19.7,-19.7,-19.7,-19.7,-24.1,-24.1,-24.1,-24.1,-24.1,-24.1,-24.1,-24.1,-24.1,-24.1,-24.1,-24.1,-25.2,-25.2,-25.2,-25.2,-25.2,-25.2,-25.2,-25.2,-25.2,-25.2,-25.2,-25.2,-25.2,-25.2,-25.2,-25.2,-25.2,-25.2,-25.2,-25.2,-25.2,-25.2,-25.2,-25.2,-25.2,-25.2,-25.2,-25.2,-25.2,-25.2,-25.2,-25.2,-25.2,-25.2,-25.2,-25.2,-25.2,-25.2,-25.2,-25.2,-25.2,-25.2,-25.2,-25.2,-25.2,-25.2,-25.2,-25.2,-25.2,-25.2,-25.2,-25.2,-25.2,-25.2,-25.2,-25.2,-25.2,-25.2,-25.2,-24.1,-20.8,-20.8,-19.7,-19.7,-25.2,-25.2,-25.2,-24.1,-20.8,-20.8,-19.7,-19.7,0,0,0,0,0,0,0,0,0,0,0,0,0,0,0,0,0,0,0,0,0,0,0,0,0,0,0,0,0,0,0,0,0,0,0,0,0,0,0,0,0,0,0,0,0,0,0,0,0,0,0,0,0,0,0,0,0,0,0,0,0,0,0,0,0,0,0,0,0,0,0,0,0,0,0,0,0,0,0,0,0,0,0,0,0,0,0,0,0,0,0,0,0,0,0,0,0,0,0,0,0,0,0,0,0,0,0,0,0,0,0,0,0,
Cash_81,-30.7,-30.7,-30.7,-30.7,-30.7,-30.7,-30.7,-30.7,-30.7,-30.7,-30.7,-30.7,-30.7,-30.7,-30.7,-30.7,-30.7,-30.7,-30.7,-30.7,-30.7,-30.7,-30.7,-30.7,-30.7,-30.7,-36.2,-36.2,-36.2,-36.2,-36.2,-36.2,-36.2,-36.2,-36.2,-36.2,-36.2,-36.2,-36.2,-36.2,-36.2,-36.2,-36.2,-36.2,-36.2,-30.7,-30.7,-30.7,-30.7,-30.7,-30.7,-30.7,-30.7,-30.7,-30.7,-30.7,-30.7,-30.7,-30.7,-30.7,-30.7,-30.7,-30.7,-30.7,-26.3,-26.3,-26.3,-26.3,-26.3,-26.3,-26.3,-26.3,-26.3,-26.3,-26.3,-26.3,-25.2,-25.2,-25.2,-25.2,-25.2,-25.2,-20.8,-20.8,-20.8,-20.8,-20.8,-20.8,-20.8,-20.8,-20.8,-20.8,-20.8,-20.8,-20.8,-20.8,-20.8,-20.8,-20.8,-20.8,-20.8,-20.8,-20.8,-20.8,-25.2,-25.2,-25.2,-25.2,-25.2,-25.2,-25.2,-25.2,-25.2,-25.2,-25.2,-25.2,-25.2,-25.2,-25.2,-25.2,-25.2,-26.3,-26.3,-26.3,-26.3,-26.3,-26.3,-26.3,-26.3,-26.3,-26.3,-26.3,-26.3,-26.3,-26.3,-26.3,-26.3,-26.3,-26.3,-26.3,-26.3,-26.3,-26.3,-26.3,-26.3,-26.3,-26.3,-26.3,-26.3,-26.3,-26.3,-26.3,-26.3,-26.3,-26.3,-26.3,-26.3,-26.3,-26.3,-26.3,-26.3,-26.3,-26.3,-26.3,-26.3,-26.3,-26.3,-26.3,-26.3,-26.3,-26.3,-26.3,-26.3,-25.2,-25.2,-25.2,-21.9,-20.8,-20.8,-26.3,-26.3,-26.3,-25.2,-21.9,-21.9,-20.8,-20.8,-20.8,0,0,0,0,0,0,0,0,0,0,0,0,0,0,0,0,0,0,0,0,0,0,0,0,0,0,0,0,0,0,0,0,0,0,0,0,0,0,0,0,0,0,0,0,0,0,0,0,0,0,0,0,0,0,0,0,0,0,0,0,0,0,0,0,0,0,0,0,0,0,0,0,0,0,0,0,0,0,0,0,0,0,0,0,0,0,0,0,0,0,0,0,0,0,0,0,0,0,0,0,0,0,0,0,0,0,0,0,0,0,0,0,0,
Cash_82,-31.8,-31.8,-31.8,-31.8,-31.8,-31.8,-31.8,-31.8,-31.8,-31.8,-31.8,-31.8,-31.8,-31.8,-31.8,-31.8,-31.8,-31.8,-31.8,-31.8,-31.8,-31.8,-31.8,-31.8,-31.8,-31.8,-36.2,-36.2,-36.2,-36.2,-36.2,-36.2,-36.2,-36.2,-36.2,-36.2,-36.2,-36.2,-36.2,-36.2,-36.2,-36.2,-36.2,-31.8,-31.8,-31.8,-31.8,-31.8,-31.8,-31.8,-31.8,-31.8,-31.8,-31.8,-31.8,-31.8,-31.8,-31.8,-31.8,-31.8,-31.8,-31.8,-31.8,-31.8,-27.4,-27.4,-27.4,-27.4,-27.4,-27.4,-27.4,-27.4,-26.3,-26.3,-26.3,-26.3,-26.3,-26.3,-26.3,-26.3,-21.9,-21.9,-21.9,-21.9,-21.9,-21.9,-21.9,-21.9,-21.9,-21.9,-21.9,-21.9,-21.9,-21.9,-21.9,-21.9,-21.9,-21.9,-21.9,-21.9,-21.9,-21.9,-21.9,-26.3,-26.3,-26.3,-26.3,-26.3,-26.3,-26.3,-26.3,-26.3,-26.3,-26.3,-26.3,-26.3,-26.3,-26.3,-26.3,-26.3,-26.3,-26.3,-26.3,-26.3,-26.3,-26.3,-26.3,-27.4,-27.4,-27.4,-27.4,-27.4,-27.4,-27.4,-27.4,-27.4,-27.4,-27.4,-27.4,-27.4,-27.4,-27.4,-27.4,-27.4,-27.4,-27.4,-27.4,-27.4,-31.8,-31.8,-27.4,-27.4,-27.4,-27.4,-27.4,-27.4,-27.4,-31.8,-27.4,-27.4,-27.4,-27.4,-27.4,-26.3,-26.3,-27.4,-27.4,-27.4,-27.4,-27.4,-27.4,-27.4,-26.3,-26.3,-26.3,-23,-21.9,-21.9,-27.4,-27.4,-26.3,-26.3,-25.2,-23,-21.9,-21.9,-21.9,-20.8,-18.6,0,0,0,0,0,0,0,0,0,0,0,0,0,0,0,0,0,0,0,0,0,0,0,0,0,0,0,0,0,0,0,0,0,0,0,0,0,0,0,0,0,0,0,0,0,0,0,0,0,0,0,0,0,0,0,0,0,0,0,0,0,0,0,0,0,0,0,0,0,0,0,0,0,0,0,0,0,0,0,0,0,0,0,0,0,0,0,0,0,0,0,0,0,0,0,0,0,0,0,0,0,0,0,0,0,0,0,0,0,0,0,0,
Cash_83,-32.9,-32.9,-32.9,-32.9,-32.9,-32.9,-32.9,-32.9,-32.9,-32.9,-32.9,-32.9,-32.9,-32.9,-32.9,-32.9,-32.9,-32.9,-32.9,-32.9,-32.9,-32.9,-32.9,-32.9,-32.9,-37.3,-37.3,-37.3,-37.3,-37.3,-37.3,-37.3,-37.3,-37.3,-37.3,-37.3,-37.3,-37.3,-37.3,-37.3,-37.3,-37.3,-32.9,-32.9,-32.9,-32.9,-32.9,-32.9,-32.9,-32.9,-32.9,-32.9,-32.9,-32.9,-32.9,-32.9,-32.9,-32.9,-32.9,-32.9,-32.9,-32.9,-32.9,-28.5,-28.5,-28.5,-28.5,-27.4,-27.4,-27.4,-27.4,-27.4,-27.4,-27.4,-27.4,-27.4,-27.4,-27.4,-27.4,-23,-23,-23,-23,-23,-23,-23,-23,-23,-23,-23,-23,-23,-23,-23,-23,-23,-23,-23,-23,-23,-23,-23,-23,-27.4,-27.4,-27.4,-27.4,-27.4,-27.4,-27.4,-27.4,-27.4,-27.4,-27.4,-27.4,-27.4,-27.4,-27.4,-27.4,-27.4,-27.4,-27.4,-27.4,-27.4,-27.4,-27.4,-27.4,-27.4,-27.4,-27.4,-27.4,-27.4,-27.4,-27.4,-28.5,-28.5,-27.4,-27.4,-27.4,-28.5,-28.5,-28.5,-28.5,-28.5,-28.5,-27.4,-27.4,-32.9,-32.9,-28.5,-28.5,-28.5,-28.5,-27.4,-27.4,-27.4,-32.9,-28.5,-28.5,-28.5,-28.5,-28.5,-27.4,-27.4,-27.4,-27.4,-28.5,-28.5,-28.5,-28.5,-27.4,-27.4,-27.4,-27.4,-23,-23,-23,-27.4,-28.5,-27.4,-27.4,-26.3,-24.1,-23,-23,-23,-21.9,-19.7,-18.6,0,0,0,0,0,0,0,0,0,0,0,0,0,0,0,0,0,0,0,0,0,0,0,0,0,0,0,0,0,0,0,0,0,0,0,0,0,0,0,0,0,0,0,0,0,0,0,0,0,0,0,0,0,0,0,0,0,0,0,0,0,0,0,0,0,0,0,0,0,0,0,0,0,0,0,0,0,0,0,0,0,0,0,0,0,0,0,0,0,0,0,0,0,0,0,0,0,0,0,0,0,0,0,0,0,0,0,0,0,0,0,0,
Cash_84,-34,-34,-34,-34,-34,-34,-34,-34,-34,-34,-34,-34,-34,-34,-34,-34,-34,-34,-34,-34,-34,-34,-34,-34,-34,-38.4,-38.4,-38.4,-38.4,-38.4,-38.4,-38.4,-38.4,-38.4,-38.4,-38.4,-38.4,-38.4,-38.4,-38.4,-38.4,-34,-34,-34,-34,-34,-34,-34,-34,-34,-34,-34,-34,-34,-34,-34,-34,-34,-34,-34,-34,-34,-34,-28.5,-28.5,-28.5,-28.5,-28.5,-28.5,-28.5,-28.5,-28.5,-28.5,-28.5,-28.5,-28.5,-28.5,-28.5,-28.5,-24.1,-24.1,-24.1,-24.1,-24.1,-24.1,-24.1,-24.1,-24.1,-24.1,-24.1,-24.1,-24.1,-24.1,-24.1,-24.1,-24.1,-24.1,-24.1,-24.1,-24.1,-24.1,-24.1,-28.5,-28.5,-28.5,-28.5,-28.5,-28.5,-28.5,-28.5,-28.5,-28.5,-28.5,-28.5,-28.5,-28.5,-28.5,-28.5,-28.5,-28.5,-28.5,-28.5,-28.5,-28.5,-28.5,-28.5,-28.5,-28.5,-28.5,-28.5,-28.5,-28.5,-28.5,-28.5,-28.5,-28.5,-28.5,-28.5,-28.5,-28.5,-28.5,-28.5,-28.5,-28.5,-28.5,-28.5,-34,-34,-29.6,-29.6,-29.6,-28.5,-28.5,-28.5,-28.5,-34,-34,-29.6,-29.6,-29.6,-28.5,-28.5,-28.5,-28.5,-28.5,-28.5,-29.6,-29.6,-29.6,-28.5,-28.5,-28.5,-28.5,-24.1,-24.1,-24.1,-24.1,-28.5,-28.5,-28.5,-27.4,-25.2,-24.1,-24.1,-24.1,-23,-20.8,-19.7,-18.6,-18.6,0,0,0,0,0,0,0,0,0,0,0,0,0,0,0,0,0,0,0,0,0,0,0,0,0,0,0,0,0,0,0,0,0,0,0,0,0,0,0,0,0,0,0,0,0,0,0,0,0,0,0,0,0,0,0,0,0,0,0,0,0,0,0,0,0,0,0,0,0,0,0,0,0,0,0,0,0,0,0,0,0,0,0,0,0,0,0,0,0,0,0,0,0,0,0,0,0,0,0,0,0,0,0,0,0,0,0,0,0,0,0,
Cash_85,-35.1,-35.1,-35.1,-35.1,-35.1,-35.1,-35.1,-35.1,-35.1,-35.1,-35.1,-35.1,-35.1,-35.1,-35.1,-35.1,-35.1,-35.1,-35.1,-35.1,-35.1,-35.1,-35.1,-39.5,-39.5,-39.5,-39.5,-39.5,-39.5,-39.5,-39.5,-39.5,-39.5,-39.5,-39.5,-39.5,-39.5,-39.5,-39.5,-39.5,-35.1,-35.1,-35.1,-35.1,-35.1,-35.1,-35.1,-35.1,-35.1,-35.1,-35.1,-35.1,-35.1,-35.1,-35.1,-35.1,-35.1,-35.1,-35.1,-35.1,-35.1,-29.6,-29.6,-29.6,-29.6,-29.6,-29.6,-29.6,-29.6,-29.6,-29.6,-29.6,-29.6,-29.6,-29.6,-29.6,-29.6,-29.6,-25.2,-25.2,-25.2,-25.2,-25.2,-25.2,-25.2,-25.2,-25.2,-25.2,-25.2,-25.2,-25.2,-25.2,-25.2,-25.2,-25.2,-25.2,-25.2,-25.2,-25.2,-25.2,-25.2,-29.6,-29.6,-29.6,-29.6,-29.6,-29.6,-29.6,-29.6,-29.6,-29.6,-29.6,-29.6,-29.6,-29.6,-29.6,-29.6,-29.6,-29.6,-29.6,-29.6,-29.6,-29.6,-29.6,-29.6,-29.6,-29.6,-29.6,-29.6,-29.6,-29.6,-29.6,-29.6,-29.6,-29.6,-29.6,-29.6,-29.6,-29.6,-29.6,-29.6,-29.6,-29.6,-29.6,-29.6,-29.6,-29.6,-29.6,-29.6,-29.6,-29.6,-29.6,-29.6,-29.6,-29.6,-29.6,-29.6,-30.7,-29.6,-29.6,-29.6,-29.6,-29.6,-29.6,-29.6,-29.6,-29.6,-29.6,-29.6,-29.6,-29.6,-29.6,-25.2,-25.2,-25.2,-25.2,-29.6,-29.6,-29.6,-29.6,-26.3,-25.2,-25.2,-25.2,-24.1,-23,-20.8,-19.7,-19.7,-18.6,0,0,0,0,0,0,0,0,0,0,0,0,0,0,0,0,0,0,0,0,0,0,0,0,0,0,0,0,0,0,0,0,0,0,0,0,0,0,0,0,0,0,0,0,0,0,0,0,0,0,0,0,0,0,0,0,0,0,0,0,0,0,0,0,0,0,0,0,0,0,0,0,0,0,0,0,0,0,0,0,0,0,0,0,0,0,0,0,0,0,0,0,0,0,0,0,0,0,0,0,0,0,0,0,0,0,0,0,0,0,0,
Cash_86,-36.2,-36.2,-36.2,-36.2,-36.2,-36.2,-36.2,-36.2,-36.2,-36.2,-36.2,-36.2,-36.2,-36.2,-36.2,-36.2,-36.2,-36.2,-36.2,-36.2,-36.2,-36.2,-40.6,-40.6,-40.6,-40.6,-40.6,-40.6,-40.6,-40.6,-40.6,-40.6,-40.6,-40.6,-40.6,-40.6,-40.6,-40.6,-40.6,-40.6,-36.2,-36.2,-36.2,-36.2,-36.2,-36.2,-36.2,-36.2,-36.2,-36.2,-36.2,-36.2,-36.2,-36.2,-36.2,-36.2,-36.2,-36.2,-36.2,-36.2,-30.7,-30.7,-30.7,-30.7,-30.7,-30.7,-30.7,-30.7,-30.7,-30.7,-30.7,-30.7,-30.7,-30.7,-30.7,-30.7,-30.7,-30.7,-26.3,-26.3,-26.3,-26.3,-26.3,-26.3,-26.3,-26.3,-26.3,-26.3,-26.3,-26.3,-26.3,-26.3,-26.3,-26.3,-26.3,-26.3,-26.3,-26.3,-26.3,-30.7,-30.7,-30.7,-30.7,-30.7,-30.7,-30.7,-30.7,-30.7,-30.7,-30.7,-30.7,-30.7,-30.7,-30.7,-30.7,-30.7,-30.7,-30.7,-30.7,-30.7,-30.7,-30.7,-30.7,-30.7,-30.7,-30.7,-30.7,-30.7,-30.7,-30.7,-30.7,-30.7,-30.7,-30.7,-30.7,-30.7,-30.7,-30.7,-30.7,-30.7,-30.7,-30.7,-30.7,-30.7,-30.7,-30.7,-30.7,-30.7,-30.7,-30.7,-30.7,-30.7,-30.7,-30.7,-30.7,-30.7,-30.7,-30.7,-30.7,-30.7,-30.7,-30.7,-30.7,-30.7,-30.7,-30.7,-30.7,-30.7,-30.7,-30.7,-30.7,-26.3,-26.3,-26.3,-30.7,-30.7,-30.7,-30.7,-30.7,-26.3,-26.3,-26.3,-25.2,-25.2,-24.1,-21.9,-20.8,-20.8,-19.7,-19.7,0,0,0,0,0,0,0,0,0,0,0,0,0,0,0,0,0,0,0,0,0,0,0,0,0,0,0,0,0,0,0,0,0,0,0,0,0,0,0,0,0,0,0,0,0,0,0,0,0,0,0,0,0,0,0,0,0,0,0,0,0,0,0,0,0,0,0,0,0,0,0,0,0,0,0,0,0,0,0,0,0,0,0,0,0,0,0,0,0,0,0,0,0,0,0,0,0,0,0,0,0,0,0,0,0,0,0,0,0,0,0,
Cash_87,-37.3,-37.3,-37.3,-37.3,-37.3,-37.3,-37.3,-37.3,-37.3,-37.3,-37.3,-37.3,-37.3,-37.3,-37.3,-37.3,-37.3,-37.3,-37.3,-37.3,-41.7,-41.7,-41.7,-41.7,-41.7,-41.7,-41.7,-41.7,-41.7,-41.7,-41.7,-41.7,-41.7,-41.7,-41.7,-41.7,-41.7,-41.7,-41.7,-41.7,-37.3,-37.3,-37.3,-37.3,-37.3,-37.3,-37.3,-37.3,-37.3,-37.3,-37.3,-37.3,-37.3,-37.3,-37.3,-37.3,-36.2,-36.2,-31.8,-31.8,-31.8,-31.8,-31.8,-31.8,-31.8,-31.8,-31.8,-31.8,-31.8,-31.8,-31.8,-31.8,-31.8,-31.8,-31.8,-31.8,-31.8,-31.8,-31.8,-27.4,-27.4,-27.4,-27.4,-27.4,-27.4,-27.4,-27.4,-26.3,-26.3,-26.3,-26.3,-26.3,-26.3,-26.3,-26.3,-26.3,-27.4,-31.8,-31.8,-31.8,-31.8,-31.8,-31.8,-31.8,-31.8,-31.8,-31.8,-31.8,-31.8,-31.8,-31.8,-31.8,-31.8,-31.8,-31.8,-31.8,-31.8,-31.8,-31.8,-31.8,-31.8,-31.8,-31.8,-31.8,-31.8,-31.8,-31.8,-31.8,-31.8,-31.8,-31.8,-31.8,-31.8,-31.8,-31.8,-31.8,-31.8,-31.8,-31.8,-31.8,-31.8,-31.8,-31.8,-31.8,-31.8,-31.8,-31.8,-31.8,-31.8,-31.8,-31.8,-31.8,-31.8,-31.8,-31.8,-31.8,-31.8,-31.8,-31.8,-31.8,-31.8,-31.8,-31.8,-31.8,-31.8,-31.8,-31.8,-31.8,-31.8,-31.8,-31.8,-27.4,-27.4,-31.8,-31.8,-31.8,-31.8,-31.8,-27.4,-27.4,-27.4,-26.3,-26.3,-25.2,-23,-21.9,-21.9,-20.8,-20.8,-18.6,0,0,0,0,0,0,0,0,0,0,0,0,0,0,0,0,0,0,0,0,0,0,0,0,0,0,0,0,0,0,0,0,0,0,0,0,0,0,0,0,0,0,0,0,0,0,0,0,0,0,0,0,0,0,0,0,0,0,0,0,0,0,0,0,0,0,0,0,0,0,0,0,0,0,0,0,0,0,0,0,0,0,0,0,0,0,0,0,0,0,0,0,0,0,0,0,0,0,0,0,0,0,0,0,0,0,0,0,0,0,0,
Cash_88,-38.4,-38.4,-38.4,-38.4,-38.4,-38.4,-38.4,-38.4,-38.4,-38.4,-38.4,-38.4,-38.4,-38.4,-38.4,-38.4,-38.4,-38.4,-42.8,-42.8,-42.8,-42.8,-42.8,-42.8,-42.8,-42.8,-42.8,-42.8,-42.8,-42.8,-42.8,-42.8,-42.8,-42.8,-42.8,-42.8,-42.8,-42.8,-42.8,-42.8,-38.4,-38.4,-38.4,-38.4,-38.4,-38.4,-38.4,-38.4,-38.4,-38.4,-38.4,-37.3,-37.3,-37.3,-37.3,-37.3,-37.3,-32.9,-32.9,-32.9,-32.9,-32.9,-32.9,-32.9,-32.9,-32.9,-32.9,-32.9,-32.9,-32.9,-32.9,-32.9,-32.9,-32.9,-32.9,-32.9,-32.9,-32.9,-32.9,-28.5,-27.4,-27.4,-27.4,-27.4,-27.4,-27.4,-27.4,-27.4,-27.4,-27.4,-27.4,-27.4,-27.4,-27.4,-27.4,-27.4,-27.4,-32.9,-32.9,-32.9,-32.9,-32.9,-32.9,-32.9,-32.9,-32.9,-32.9,-32.9,-32.9,-32.9,-32.9,-32.9,-32.9,-32.9,-32.9,-32.9,-32.9,-32.9,-32.9,-32.9,-32.9,-32.9,-32.9,-32.9,-32.9,-32.9,-32.9,-32.9,-32.9,-32.9,-32.9,-32.9,-32.9,-32.9,-32.9,-32.9,-32.9,-32.9,-32.9,-32.9,-32.9,-32.9,-32.9,-32.9,-32.9,-32.9,-32.9,-32.9,-32.9,-32.9,-32.9,-32.9,-32.9,-32.9,-32.9,-32.9,-32.9,-32.9,-32.9,-32.9,-32.9,-32.9,-32.9,-32.9,-32.9,-32.9,-32.9,-32.9,-32.9,-32.9,-28.5,-28.5,-32.9,-32.9,-32.9,-32.9,-32.9,-28.5,-28.5,-28.5,-27.4,-27.4,-26.3,-24.1,-23,-23,-21.9,-21.9,-19.7,-18.6,0,0,0,0,0,0,0,0,0,0,0,0,0,0,0,0,0,0,0,0,0,0,0,0,0,0,0,0,0,0,0,0,0,0,0,0,0,0,0,0,0,0,0,0,0,0,0,0,0,0,0,0,0,0,0,0,0,0,0,0,0,0,0,0,0,0,0,0,0,0,0,0,0,0,0,0,0,0,0,0,0,0,0,0,0,0,0,0,0,0,0,0,0,0,0,0,0,0,0,0,0,0,0,0,0,0,0,0,0,0,0,
Cash_89,-38.4,-38.4,-38.4,-38.4,-38.4,-38.4,-38.4,-38.4,-38.4,-38.4,-38.4,-39.5,-39.5,-39.5,-39.5,-39.5,-43.9,-43.9,-43.9,-43.9,-43.9,-43.9,-43.9,-43.9,-43.9,-43.9,-43.9,-43.9,-43.9,-43.9,-43.9,-43.9,-43.9,-43.9,-43.9,-43.9,-43.9,-43.9,-43.9,-39.5,-39.5,-39.5,-39.5,-39.5,-39.5,-39.5,-39.5,-38.4,-38.4,-38.4,-38.4,-38.4,-38.4,-38.4,-38.4,-38.4,-34,-34,-34,-34,-34,-34,-34,-34,-34,-34,-34,-34,-34,-34,-34,-34,-34,-34,-34,-34,-34,-28.5,-28.5,-28.5,-28.5,-28.5,-28.5,-28.5,-28.5,-28.5,-28.5,-28.5,-28.5,-28.5,-28.5,-28.5,-28.5,-28.5,-28.5,-28.5,-32.9,-32.9,-32.9,-34,-34,-34,-34,-34,-34,-34,-34,-34,-34,-34,-34,-34,-34,-34,-34,-34,-34,-34,-34,-34,-34,-34,-34,-34,-34,-34,-34,-34,-34,-34,-34,-34,-34,-34,-34,-34,-34,-34,-34,-34,-34,-34,-34,-34,-34,-34,-34,-34,-34,-34,-34,-34,-34,-34,-34,-34,-34,-34,-34,-34,-34,-34,-34,-34,-34,-34,-34,-34,-34,-29.6,-29.6,-34,-34,-34,-34,-34,-32.9,-29.6,-29.6,-28.5,-28.5,-27.4,-25.2,-24.1,-24.1,-23,-23,-20.8,-19.7,-18.6,-18.6,0,0,0,0,0,0,0,0,0,0,0,0,0,0,0,0,0,0,0,0,0,0,0,0,0,0,0,0,0,0,0,0,0,0,0,0,0,0,0,0,0,0,0,0,0,0,0,0,0,0,0,0,0,0,0,0,0,0,0,0,0,0,0,0,0,0,0,0,0,0,0,0,0,0,0,0,0,0,0,0,0,0,0,0,0,0,0,0,0,0,0,0,0,0,0,0,0,0,0,0,0,0,0,0,0,0,0,0,0,0,
Cash_90,-39.5,-39.5,-39.5,-39.5,-39.5,-39.5,-39.5,-39.5,-39.5,-39.5,-39.5,-39.5,-39.5,-39.5,-39.5,-45,-45,-45,-45,-45,-45,-45,-45,-45,-45,-45,-45,-45,-45,-45,-45,-45,-45,-45,-45,-45,-45,-45,-45,-40.6,-40.6,-40.6,-39.5,-39.5,-39.5,-39.5,-39.5,-39.5,-39.5,-39.5,-39.5,-39.5,-39.5,-39.5,-39.5,-39.5,-35.1,-35.1,-35.1,-35.1,-35.1,-35.1,-35.1,-35.1,-35.1,-35.1,-35.1,-35.1,-35.1,-35.1,-35.1,-35.1,-35.1,-35.1,-35.1,-29.6,-29.6,-29.6,-29.6,-29.6,-29.6,-29.6,-29.6,-29.6,-29.6,-29.6,-29.6,-29.6,-29.6,-29.6,-29.6,-29.6,-29.6,-29.6,-29.6,-34,-34,-34,-34,-34,-34,-34,-34,-34,-35.1,-35.1,-35.1,-35.1,-35.1,-35.1,-35.1,-35.1,-35.1,-35.1,-35.1,-35.1,-35.1,-35.1,-35.1,-35.1,-35.1,-35.1,-35.1,-35.1,-35.1,-35.1,-35.1,-35.1,-35.1,-35.1,-35.1,-35.1,-35.1,-35.1,-35.1,-35.1,-35.1,-35.1,-35.1,-35.1,-35.1,-35.1,-35.1,-35.1,-35.1,-35.1,-35.1,-35.1,-35.1,-35.1,-35.1,-35.1,-35.1,-35.1,-35.1,-35.1,-35.1,-35.1,-35.1,-35.1,-35.1,-35.1,-35.1,-35.1,-35.1,-35.1,-35.1,-35.1,-30.7,-30.7,-29.6,-35.1,-35.1,-35.1,-34,-34,-30.7,-30.7,-29.6,-29.6,-28.5,-26.3,-25.2,-25.2,-24.1,-24.1,-21.9,-20.8,-19.7,-19.7,-19.7,0,0,0,0,0,0,0,0,0,0,0,0,0,0,0,0,0,0,0,0,0,0,0,0,0,0,0,0,0,0,0,0,0,0,0,0,0,0,0,0,0,0,0,0,0,0,0,0,0,0,0,0,0,0,0,0,0,0,0,0,0,0,0,0,0,0,0,0,0,0,0,0,0,0,0,0,0,0,0,0,0,0,0,0,0,0,0,0,0,0,0,0,0,0,0,0,0,0,0,0,0,0,0,0,0,0,0,0,0,0,
Cash_91,-40.6,-40.6,-40.6,-40.6,-40.6,-40.6,-40.6,-40.6,-40.6,-40.6,-40.6,-40.6,-40.6,-40.6,-40.6,-40.6,-46.1,-46.1,-46.1,-46.1,-46.1,-46.1,-46.1,-46.1,-46.1,-46.1,-46.1,-46.1,-46.1,-46.1,-46.1,-46.1,-46.1,-46.1,-46.1,-46.1,-46.1,-40.6,-40.6,-40.6,-40.6,-40.6,-40.6,-40.6,-40.6,-40.6,-40.6,-40.6,-40.6,-40.6,-40.6,-40.6,-40.6,-40.6,-40.6,-36.2,-36.2,-36.2,-36.2,-36.2,-36.2,-36.2,-36.2,-36.2,-36.2,-36.2,-36.2,-36.2,-36.2,-36.2,-36.2,-35.1,-35.1,-30.7,-30.7,-30.7,-30.7,-30.7,-30.7,-30.7,-30.7,-30.7,-30.7,-30.7,-30.7,-30.7,-30.7,-30.7,-30.7,-30.7,-30.7,-30.7,-30.7,-30.7,-30.7,-35.1,-35.1,-35.1,-35.1,-35.1,-35.1,-35.1,-35.1,-35.1,-35.1,-35.1,-35.1,-36.2,-36.2,-36.2,-36.2,-36.2,-36.2,-36.2,-36.2,-36.2,-36.2,-36.2,-36.2,-36.2,-36.2,-36.2,-36.2,-36.2,-36.2,-36.2,-36.2,-36.2,-36.2,-36.2,-36.2,-36.2,-36.2,-36.2,-36.2,-36.2,-36.2,-36.2,-36.2,-36.2,-36.2,-36.2,-36.2,-36.2,-36.2,-36.2,-36.2,-36.2,-36.2,-36.2,-36.2,-36.2,-36.2,-36.2,-36.2,-36.2,-36.2,-36.2,-36.2,-36.2,-36.2,-36.2,-36.2,-36.2,-36.2,-35.1,-35.1,-31.8,-30.7,-30.7,-36.2,-36.2,-36.2,-35.1,-35.1,-31.8,-31.8,-30.7,-30.7,-29.6,-27.4,-26.3,-26.3,-25.2,-25.2,-24.1,-21.9,-20.8,-20.8,-20.8,-20.8,0,0,0,0,0,0,0,0,0,0,0,0,0,0,0,0,0,0,0,0,0,0,0,0,0,0,0,0,0,0,0,0,0,0,0,0,0,0,0,0,0,0,0,0,0,0,0,0,0,0,0,0,0,0,0,0,0,0,0,0,0,0,0,0,0,0,0,0,0,0,0,0,0,0,0,0,0,0,0,0,0,0,0,0,0,0,0,0,0,0,0,0,0,0,0,0,0,0,0,0,0,0,0,0,0,0,0,0,0,0,
Cash_92,-41.7,-41.7,-41.7,-41.7,-41.7,-41.7,-41.7,-41.7,-41.7,-41.7,-41.7,-41.7,-41.7,-41.7,-41.7,-41.7,-41.7,-47.2,-47.2,-47.2,-47.2,-47.2,-47.2,-47.2,-47.2,-47.2,-47.2,-47.2,-47.2,-47.2,-47.2,-47.2,-47.2,-47.2,-47.2,-41.7,-41.7,-41.7,-41.7,-41.7,-41.7,-41.7,-41.7,-41.7,-41.7,-41.7,-41.7,-41.7,-41.7,-41.7,-41.7,-41.7,-41.7,-41.7,-41.7,-37.3,-37.3,-37.3,-37.3,-37.3,-37.3,-37.3,-37.3,-37.3,-37.3,-37.3,-36.2,-36.2,-36.2,-36.2,-36.2,-36.2,-31.8,-31.8,-31.8,-31.8,-31.8,-31.8,-31.8,-31.8,-31.8,-31.8,-31.8,-31.8,-31.8,-31.8,-31.8,-31.8,-31.8,-31.8,-31.8,-31.8,-31.8,-31.8,-36.2,-36.2,-36.2,-36.2,-36.2,-36.2,-36.2,-36.2,-36.2,-36.2,-36.2,-36.2,-36.2,-36.2,-36.2,-36.2,-36.2,-36.2,-37.3,-37.3,-37.3,-37.3,-37.3,-37.3,-37.3,-37.3,-37.3,-37.3,-37.3,-37.3,-37.3,-37.3,-37.3,-37.3,-37.3,-37.3,-37.3,-37.3,-37.3,-37.3,-37.3,-37.3,-37.3,-37.3,-37.3,-37.3,-37.3,-37.3,-37.3,-37.3,-37.3,-37.3,-37.3,-37.3,-37.3,-37.3,-37.3,-37.3,-37.3,-37.3,-37.3,-37.3,-37.3,-37.3,-37.3,-37.3,-37.3,-37.3,-37.3,-37.3,-36.2,-36.2,-32.9,-31.8,-31.8,-37.3,-37.3,-37.3,-36.2,-36.2,-32.9,-32.9,-31.8,-31.8,-30.7,-28.5,-27.4,-27.4,-26.3,-26.3,-25.2,-23,-21.9,-21.9,-21.9,-21.9,-21.9,0,0,0,0,0,0,0,0,0,0,0,0,0,0,0,0,0,0,0,0,0,0,0,0,0,0,0,0,0,0,0,0,0,0,0,0,0,0,0,0,0,0,0,0,0,0,0,0,0,0,0,0,0,0,0,0,0,0,0,0,0,0,0,0,0,0,0,0,0,0,0,0,0,0,0,0,0,0,0,0,0,0,0,0,0,0,0,0,0,0,0,0,0,0,0,0,0,0,0,0,0,0,0,0,0,0,0,0,0,0,
Cash_93,-42.8,-42.8,-42.8,-42.8,-42.8,-42.8,-42.8,-42.8,-42.8,-42.8,-42.8,-42.8,-42.8,-42.8,-42.8,-42.8,-42.8,-47.2,-47.2,-47.2,-47.2,-47.2,-47.2,-47.2,-47.2,-47.2,-47.2,-47.2,-47.2,-47.2,-47.2,-47.2,-47.2,-42.8,-42.8,-42.8,-42.8,-42.8,-42.8,-42.8,-42.8,-42.8,-42.8,-42.8,-42.8,-42.8,-42.8,-42.8,-42.8,-42.8,-42.8,-42.8,-42.8,-42.8,-42.8,-38.4,-38.4,-38.4,-38.4,-38.4,-38.4,-38.4,-37.3,-37.3,-37.3,-37.3,-37.3,-37.3,-37.3,-37.3,-37.3,-32.9,-32.9,-32.9,-32.9,-32.9,-32.9,-32.9,-32.9,-32.9,-32.9,-32.9,-32.9,-32.9,-32.9,-32.9,-32.9,-32.9,-32.9,-32.9,-32.9,-32.9,-32.9,-32.9,-37.3,-37.3,-37.3,-37.3,-37.3,-37.3,-37.3,-37.3,-37.3,-37.3,-37.3,-37.3,-37.3,-37.3,-37.3,-37.3,-37.3,-37.3,-37.3,-37.3,-37.3,-37.3,-37.3,-38.4,-38.4,-38.4,-38.4,-38.4,-38.4,-38.4,-38.4,-38.4,-38.4,-38.4,-38.4,-38.4,-38.4,-38.4,-38.4,-38.4,-38.4,-38.4,-38.4,-38.4,-38.4,-42.8,-38.4,-38.4,-38.4,-38.4,-38.4,-38.4,-38.4,-38.4,-38.4,-38.4,-38.4,-38.4,-38.4,-38.4,-37.3,-37.3,-38.4,-38.4,-38.4,-38.4,-38.4,-38.4,-37.3,-37.3,-37.3,-34,-32.9,-32.9,-32.9,-38.4,-38.4,-37.3,-37.3,-34,-34,-32.9,-32.9,-31.8,-30.7,-28.5,-28.5,-27.4,-27.4,-26.3,-24.1,-23,-23,-23,-23,-23,-23,0,0,0,0,0,0,0,0,0,0,0,0,0,0,0,0,0,0,0,0,0,0,0,0,0,0,0,0,0,0,0,0,0,0,0,0,0,0,0,0,0,0,0,0,0,0,0,0,0,0,0,0,0,0,0,0,0,0,0,0,0,0,0,0,0,0,0,0,0,0,0,0,0,0,0,0,0,0,0,0,0,0,0,0,0,0,0,0,0,0,0,0,0,0,0,0,0,0,0,0,0,0,0,0,0,0,0,0,0,0,
Cash_94,-43.9,-43.9,-43.9,-43.9,-43.9,-43.9,-43.9,-43.9,-43.9,-43.9,-43.9,-43.9,-43.9,-43.9,-43.9,-43.9,-48.3,-48.3,-48.3,-48.3,-48.3,-48.3,-48.3,-48.3,-48.3,-48.3,-48.3,-48.3,-48.3,-48.3,-48.3,-48.3,-43.9,-43.9,-43.9,-43.9,-43.9,-43.9,-43.9,-43.9,-43.9,-43.9,-43.9,-43.9,-43.9,-43.9,-43.9,-43.9,-43.9,-43.9,-43.9,-43.9,-43.9,-43.9,-39.5,-39.5,-39.5,-39.5,-38.4,-38.4,-38.4,-38.4,-38.4,-38.4,-38.4,-38.4,-38.4,-38.4,-38.4,-38.4,-34,-34,-34,-34,-34,-34,-34,-34,-34,-34,-34,-34,-34,-34,-34,-34,-34,-34,-34,-34,-34,-34,-34,-38.4,-38.4,-38.4,-38.4,-38.4,-38.4,-38.4,-38.4,-38.4,-38.4,-38.4,-38.4,-38.4,-38.4,-38.4,-38.4,-38.4,-38.4,-38.4,-38.4,-38.4,-38.4,-38.4,-38.4,-38.4,-38.4,-38.4,-38.4,-38.4,-38.4,-38.4,-39.5,-39.5,-38.4,-38.4,-38.4,-38.4,-39.5,-39.5,-39.5,-39.5,-39.5,-38.4,-38.4,-43.9,-43.9,-43.9,-39.5,-39.5,-39.5,-39.5,-38.4,-38.4,-43.9,-43.9,-39.5,-39.5,-39.5,-39.5,-38.4,-38.4,-38.4,-38.4,-39.5,-39.5,-39.5,-39.5,-39.5,-38.4,-38.4,-38.4,-38.4,-34,-34,-34,-38.4,-38.4,-38.4,-38.4,-35.1,-34,-34,-34,-32.9,-31.8,-29.6,-29.6,-28.5,-28.5,-27.4,-25.2,-24.1,-24.1,-23,-23,-23,-23,-23,-24.1,0,0,0,0,0,0,0,0,0,0,0,0,0,0,0,0,0,0,0,0,0,0,0,0,0,0,0,0,0,0,0,0,0,0,0,0,0,0,0,0,0,0,0,0,0,0,0,0,0,0,0,0,0,0,0,0,0,0,0,0,0,0,0,0,0,0,0,0,0,0,0,0,0,0,0,0,0,0,0,0,0,0,0,0,0,0,0,0,0,0,0,0,0,0,0,0,0,0,0,0,0,0,0,0,0,0,0,0,0,
Cash_95,-45,-45,-45,-45,-45,-45,-45,-45,-45,-45,-45,-45,-45,-45,-45,-49.4,-49.4,-49.4,-49.4,-49.4,-49.4,-49.4,-49.4,-49.4,-49.4,-49.4,-49.4,-49.4,-49.4,-49.4,-49.4,-45,-45,-45,-45,-45,-45,-45,-45,-45,-45,-45,-45,-45,-45,-45,-45,-45,-45,-45,-45,-45,-45,-40.6,-39.5,-39.5,-39.5,-39.5,-39.5,-39.5,-39.5,-39.5,-39.5,-39.5,-39.5,-39.5,-39.5,-39.5,-39.5,-35.1,-35.1,-35.1,-35.1,-35.1,-35.1,-35.1,-35.1,-35.1,-35.1,-35.1,-35.1,-35.1,-35.1,-35.1,-35.1,-35.1,-35.1,-35.1,-35.1,-35.1,-35.1,-35.1,-39.5,-39.5,-39.5,-39.5,-39.5,-39.5,-39.5,-39.5,-39.5,-39.5,-39.5,-39.5,-39.5,-39.5,-39.5,-39.5,-39.5,-39.5,-39.5,-39.5,-39.5,-39.5,-39.5,-39.5,-39.5,-39.5,-39.5,-39.5,-39.5,-39.5,-39.5,-39.5,-39.5,-39.5,-39.5,-39.5,-39.5,-39.5,-39.5,-39.5,-39.5,-39.5,-39.5,-39.5,-39.5,-45,-45,-40.6,-40.6,-40.6,-39.5,-39.5,-39.5,-39.5,-45,-40.6,-40.6,-40.6,-39.5,-39.5,-39.5,-39.5,-39.5,-39.5,-39.5,-40.6,-40.6,-39.5,-39.5,-39.5,-39.5,-39.5,-35.1,-35.1,-35.1,-39.5,-39.5,-39.5,-39.5,-36.2,-35.1,-35.1,-35.1,-34,-32.9,-30.7,-30.7,-29.6,-29.6,-28.5,-26.3,-25.2,-25.2,-24.1,-24.1,-24.1,-24.1,-24.1,-24.1,-24.1,0,0,0,0,0,0,0,0,0,0,0,0,0,0,0,0,0,0,0,0,0,0,0,0,0,0,0,0,0,0,0,0,0,0,0,0,0,0,0,0,0,0,0,0,0,0,0,0,0,0,0,0,0,0,0,0,0,0,0,0,0,0,0,0,0,0,0,0,0,0,0,0,0,0,0,0,0,0,0,0,0,0,0,0,0,0,0,0,0,0,0,0,0,0,0,0,0,0,0,0,0,0,0,0,0,0,0,0,0,
Cash_96,-46.1,-46.1,-46.1,-46.1,-46.1,-46.1,-46.1,-46.1,-46.1,-46.1,-46.1,-46.1,-46.1,-46.1,-50.5,-50.5,-50.5,-50.5,-50.5,-50.5,-50.5,-50.5,-50.5,-50.5,-50.5,-50.5,-50.5,-50.5,-50.5,-50.5,-50.5,-46.1,-46.1,-46.1,-46.1,-46.1,-46.1,-46.1,-46.1,-46.1,-46.1,-46.1,-46.1,-46.1,-46.1,-46.1,-46.1,-46.1,-46.1,-46.1,-46.1,-46.1,-40.6,-40.6,-40.6,-40.6,-40.6,-40.6,-40.6,-40.6,-40.6,-40.6,-40.6,-40.6,-40.6,-40.6,-40.6,-40.6,-40.6,-36.2,-36.2,-36.2,-36.2,-36.2,-36.2,-36.2,-36.2,-36.2,-36.2,-36.2,-36.2,-36.2,-36.2,-36.2,-36.2,-36.2,-36.2,-36.2,-36.2,-36.2,-36.2,-40.6,-40.6,-40.6,-40.6,-40.6,-40.6,-40.6,-40.6,-40.6,-40.6,-40.6,-40.6,-40.6,-40.6,-40.6,-40.6,-40.6,-40.6,-40.6,-40.6,-40.6,-40.6,-40.6,-40.6,-40.6,-40.6,-40.6,-40.6,-40.6,-40.6,-40.6,-40.6,-40.6,-40.6,-40.6,-40.6,-40.6,-40.6,-40.6,-40.6,-40.6,-40.6,-40.6,-40.6,-40.6,-40.6,-40.6,-40.6,-40.6,-40.6,-40.6,-40.6,-40.6,-40.6,-40.6,-40.6,-40.6,-40.6,-40.6,-40.6,-40.6,-40.6,-40.6,-40.6,-40.6,-40.6,-40.6,-40.6,-40.6,-40.6,-40.6,-40.6,-36.2,-36.2,-36.2,-40.6,-40.6,-40.6,-40.6,-36.2,-36.2,-36.2,-36.2,-35.1,-34,-31.8,-31.8,-30.7,-30.7,-29.6,-27.4,-26.3,-26.3,-25.2,-25.2,-25.2,-25.2,-25.2,-25.2,-25.2,-25.2,0,0,0,0,0,0,0,0,0,0,0,0,0,0,0,0,0,0,0,0,0,0,0,0,0,0,0,0,0,0,0,0,0,0,0,0,0,0,0,0,0,0,0,0,0,0,0,0,0,0,0,0,0,0,0,0,0,0,0,0,0,0,0,0,0,0,0,0,0,0,0,0,0,0,0,0,0,0,0,0,0,0,0,0,0,0,0,0,0,0,0,0,0,0,0,0,0,0,0,0,0,0,0,0,0,0,0,0,0,
Cash_97,-47.2,-47.2,-47.2,-47.2,-47.2,-47.2,-47.2,-47.2,-47.2,-47.2,-47.2,-47.2,-51.6,-51.6,-51.6,-51.6,-51.6,-51.6,-51.6,-51.6,-51.6,-51.6,-51.6,-51.6,-51.6,-51.6,-51.6,-51.6,-51.6,-51.6,-51.6,-47.2,-47.2,-47.2,-47.2,-47.2,-47.2,-47.2,-47.2,-47.2,-47.2,-47.2,-47.2,-47.2,-47.2,-47.2,-47.2,-47.2,-47.2,-47.2,-41.7,-41.7,-41.7,-41.7,-41.7,-41.7,-41.7,-41.7,-41.7,-41.7,-41.7,-41.7,-41.7,-41.7,-41.7,-41.7,-41.7,-41.7,-41.7,-37.3,-37.3,-37.3,-37.3,-37.3,-37.3,-37.3,-37.3,-37.3,-37.3,-37.3,-37.3,-37.3,-37.3,-37.3,-37.3,-37.3,-37.3,-37.3,-37.3,-37.3,-41.7,-41.7,-41.7,-41.7,-41.7,-41.7,-41.7,-41.7,-41.7,-41.7,-41.7,-41.7,-41.7,-41.7,-41.7,-41.7,-41.7,-41.7,-41.7,-41.7,-41.7,-41.7,-41.7,-41.7,-41.7,-41.7,-41.7,-41.7,-41.7,-41.7,-41.7,-41.7,-41.7,-41.7,-41.7,-41.7,-41.7,-41.7,-41.7,-41.7,-41.7,-41.7,-41.7,-41.7,-41.7,-41.7,-41.7,-41.7,-41.7,-41.7,-41.7,-41.7,-41.7,-41.7,-41.7,-41.7,-41.7,-41.7,-41.7,-41.7,-41.7,-41.7,-41.7,-41.7,-41.7,-41.7,-41.7,-41.7,-41.7,-41.7,-41.7,-41.7,-37.3,-37.3,-37.3,-41.7,-41.7,-41.7,-41.7,-40.6,-37.3,-37.3,-37.3,-36.2,-36.2,-32.9,-32.9,-31.8,-31.8,-30.7,-28.5,-27.4,-26.3,-26.3,-26.3,-26.3,-26.3,-26.3,-26.3,-26.3,-26.3,-25.2,0,0,0,0,0,0,0,0,0,0,0,0,0,0,0,0,0,0,0,0,0,0,0,0,0,0,0,0,0,0,0,0,0,0,0,0,0,0,0,0,0,0,0,0,0,0,0,0,0,0,0,0,0,0,0,0,0,0,0,0,0,0,0,0,0,0,0,0,0,0,0,0,0,0,0,0,0,0,0,0,0,0,0,0,0,0,0,0,0,0,0,0,0,0,0,0,0,0,0,0,0,0,0,0,0,0,0,0,0,
Cash_98,-48.3,-48.3,-48.3,-48.3,-48.3,-48.3,-48.3,-48.3,-48.3,-48.3,-52.7,-52.7,-52.7,-52.7,-52.7,-52.7,-52.7,-52.7,-52.7,-52.7,-52.7,-52.7,-52.7,-52.7,-52.7,-52.7,-52.7,-52.7,-52.7,-52.7,-52.7,-48.3,-48.3,-48.3,-48.3,-48.3,-48.3,-48.3,-48.3,-48.3,-48.3,-48.3,-48.3,-48.3,-48.3,-48.3,-47.2,-47.2,-47.2,-42.8,-42.8,-42.8,-42.8,-42.8,-42.8,-42.8,-42.8,-42.8,-42.8,-42.8,-42.8,-42.8,-42.8,-42.8,-42.8,-42.8,-42.8,-42.8,-42.8,-38.4,-38.4,-38.4,-38.4,-38.4,-38.4,-38.4,-38.4,-37.3,-37.3,-37.3,-37.3,-37.3,-37.3,-37.3,-37.3,-37.3,-38.4,-38.4,-42.8,-42.8,-42.8,-42.8,-42.8,-42.8,-42.8,-42.8,-42.8,-42.8,-42.8,-42.8,-42.8,-42.8,-42.8,-42.8,-42.8,-42.8,-42.8,-42.8,-42.8,-42.8,-42.8,-42.8,-42.8,-42.8,-42.8,-42.8,-42.8,-42.8,-42.8,-42.8,-42.8,-42.8,-42.8,-42.8,-42.8,-42.8,-42.8,-42.8,-42.8,-42.8,-42.8,-42.8,-42.8,-42.8,-42.8,-42.8,-42.8,-42.8,-42.8,-42.8,-42.8,-42.8,-42.8,-42.8,-42.8,-42.8,-42.8,-42.8,-42.8,-42.8,-42.8,-42.8,-42.8,-42.8,-42.8,-42.8,-42.8,-42.8,-42.8,-42.8,-42.8,-38.4,-38.4,-38.4,-42.8,-42.8,-42.8,-42.8,-41.7,-38.4,-38.4,-38.4,-37.3,-37.3,-34,-34,-32.9,-32.9,-31.8,-29.6,-28.5,-27.4,-27.4,-27.4,-27.4,-27.4,-27.4,-27.4,-27.4,-27.4,-26.3,-23,-23,0,0,0,0,0,0,0,0,0,0,0,0,0,0,0,0,0,0,0,0,0,0,0,0,0,0,0,0,0,0,0,0,0,0,0,0,0,0,0,0,0,0,0,0,0,0,0,0,0,0,0,0,0,0,0,0,0,0,0,0,0,0,0,0,0,0,0,0,0,0,0,0,0,0,0,0,0,0,0,0,0,0,0,0,0,0,0,0,0,0,0,0,0,0,0,0,0,0,0,0,0,0,0,0,0,0,0,0,
Cash_99,-49.4,-49.4,-49.4,-49.4,-49.4,-49.4,-49.4,-49.4,-53.8,-53.8,-53.8,-53.8,-53.8,-53.8,-53.8,-53.8,-53.8,-53.8,-53.8,-53.8,-53.8,-53.8,-53.8,-53.8,-53.8,-53.8,-53.8,-53.8,-53.8,-53.8,-49.4,-49.4,-49.4,-49.4,-49.4,-49.4,-49.4,-49.4,-49.4,-49.4,-49.4,-49.4,-48.3,-48.3,-48.3,-48.3,-48.3,-48.3,-43.9,-43.9,-43.9,-43.9,-43.9,-43.9,-43.9,-43.9,-43.9,-43.9,-43.9,-43.9,-43.9,-43.9,-43.9,-43.9,-43.9,-43.9,-43.9,-43.9,-43.9,-39.5,-38.4,-38.4,-38.4,-38.4,-38.4,-38.4,-38.4,-38.4,-38.4,-38.4,-38.4,-38.4,-38.4,-38.4,-38.4,-38.4,-38.4,-43.9,-43.9,-43.9,-43.9,-43.9,-43.9,-43.9,-43.9,-43.9,-43.9,-43.9,-43.9,-43.9,-43.9,-43.9,-43.9,-43.9,-43.9,-43.9,-43.9,-43.9,-43.9,-43.9,-43.9,-43.9,-43.9,-43.9,-43.9,-43.9,-43.9,-43.9,-43.9,-43.9,-43.9,-43.9,-43.9,-43.9,-43.9,-43.9,-43.9,-43.9,-43.9,-43.9,-43.9,-43.9,-43.9,-43.9,-43.9,-43.9,-43.9,-43.9,-43.9,-43.9,-43.9,-43.9,-43.9,-43.9,-43.9,-43.9,-43.9,-43.9,-43.9,-43.9,-43.9,-43.9,-43.9,-43.9,-43.9,-43.9,-43.9,-43.9,-43.9,-43.9,-39.5,-39.5,-39.5,-43.9,-43.9,-43.9,-43.9,-42.8,-39.5,-39.5,-39.5,-38.4,-38.4,-35.1,-35.1,-34,-34,-32.9,-31.8,-29.6,-28.5,-28.5,-28.5,-28.5,-28.5,-28.5,-28.5,-28.5,-28.5,-27.4,-24.1,-24.1,-24.1,0,0,0,0,0,0,0,0,0,0,0,0,0,0,0,0,0,0,0,0,0,0,0,0,0,0,0,0,0,0,0,0,0,0,0,0,0,0,0,0,0,0,0,0,0,0,0,0,0,0,0,0,0,0,0,0,0,0,0,0,0,0,0,0,0,0,0,0,0,0,0,0,0,0,0,0,0,0,0,0,0,0,0,0,0,0,0,0,0,0,0,0,0,0,0,0,0,0,0,0,0,0,0,0,0,0,0,0,
Cash_100,-49.4,-49.4,-50.5,-50.5,-50.5,-50.5,-50.5,-54.9,-54.9,-54.9,-54.9,-54.9,-54.9,-54.9,-54.9,-54.9,-54.9,-54.9,-54.9,-54.9,-54.9,-54.9,-54.9,-54.9,-54.9,-54.9,-54.9,-54.9,-54.9,-54.9,-50.5,-50.5,-50.5,-50.5,-50.5,-50.5,-50.5,-49.4,-49.4,-49.4,-49.4,-49.4,-49.4,-49.4,-49.4,-49.4,-49.4,-45,-45,-45,-45,-45,-45,-45,-45,-45,-45,-45,-45,-45,-45,-45,-45,-45,-45,-45,-45,-45,-39.5,-39.5,-39.5,-39.5,-39.5,-39.5,-39.5,-39.5,-39.5,-39.5,-39.5,-39.5,-39.5,-39.5,-39.5,-39.5,-39.5,-39.5,-43.9,-43.9,-43.9,-43.9,-45,-45,-45,-45,-45,-45,-45,-45,-45,-45,-45,-45,-45,-45,-45,-45,-45,-45,-45,-45,-45,-45,-45,-45,-45,-45,-45,-45,-45,-45,-45,-45,-45,-45,-45,-45,-45,-45,-45,-45,-45,-45,-45,-45,-45,-45,-45,-45,-45,-45,-45,-45,-45,-45,-45,-45,-45,-45,-45,-45,-45,-45,-45,-45,-45,-45,-45,-45,-45,-40.6,-40.6,-40.6,-45,-45,-45,-45,-43.9,-40.6,-40.6,-40.6,-39.5,-39.5,-37.3,-36.2,-35.1,-35.1,-34,-32.9,-30.7,-29.6,-29.6,-29.6,-29.6,-29.6,-29.6,-29.6,-29.6,-29.6,-28.5,-27.4,-25.2,-25.2,-24.1,0,0,0,0,0,0,0,0,0,0,0,0,0,0,0,0,0,0,0,0,0,0,0,0,0,0,0,0,0,0,0,0,0,0,0,0,0,0,0,0,0,0,0,0,0,0,0,0,0,0,0,0,0,0,0,0,0,0,0,0,0,0,0,0,0,0,0,0,0,0,0,0,0,0,0,0,0,0,0,0,0,0,0,0,0,0,0,0,0,0,0,0,0,0,0,0,0,0,0,0,0,0,0,0,0,0,0,0,
